ISO-10303-21;
HEADER;
/* Generated by software containing ST-Developer
 * from STEP Tools, Inc. (www.steptools.com) 
 */
/* OPTION: using custom renumber hook */

FILE_DESCRIPTION(
/* description */ ('STEP AP242',
'CAx-IF Rec.Pracs.---Representation and Presentation of Product Manufa
cturing Information (PMI)---4.0---2014-10-13',
'CAx-IF Rec.Pracs.---3D Tessellated Geometry---0.4---2014-09-14','2;1'),

/* implementation_level */ '2;1');

FILE_NAME(
/* name */ '68622376ad1e0048620da587',
/* time_stamp */ '2025-06-30T05:41:11Z',
/* author */ (''),
/* organization */ (''),
/* preprocessor_version */ 'ST-DEVELOPER v20',
/* originating_system */ 'ONSHAPE BY PTC INC, 1.200',
/* authorisation */ '  ');

FILE_SCHEMA (('AP242_MANAGED_MODEL_BASED_3D_ENGINEERING_MIM_LF { 1 0 10303 442 1 1 4 }'));
ENDSEC;

DATA;
#10=SHAPE_REPRESENTATION_RELATIONSHIP('','',#7189,#11);
#11=ADVANCED_BREP_SHAPE_REPRESENTATION('',(#7187),#12721);
#12=CYLINDRICAL_SURFACE('',#7254,0.00173634063511091);
#13=CYLINDRICAL_SURFACE('',#7259,0.00173634063511097);
#14=CYLINDRICAL_SURFACE('',#7281,0.00173198416870272);
#15=CYLINDRICAL_SURFACE('',#7294,0.00173198416870297);
#16=CYLINDRICAL_SURFACE('',#7307,0.00168827807013702);
#17=CYLINDRICAL_SURFACE('',#7315,0.00173634063511085);
#18=CYLINDRICAL_SURFACE('',#7320,0.00173634063511076);
#19=CYLINDRICAL_SURFACE('',#7369,0.00168827807013739);
#20=CYLINDRICAL_SURFACE('',#7380,0.005);
#21=CYLINDRICAL_SURFACE('',#7383,0.005);
#22=CIRCLE('',#7232,0.00173634063511091);
#23=CIRCLE('',#7233,0.00173634063511097);
#24=CIRCLE('',#7236,0.00173198416870272);
#25=CIRCLE('',#7238,0.00173198416870297);
#26=CIRCLE('',#7241,0.00168827807013702);
#27=CIRCLE('',#7243,0.00173634063511085);
#28=CIRCLE('',#7244,0.00173634063511076);
#29=CIRCLE('',#7250,0.00168827807013739);
#30=CIRCLE('',#7255,0.00173634063511091);
#31=CIRCLE('',#7260,0.00173634063511097);
#32=CIRCLE('',#7282,0.00173198416870272);
#33=CIRCLE('',#7295,0.00173198416870297);
#34=CIRCLE('',#7308,0.00168827807013702);
#35=CIRCLE('',#7316,0.00173634063511085);
#36=CIRCLE('',#7321,0.00173634063511076);
#37=CIRCLE('',#7370,0.00168827807013739);
#38=CIRCLE('',#7381,0.005);
#39=CIRCLE('',#7382,0.005);
#40=CIRCLE('',#7384,0.005);
#41=CIRCLE('',#7385,0.005);
#42=B_SPLINE_SURFACE_WITH_KNOTS('',3,1,((#8744,#8745),(#8746,#8747),(#8748,
#8749),(#8750,#8751)),.SURF_OF_LINEAR_EXTRUSION.,.F.,.F.,.F.,(4,4),(2,2),
(0.,1.),(0.,1.),.PIECEWISE_BEZIER_KNOTS.);
#43=B_SPLINE_SURFACE_WITH_KNOTS('',3,1,((#8759,#8760),(#8761,#8762),(#8763,
#8764),(#8765,#8766)),.SURF_OF_LINEAR_EXTRUSION.,.F.,.F.,.F.,(4,4),(2,2),
(0.,1.),(0.,1.),.PIECEWISE_BEZIER_KNOTS.);
#44=B_SPLINE_SURFACE_WITH_KNOTS('',3,1,((#8776,#8777),(#8778,#8779),(#8780,
#8781),(#8782,#8783)),.SURF_OF_LINEAR_EXTRUSION.,.F.,.F.,.F.,(4,4),(2,2),
(0.,1.),(0.,1.),.PIECEWISE_BEZIER_KNOTS.);
#45=B_SPLINE_SURFACE_WITH_KNOTS('',3,1,((#8789,#8790),(#8791,#8792),(#8793,
#8794),(#8795,#8796)),.SURF_OF_LINEAR_EXTRUSION.,.F.,.F.,.F.,(4,4),(2,2),
(0.,1.),(0.,1.),.PIECEWISE_BEZIER_KNOTS.);
#46=B_SPLINE_SURFACE_WITH_KNOTS('',3,1,((#8806,#8807),(#8808,#8809),(#8810,
#8811),(#8812,#8813)),.SURF_OF_LINEAR_EXTRUSION.,.F.,.F.,.F.,(4,4),(2,2),
(0.,1.),(0.,1.),.PIECEWISE_BEZIER_KNOTS.);
#47=B_SPLINE_SURFACE_WITH_KNOTS('',3,1,((#8823,#8824),(#8825,#8826),(#8827,
#8828),(#8829,#8830)),.SURF_OF_LINEAR_EXTRUSION.,.F.,.F.,.F.,(4,4),(2,2),
(0.,1.),(0.,1.),.PIECEWISE_BEZIER_KNOTS.);
#48=B_SPLINE_SURFACE_WITH_KNOTS('',3,1,((#8838,#8839),(#8840,#8841),(#8842,
#8843),(#8844,#8845)),.SURF_OF_LINEAR_EXTRUSION.,.F.,.F.,.F.,(4,4),(2,2),
(0.,1.),(0.,1.),.PIECEWISE_BEZIER_KNOTS.);
#49=B_SPLINE_SURFACE_WITH_KNOTS('',3,1,((#8857,#8858),(#8859,#8860),(#8861,
#8862),(#8863,#8864)),.SURF_OF_LINEAR_EXTRUSION.,.F.,.F.,.F.,(4,4),(2,2),
(0.,1.),(0.,1.),.PIECEWISE_BEZIER_KNOTS.);
#50=B_SPLINE_SURFACE_WITH_KNOTS('',3,1,((#8870,#8871),(#8872,#8873),(#8874,
#8875),(#8876,#8877)),.SURF_OF_LINEAR_EXTRUSION.,.F.,.F.,.F.,(4,4),(2,2),
(0.,1.),(0.,1.),.PIECEWISE_BEZIER_KNOTS.);
#51=B_SPLINE_SURFACE_WITH_KNOTS('',3,1,((#8887,#8888),(#8889,#8890),(#8891,
#8892),(#8893,#8894)),.SURF_OF_LINEAR_EXTRUSION.,.F.,.F.,.F.,(4,4),(2,2),
(0.,1.),(0.,1.),.PIECEWISE_BEZIER_KNOTS.);
#52=B_SPLINE_SURFACE_WITH_KNOTS('',3,1,((#8900,#8901),(#8902,#8903),(#8904,
#8905),(#8906,#8907)),.SURF_OF_LINEAR_EXTRUSION.,.F.,.F.,.F.,(4,4),(2,2),
(0.,1.),(0.,1.),.PIECEWISE_BEZIER_KNOTS.);
#53=B_SPLINE_SURFACE_WITH_KNOTS('',3,1,((#8917,#8918),(#8919,#8920),(#8921,
#8922),(#8923,#8924)),.SURF_OF_LINEAR_EXTRUSION.,.F.,.F.,.F.,(4,4),(2,2),
(0.,1.),(0.,1.),.PIECEWISE_BEZIER_KNOTS.);
#54=B_SPLINE_SURFACE_WITH_KNOTS('',3,1,((#8932,#8933),(#8934,#8935),(#8936,
#8937),(#8938,#8939)),.SURF_OF_LINEAR_EXTRUSION.,.F.,.F.,.F.,(4,4),(2,2),
(0.,1.),(0.,1.),.PIECEWISE_BEZIER_KNOTS.);
#55=B_SPLINE_SURFACE_WITH_KNOTS('',3,1,((#8951,#8952),(#8953,#8954),(#8955,
#8956),(#8957,#8958)),.SURF_OF_LINEAR_EXTRUSION.,.F.,.F.,.F.,(4,4),(2,2),
(0.,1.),(0.,1.),.PIECEWISE_BEZIER_KNOTS.);
#56=B_SPLINE_SURFACE_WITH_KNOTS('',3,1,((#8964,#8965),(#8966,#8967),(#8968,
#8969),(#8970,#8971)),.SURF_OF_LINEAR_EXTRUSION.,.F.,.F.,.F.,(4,4),(2,2),
(0.,1.),(0.,1.),.PIECEWISE_BEZIER_KNOTS.);
#57=B_SPLINE_SURFACE_WITH_KNOTS('',3,1,((#8981,#8982),(#8983,#8984),(#8985,
#8986),(#8987,#8988)),.SURF_OF_LINEAR_EXTRUSION.,.F.,.F.,.F.,(4,4),(2,2),
(0.,1.),(0.,1.),.PIECEWISE_BEZIER_KNOTS.);
#58=B_SPLINE_SURFACE_WITH_KNOTS('',3,1,((#8994,#8995),(#8996,#8997),(#8998,
#8999),(#9000,#9001)),.SURF_OF_LINEAR_EXTRUSION.,.F.,.F.,.F.,(4,4),(2,2),
(0.,1.),(0.,1.),.PIECEWISE_BEZIER_KNOTS.);
#59=B_SPLINE_SURFACE_WITH_KNOTS('',3,1,((#9011,#9012),(#9013,#9014),(#9015,
#9016),(#9017,#9018)),.SURF_OF_LINEAR_EXTRUSION.,.F.,.F.,.F.,(4,4),(2,2),
(0.,1.),(0.,1.),.PIECEWISE_BEZIER_KNOTS.);
#60=B_SPLINE_SURFACE_WITH_KNOTS('',3,1,((#9026,#9027),(#9028,#9029),(#9030,
#9031),(#9032,#9033)),.SURF_OF_LINEAR_EXTRUSION.,.F.,.F.,.F.,(4,4),(2,2),
(0.,1.),(0.,1.),.PIECEWISE_BEZIER_KNOTS.);
#61=B_SPLINE_SURFACE_WITH_KNOTS('',3,1,((#9045,#9046),(#9047,#9048),(#9049,
#9050),(#9051,#9052)),.SURF_OF_LINEAR_EXTRUSION.,.F.,.F.,.F.,(4,4),(2,2),
(0.,1.),(0.,1.),.PIECEWISE_BEZIER_KNOTS.);
#62=B_SPLINE_SURFACE_WITH_KNOTS('',3,1,((#9058,#9059),(#9060,#9061),(#9062,
#9063),(#9064,#9065)),.SURF_OF_LINEAR_EXTRUSION.,.F.,.F.,.F.,(4,4),(2,2),
(0.,1.),(0.,1.),.PIECEWISE_BEZIER_KNOTS.);
#63=B_SPLINE_SURFACE_WITH_KNOTS('',3,1,((#9075,#9076),(#9077,#9078),(#9079,
#9080),(#9081,#9082)),.SURF_OF_LINEAR_EXTRUSION.,.F.,.F.,.F.,(4,4),(2,2),
(0.,1.),(0.,1.),.PIECEWISE_BEZIER_KNOTS.);
#64=B_SPLINE_SURFACE_WITH_KNOTS('',3,1,((#9088,#9089),(#9090,#9091),(#9092,
#9093),(#9094,#9095)),.SURF_OF_LINEAR_EXTRUSION.,.F.,.F.,.F.,(4,4),(2,2),
(0.,1.),(0.,1.),.PIECEWISE_BEZIER_KNOTS.);
#65=B_SPLINE_SURFACE_WITH_KNOTS('',3,1,((#9105,#9106),(#9107,#9108),(#9109,
#9110),(#9111,#9112)),.SURF_OF_LINEAR_EXTRUSION.,.F.,.F.,.F.,(4,4),(2,2),
(0.,1.),(0.,1.),.PIECEWISE_BEZIER_KNOTS.);
#66=B_SPLINE_SURFACE_WITH_KNOTS('',3,1,((#9120,#9121),(#9122,#9123),(#9124,
#9125),(#9126,#9127)),.SURF_OF_LINEAR_EXTRUSION.,.F.,.F.,.F.,(4,4),(2,2),
(0.,1.),(0.,1.),.PIECEWISE_BEZIER_KNOTS.);
#67=B_SPLINE_SURFACE_WITH_KNOTS('',3,1,((#9135,#9136),(#9137,#9138),(#9139,
#9140),(#9141,#9142)),.SURF_OF_LINEAR_EXTRUSION.,.F.,.F.,.F.,(4,4),(2,2),
(0.,1.),(0.,1.),.PIECEWISE_BEZIER_KNOTS.);
#68=B_SPLINE_SURFACE_WITH_KNOTS('',3,1,((#9152,#9153),(#9154,#9155),(#9156,
#9157),(#9158,#9159)),.SURF_OF_LINEAR_EXTRUSION.,.F.,.F.,.F.,(4,4),(2,2),
(0.,1.),(0.,1.),.PIECEWISE_BEZIER_KNOTS.);
#69=B_SPLINE_SURFACE_WITH_KNOTS('',3,1,((#9165,#9166),(#9167,#9168),(#9169,
#9170),(#9171,#9172)),.SURF_OF_LINEAR_EXTRUSION.,.F.,.F.,.F.,(4,4),(2,2),
(0.,1.),(0.,1.),.PIECEWISE_BEZIER_KNOTS.);
#70=B_SPLINE_SURFACE_WITH_KNOTS('',3,1,((#9182,#9183),(#9184,#9185),(#9186,
#9187),(#9188,#9189)),.SURF_OF_LINEAR_EXTRUSION.,.F.,.F.,.F.,(4,4),(2,2),
(0.,1.),(0.,1.),.PIECEWISE_BEZIER_KNOTS.);
#71=B_SPLINE_SURFACE_WITH_KNOTS('',3,1,((#9199,#9200),(#9201,#9202),(#9203,
#9204),(#9205,#9206)),.SURF_OF_LINEAR_EXTRUSION.,.F.,.F.,.F.,(4,4),(2,2),
(0.,1.),(0.,1.),.PIECEWISE_BEZIER_KNOTS.);
#72=B_SPLINE_SURFACE_WITH_KNOTS('',3,1,((#9214,#9215),(#9216,#9217),(#9218,
#9219),(#9220,#9221)),.SURF_OF_LINEAR_EXTRUSION.,.F.,.F.,.F.,(4,4),(2,2),
(0.,1.),(0.,1.),.PIECEWISE_BEZIER_KNOTS.);
#73=B_SPLINE_SURFACE_WITH_KNOTS('',3,1,((#9229,#9230),(#9231,#9232),(#9233,
#9234),(#9235,#9236)),.SURF_OF_LINEAR_EXTRUSION.,.F.,.F.,.F.,(4,4),(2,2),
(0.,1.),(0.,1.),.PIECEWISE_BEZIER_KNOTS.);
#74=B_SPLINE_SURFACE_WITH_KNOTS('',3,1,((#9246,#9247),(#9248,#9249),(#9250,
#9251),(#9252,#9253)),.SURF_OF_LINEAR_EXTRUSION.,.F.,.F.,.F.,(4,4),(2,2),
(0.,1.),(0.,1.),.PIECEWISE_BEZIER_KNOTS.);
#75=B_SPLINE_SURFACE_WITH_KNOTS('',3,1,((#9259,#9260),(#9261,#9262),(#9263,
#9264),(#9265,#9266)),.SURF_OF_LINEAR_EXTRUSION.,.F.,.F.,.F.,(4,4),(2,2),
(0.,1.),(0.,1.),.PIECEWISE_BEZIER_KNOTS.);
#76=B_SPLINE_SURFACE_WITH_KNOTS('',3,1,((#9276,#9277),(#9278,#9279),(#9280,
#9281),(#9282,#9283)),.SURF_OF_LINEAR_EXTRUSION.,.F.,.F.,.F.,(4,4),(2,2),
(0.,1.),(0.,1.),.PIECEWISE_BEZIER_KNOTS.);
#77=B_SPLINE_SURFACE_WITH_KNOTS('',3,1,((#9293,#9294),(#9295,#9296),(#9297,
#9298),(#9299,#9300)),.SURF_OF_LINEAR_EXTRUSION.,.F.,.F.,.F.,(4,4),(2,2),
(0.,1.),(0.,1.),.PIECEWISE_BEZIER_KNOTS.);
#78=B_SPLINE_SURFACE_WITH_KNOTS('',3,1,((#9308,#9309),(#9310,#9311),(#9312,
#9313),(#9314,#9315)),.SURF_OF_LINEAR_EXTRUSION.,.F.,.F.,.F.,(4,4),(2,2),
(0.,1.),(0.,1.),.PIECEWISE_BEZIER_KNOTS.);
#79=B_SPLINE_SURFACE_WITH_KNOTS('',3,1,((#9323,#9324),(#9325,#9326),(#9327,
#9328),(#9329,#9330)),.SURF_OF_LINEAR_EXTRUSION.,.F.,.F.,.F.,(4,4),(2,2),
(0.,1.),(0.,1.),.PIECEWISE_BEZIER_KNOTS.);
#80=B_SPLINE_SURFACE_WITH_KNOTS('',3,1,((#9340,#9341),(#9342,#9343),(#9344,
#9345),(#9346,#9347)),.SURF_OF_LINEAR_EXTRUSION.,.F.,.F.,.F.,(4,4),(2,2),
(0.,1.),(0.,1.),.PIECEWISE_BEZIER_KNOTS.);
#81=B_SPLINE_SURFACE_WITH_KNOTS('',3,1,((#9353,#9354),(#9355,#9356),(#9357,
#9358),(#9359,#9360)),.SURF_OF_LINEAR_EXTRUSION.,.F.,.F.,.F.,(4,4),(2,2),
(0.,1.),(0.,1.),.PIECEWISE_BEZIER_KNOTS.);
#82=B_SPLINE_SURFACE_WITH_KNOTS('',3,1,((#9370,#9371),(#9372,#9373),(#9374,
#9375),(#9376,#9377)),.SURF_OF_LINEAR_EXTRUSION.,.F.,.F.,.F.,(4,4),(2,2),
(0.,1.),(0.,1.),.PIECEWISE_BEZIER_KNOTS.);
#83=B_SPLINE_SURFACE_WITH_KNOTS('',3,1,((#9387,#9388),(#9389,#9390),(#9391,
#9392),(#9393,#9394)),.SURF_OF_LINEAR_EXTRUSION.,.F.,.F.,.F.,(4,4),(2,2),
(0.,1.),(0.,1.),.PIECEWISE_BEZIER_KNOTS.);
#84=B_SPLINE_SURFACE_WITH_KNOTS('',3,1,((#9402,#9403),(#9404,#9405),(#9406,
#9407),(#9408,#9409)),.SURF_OF_LINEAR_EXTRUSION.,.F.,.F.,.F.,(4,4),(2,2),
(0.,1.),(0.,1.),.PIECEWISE_BEZIER_KNOTS.);
#85=B_SPLINE_SURFACE_WITH_KNOTS('',3,1,((#9417,#9418),(#9419,#9420),(#9421,
#9422),(#9423,#9424)),.SURF_OF_LINEAR_EXTRUSION.,.F.,.F.,.F.,(4,4),(2,2),
(0.,1.),(0.,1.),.PIECEWISE_BEZIER_KNOTS.);
#86=B_SPLINE_SURFACE_WITH_KNOTS('',3,1,((#9434,#9435),(#9436,#9437),(#9438,
#9439),(#9440,#9441)),.SURF_OF_LINEAR_EXTRUSION.,.F.,.F.,.F.,(4,4),(2,2),
(0.,1.),(0.,1.),.PIECEWISE_BEZIER_KNOTS.);
#87=B_SPLINE_SURFACE_WITH_KNOTS('',3,1,((#9447,#9448),(#9449,#9450),(#9451,
#9452),(#9453,#9454)),.SURF_OF_LINEAR_EXTRUSION.,.F.,.F.,.F.,(4,4),(2,2),
(0.,1.),(0.,1.),.PIECEWISE_BEZIER_KNOTS.);
#88=B_SPLINE_SURFACE_WITH_KNOTS('',3,1,((#9464,#9465),(#9466,#9467),(#9468,
#9469),(#9470,#9471)),.SURF_OF_LINEAR_EXTRUSION.,.F.,.F.,.F.,(4,4),(2,2),
(0.,1.),(0.,1.),.PIECEWISE_BEZIER_KNOTS.);
#89=B_SPLINE_SURFACE_WITH_KNOTS('',3,1,((#9477,#9478),(#9479,#9480),(#9481,
#9482),(#9483,#9484)),.SURF_OF_LINEAR_EXTRUSION.,.F.,.F.,.F.,(4,4),(2,2),
(0.,1.),(0.,1.),.PIECEWISE_BEZIER_KNOTS.);
#90=B_SPLINE_SURFACE_WITH_KNOTS('',3,1,((#9494,#9495),(#9496,#9497),(#9498,
#9499),(#9500,#9501)),.SURF_OF_LINEAR_EXTRUSION.,.F.,.F.,.F.,(4,4),(2,2),
(0.,1.),(0.,1.),.PIECEWISE_BEZIER_KNOTS.);
#91=B_SPLINE_SURFACE_WITH_KNOTS('',3,1,((#9507,#9508),(#9509,#9510),(#9511,
#9512),(#9513,#9514)),.SURF_OF_LINEAR_EXTRUSION.,.F.,.F.,.F.,(4,4),(2,2),
(0.,1.),(0.,1.),.PIECEWISE_BEZIER_KNOTS.);
#92=B_SPLINE_SURFACE_WITH_KNOTS('',3,1,((#10347,#10348),(#10349,#10350),
(#10351,#10352),(#10353,#10354)),.SURF_OF_LINEAR_EXTRUSION.,.F.,.F.,.F.,
(4,4),(2,2),(0.,1.),(0.,1.),.PIECEWISE_BEZIER_KNOTS.);
#93=B_SPLINE_SURFACE_WITH_KNOTS('',3,1,((#10368,#10369),(#10370,#10371),
(#10372,#10373),(#10374,#10375)),.SURF_OF_LINEAR_EXTRUSION.,.F.,.F.,.F.,
(4,4),(2,2),(0.,1.),(0.,1.),.PIECEWISE_BEZIER_KNOTS.);
#94=B_SPLINE_SURFACE_WITH_KNOTS('',3,1,((#10381,#10382),(#10383,#10384),
(#10385,#10386),(#10387,#10388)),.SURF_OF_LINEAR_EXTRUSION.,.F.,.F.,.F.,
(4,4),(2,2),(0.,1.),(0.,1.),.PIECEWISE_BEZIER_KNOTS.);
#95=B_SPLINE_SURFACE_WITH_KNOTS('',3,1,((#10398,#10399),(#10400,#10401),
(#10402,#10403),(#10404,#10405)),.SURF_OF_LINEAR_EXTRUSION.,.F.,.F.,.F.,
(4,4),(2,2),(0.,1.),(0.,1.),.PIECEWISE_BEZIER_KNOTS.);
#96=B_SPLINE_SURFACE_WITH_KNOTS('',3,1,((#10411,#10412),(#10413,#10414),
(#10415,#10416),(#10417,#10418)),.SURF_OF_LINEAR_EXTRUSION.,.F.,.F.,.F.,
(4,4),(2,2),(0.,1.),(0.,1.),.PIECEWISE_BEZIER_KNOTS.);
#97=B_SPLINE_SURFACE_WITH_KNOTS('',3,1,((#10432,#10433),(#10434,#10435),
(#10436,#10437),(#10438,#10439)),.SURF_OF_LINEAR_EXTRUSION.,.F.,.F.,.F.,
(4,4),(2,2),(0.,1.),(0.,1.),.PIECEWISE_BEZIER_KNOTS.);
#98=B_SPLINE_SURFACE_WITH_KNOTS('',3,1,((#10453,#10454),(#10455,#10456),
(#10457,#10458),(#10459,#10460)),.SURF_OF_LINEAR_EXTRUSION.,.F.,.F.,.F.,
(4,4),(2,2),(0.,1.),(0.,1.),.PIECEWISE_BEZIER_KNOTS.);
#99=B_SPLINE_SURFACE_WITH_KNOTS('',3,1,((#10470,#10471),(#10472,#10473),
(#10474,#10475),(#10476,#10477)),.SURF_OF_LINEAR_EXTRUSION.,.F.,.F.,.F.,
(4,4),(2,2),(0.,1.),(0.,1.),.PIECEWISE_BEZIER_KNOTS.);
#100=B_SPLINE_SURFACE_WITH_KNOTS('',3,1,((#10487,#10488),(#10489,#10490),
(#10491,#10492),(#10493,#10494)),.SURF_OF_LINEAR_EXTRUSION.,.F.,.F.,.F.,
(4,4),(2,2),(0.,1.),(0.,1.),.PIECEWISE_BEZIER_KNOTS.);
#101=B_SPLINE_SURFACE_WITH_KNOTS('',3,1,((#10504,#10505),(#10506,#10507),
(#10508,#10509),(#10510,#10511)),.SURF_OF_LINEAR_EXTRUSION.,.F.,.F.,.F.,
(4,4),(2,2),(0.,1.),(0.,1.),.PIECEWISE_BEZIER_KNOTS.);
#102=B_SPLINE_SURFACE_WITH_KNOTS('',3,1,((#10515,#10516),(#10517,#10518),
(#10519,#10520),(#10521,#10522)),.SURF_OF_LINEAR_EXTRUSION.,.F.,.F.,.F.,
(4,4),(2,2),(0.,1.),(0.,1.),.PIECEWISE_BEZIER_KNOTS.);
#103=B_SPLINE_SURFACE_WITH_KNOTS('',3,1,((#10534,#10535),(#10536,#10537),
(#10538,#10539),(#10540,#10541)),.SURF_OF_LINEAR_EXTRUSION.,.F.,.F.,.F.,
(4,4),(2,2),(0.,1.),(0.,1.),.PIECEWISE_BEZIER_KNOTS.);
#104=B_SPLINE_SURFACE_WITH_KNOTS('',3,1,((#10551,#10552),(#10553,#10554),
(#10555,#10556),(#10557,#10558)),.SURF_OF_LINEAR_EXTRUSION.,.F.,.F.,.F.,
(4,4),(2,2),(0.,1.),(0.,1.),.PIECEWISE_BEZIER_KNOTS.);
#105=B_SPLINE_SURFACE_WITH_KNOTS('',3,1,((#10564,#10565),(#10566,#10567),
(#10568,#10569),(#10570,#10571)),.SURF_OF_LINEAR_EXTRUSION.,.F.,.F.,.F.,
(4,4),(2,2),(0.,1.),(0.,1.),.PIECEWISE_BEZIER_KNOTS.);
#106=B_SPLINE_SURFACE_WITH_KNOTS('',3,1,((#10581,#10582),(#10583,#10584),
(#10585,#10586),(#10587,#10588)),.SURF_OF_LINEAR_EXTRUSION.,.F.,.F.,.F.,
(4,4),(2,2),(0.,1.),(0.,1.),.PIECEWISE_BEZIER_KNOTS.);
#107=B_SPLINE_SURFACE_WITH_KNOTS('',3,1,((#10598,#10599),(#10600,#10601),
(#10602,#10603),(#10604,#10605)),.SURF_OF_LINEAR_EXTRUSION.,.F.,.F.,.F.,
(4,4),(2,2),(0.,1.),(0.,1.),.PIECEWISE_BEZIER_KNOTS.);
#108=B_SPLINE_SURFACE_WITH_KNOTS('',3,1,((#10615,#10616),(#10617,#10618),
(#10619,#10620),(#10621,#10622)),.SURF_OF_LINEAR_EXTRUSION.,.F.,.F.,.F.,
(4,4),(2,2),(0.,1.),(0.,1.),.PIECEWISE_BEZIER_KNOTS.);
#109=B_SPLINE_SURFACE_WITH_KNOTS('',3,1,((#10628,#10629),(#10630,#10631),
(#10632,#10633),(#10634,#10635)),.SURF_OF_LINEAR_EXTRUSION.,.F.,.F.,.F.,
(4,4),(2,2),(0.,1.),(0.,1.),.PIECEWISE_BEZIER_KNOTS.);
#110=B_SPLINE_SURFACE_WITH_KNOTS('',3,1,((#10645,#10646),(#10647,#10648),
(#10649,#10650),(#10651,#10652)),.SURF_OF_LINEAR_EXTRUSION.,.F.,.F.,.F.,
(4,4),(2,2),(0.,1.),(0.,1.),.PIECEWISE_BEZIER_KNOTS.);
#111=B_SPLINE_SURFACE_WITH_KNOTS('',3,1,((#10658,#10659),(#10660,#10661),
(#10662,#10663),(#10664,#10665)),.SURF_OF_LINEAR_EXTRUSION.,.F.,.F.,.F.,
(4,4),(2,2),(0.,1.),(0.,1.),.PIECEWISE_BEZIER_KNOTS.);
#112=B_SPLINE_SURFACE_WITH_KNOTS('',3,1,((#10675,#10676),(#10677,#10678),
(#10679,#10680),(#10681,#10682)),.SURF_OF_LINEAR_EXTRUSION.,.F.,.F.,.F.,
(4,4),(2,2),(0.,1.),(0.,1.),.PIECEWISE_BEZIER_KNOTS.);
#113=B_SPLINE_SURFACE_WITH_KNOTS('',3,1,((#10688,#10689),(#10690,#10691),
(#10692,#10693),(#10694,#10695)),.SURF_OF_LINEAR_EXTRUSION.,.F.,.F.,.F.,
(4,4),(2,2),(0.,1.),(0.,1.),.PIECEWISE_BEZIER_KNOTS.);
#114=B_SPLINE_SURFACE_WITH_KNOTS('',3,1,((#10705,#10706),(#10707,#10708),
(#10709,#10710),(#10711,#10712)),.SURF_OF_LINEAR_EXTRUSION.,.F.,.F.,.F.,
(4,4),(2,2),(0.,1.),(0.,1.),.PIECEWISE_BEZIER_KNOTS.);
#115=B_SPLINE_SURFACE_WITH_KNOTS('',3,1,((#10716,#10717),(#10718,#10719),
(#10720,#10721),(#10722,#10723)),.SURF_OF_LINEAR_EXTRUSION.,.F.,.F.,.F.,
(4,4),(2,2),(0.,1.),(0.,1.),.PIECEWISE_BEZIER_KNOTS.);
#116=B_SPLINE_SURFACE_WITH_KNOTS('',3,1,((#10739,#10740),(#10741,#10742),
(#10743,#10744),(#10745,#10746)),.SURF_OF_LINEAR_EXTRUSION.,.F.,.F.,.F.,
(4,4),(2,2),(0.,1.),(0.,1.),.PIECEWISE_BEZIER_KNOTS.);
#117=B_SPLINE_SURFACE_WITH_KNOTS('',3,1,((#10756,#10757),(#10758,#10759),
(#10760,#10761),(#10762,#10763)),.SURF_OF_LINEAR_EXTRUSION.,.F.,.F.,.F.,
(4,4),(2,2),(0.,1.),(0.,1.),.PIECEWISE_BEZIER_KNOTS.);
#118=B_SPLINE_SURFACE_WITH_KNOTS('',3,1,((#10773,#10774),(#10775,#10776),
(#10777,#10778),(#10779,#10780)),.SURF_OF_LINEAR_EXTRUSION.,.F.,.F.,.F.,
(4,4),(2,2),(0.,1.),(0.,1.),.PIECEWISE_BEZIER_KNOTS.);
#119=B_SPLINE_SURFACE_WITH_KNOTS('',3,1,((#10790,#10791),(#10792,#10793),
(#10794,#10795),(#10796,#10797)),.SURF_OF_LINEAR_EXTRUSION.,.F.,.F.,.F.,
(4,4),(2,2),(0.,1.),(0.,1.),.PIECEWISE_BEZIER_KNOTS.);
#120=B_SPLINE_SURFACE_WITH_KNOTS('',3,1,((#10803,#10804),(#10805,#10806),
(#10807,#10808),(#10809,#10810)),.SURF_OF_LINEAR_EXTRUSION.,.F.,.F.,.F.,
(4,4),(2,2),(0.,1.),(0.,1.),.PIECEWISE_BEZIER_KNOTS.);
#121=B_SPLINE_SURFACE_WITH_KNOTS('',3,1,((#10820,#10821),(#10822,#10823),
(#10824,#10825),(#10826,#10827)),.SURF_OF_LINEAR_EXTRUSION.,.F.,.F.,.F.,
(4,4),(2,2),(0.,1.),(0.,1.),.PIECEWISE_BEZIER_KNOTS.);
#122=B_SPLINE_SURFACE_WITH_KNOTS('',3,1,((#10833,#10834),(#10835,#10836),
(#10837,#10838),(#10839,#10840)),.SURF_OF_LINEAR_EXTRUSION.,.F.,.F.,.F.,
(4,4),(2,2),(0.,1.),(0.,1.),.PIECEWISE_BEZIER_KNOTS.);
#123=B_SPLINE_SURFACE_WITH_KNOTS('',3,1,((#10852,#10853),(#10854,#10855),
(#10856,#10857),(#10858,#10859)),.SURF_OF_LINEAR_EXTRUSION.,.F.,.F.,.F.,
(4,4),(2,2),(0.,1.),(0.,1.),.PIECEWISE_BEZIER_KNOTS.);
#124=B_SPLINE_SURFACE_WITH_KNOTS('',3,1,((#10875,#10876),(#10877,#10878),
(#10879,#10880),(#10881,#10882)),.SURF_OF_LINEAR_EXTRUSION.,.F.,.F.,.F.,
(4,4),(2,2),(0.,1.),(0.,1.),.PIECEWISE_BEZIER_KNOTS.);
#125=B_SPLINE_SURFACE_WITH_KNOTS('',3,1,((#10892,#10893),(#10894,#10895),
(#10896,#10897),(#10898,#10899)),.SURF_OF_LINEAR_EXTRUSION.,.F.,.F.,.F.,
(4,4),(2,2),(0.,1.),(0.,1.),.PIECEWISE_BEZIER_KNOTS.);
#126=B_SPLINE_SURFACE_WITH_KNOTS('',3,1,((#10909,#10910),(#10911,#10912),
(#10913,#10914),(#10915,#10916)),.SURF_OF_LINEAR_EXTRUSION.,.F.,.F.,.F.,
(4,4),(2,2),(0.,1.),(0.,1.),.PIECEWISE_BEZIER_KNOTS.);
#127=B_SPLINE_SURFACE_WITH_KNOTS('',3,1,((#10926,#10927),(#10928,#10929),
(#10930,#10931),(#10932,#10933)),.SURF_OF_LINEAR_EXTRUSION.,.F.,.F.,.F.,
(4,4),(2,2),(0.,1.),(0.,1.),.PIECEWISE_BEZIER_KNOTS.);
#128=B_SPLINE_SURFACE_WITH_KNOTS('',3,1,((#10943,#10944),(#10945,#10946),
(#10947,#10948),(#10949,#10950)),.SURF_OF_LINEAR_EXTRUSION.,.F.,.F.,.F.,
(4,4),(2,2),(0.,1.),(0.,1.),.PIECEWISE_BEZIER_KNOTS.);
#129=B_SPLINE_SURFACE_WITH_KNOTS('',3,1,((#10960,#10961),(#10962,#10963),
(#10964,#10965),(#10966,#10967)),.SURF_OF_LINEAR_EXTRUSION.,.F.,.F.,.F.,
(4,4),(2,2),(0.,1.),(0.,1.),.PIECEWISE_BEZIER_KNOTS.);
#130=B_SPLINE_SURFACE_WITH_KNOTS('',3,1,((#10973,#10974),(#10975,#10976),
(#10977,#10978),(#10979,#10980)),.SURF_OF_LINEAR_EXTRUSION.,.F.,.F.,.F.,
(4,4),(2,2),(0.,1.),(0.,1.),.PIECEWISE_BEZIER_KNOTS.);
#131=B_SPLINE_SURFACE_WITH_KNOTS('',3,1,((#10990,#10991),(#10992,#10993),
(#10994,#10995),(#10996,#10997)),.SURF_OF_LINEAR_EXTRUSION.,.F.,.F.,.F.,
(4,4),(2,2),(0.,1.),(0.,1.),.PIECEWISE_BEZIER_KNOTS.);
#132=B_SPLINE_SURFACE_WITH_KNOTS('',3,1,((#11007,#11008),(#11009,#11010),
(#11011,#11012),(#11013,#11014)),.SURF_OF_LINEAR_EXTRUSION.,.F.,.F.,.F.,
(4,4),(2,2),(0.,1.),(0.,1.),.PIECEWISE_BEZIER_KNOTS.);
#133=B_SPLINE_SURFACE_WITH_KNOTS('',3,1,((#11024,#11025),(#11026,#11027),
(#11028,#11029),(#11030,#11031)),.SURF_OF_LINEAR_EXTRUSION.,.F.,.F.,.F.,
(4,4),(2,2),(0.,1.),(0.,1.),.PIECEWISE_BEZIER_KNOTS.);
#134=B_SPLINE_SURFACE_WITH_KNOTS('',3,1,((#11037,#11038),(#11039,#11040),
(#11041,#11042),(#11043,#11044)),.SURF_OF_LINEAR_EXTRUSION.,.F.,.F.,.F.,
(4,4),(2,2),(0.,1.),(0.,1.),.PIECEWISE_BEZIER_KNOTS.);
#135=B_SPLINE_SURFACE_WITH_KNOTS('',3,1,((#11056,#11057),(#11058,#11059),
(#11060,#11061),(#11062,#11063)),.SURF_OF_LINEAR_EXTRUSION.,.F.,.F.,.F.,
(4,4),(2,2),(0.,1.),(0.,1.),.PIECEWISE_BEZIER_KNOTS.);
#136=B_SPLINE_SURFACE_WITH_KNOTS('',3,1,((#11075,#11076),(#11077,#11078),
(#11079,#11080),(#11081,#11082)),.SURF_OF_LINEAR_EXTRUSION.,.F.,.F.,.F.,
(4,4),(2,2),(0.,1.),(0.,1.),.PIECEWISE_BEZIER_KNOTS.);
#137=B_SPLINE_SURFACE_WITH_KNOTS('',3,1,((#11092,#11093),(#11094,#11095),
(#11096,#11097),(#11098,#11099)),.SURF_OF_LINEAR_EXTRUSION.,.F.,.F.,.F.,
(4,4),(2,2),(0.,1.),(0.,1.),.PIECEWISE_BEZIER_KNOTS.);
#138=B_SPLINE_SURFACE_WITH_KNOTS('',3,1,((#11105,#11106),(#11107,#11108),
(#11109,#11110),(#11111,#11112)),.SURF_OF_LINEAR_EXTRUSION.,.F.,.F.,.F.,
(4,4),(2,2),(0.,1.),(0.,1.),.PIECEWISE_BEZIER_KNOTS.);
#139=B_SPLINE_SURFACE_WITH_KNOTS('',3,1,((#11122,#11123),(#11124,#11125),
(#11126,#11127),(#11128,#11129)),.SURF_OF_LINEAR_EXTRUSION.,.F.,.F.,.F.,
(4,4),(2,2),(0.,1.),(0.,1.),.PIECEWISE_BEZIER_KNOTS.);
#140=B_SPLINE_SURFACE_WITH_KNOTS('',3,1,((#11139,#11140),(#11141,#11142),
(#11143,#11144),(#11145,#11146)),.SURF_OF_LINEAR_EXTRUSION.,.F.,.F.,.F.,
(4,4),(2,2),(0.,1.),(0.,1.),.PIECEWISE_BEZIER_KNOTS.);
#141=B_SPLINE_SURFACE_WITH_KNOTS('',3,1,((#11156,#11157),(#11158,#11159),
(#11160,#11161),(#11162,#11163)),.SURF_OF_LINEAR_EXTRUSION.,.F.,.F.,.F.,
(4,4),(2,2),(0.,1.),(0.,1.),.PIECEWISE_BEZIER_KNOTS.);
#142=B_SPLINE_SURFACE_WITH_KNOTS('',3,1,((#11169,#11170),(#11171,#11172),
(#11173,#11174),(#11175,#11176)),.SURF_OF_LINEAR_EXTRUSION.,.F.,.F.,.F.,
(4,4),(2,2),(0.,1.),(0.,1.),.PIECEWISE_BEZIER_KNOTS.);
#143=B_SPLINE_SURFACE_WITH_KNOTS('',3,1,((#11186,#11187),(#11188,#11189),
(#11190,#11191),(#11192,#11193)),.SURF_OF_LINEAR_EXTRUSION.,.F.,.F.,.F.,
(4,4),(2,2),(0.,1.),(0.,1.),.PIECEWISE_BEZIER_KNOTS.);
#144=B_SPLINE_SURFACE_WITH_KNOTS('',3,1,((#11199,#11200),(#11201,#11202),
(#11203,#11204),(#11205,#11206)),.SURF_OF_LINEAR_EXTRUSION.,.F.,.F.,.F.,
(4,4),(2,2),(0.,1.),(0.,1.),.PIECEWISE_BEZIER_KNOTS.);
#145=B_SPLINE_SURFACE_WITH_KNOTS('',3,1,((#11216,#11217),(#11218,#11219),
(#11220,#11221),(#11222,#11223)),.SURF_OF_LINEAR_EXTRUSION.,.F.,.F.,.F.,
(4,4),(2,2),(0.,1.),(0.,1.),.PIECEWISE_BEZIER_KNOTS.);
#146=B_SPLINE_SURFACE_WITH_KNOTS('',3,1,((#11229,#11230),(#11231,#11232),
(#11233,#11234),(#11235,#11236)),.SURF_OF_LINEAR_EXTRUSION.,.F.,.F.,.F.,
(4,4),(2,2),(0.,1.),(0.,1.),.PIECEWISE_BEZIER_KNOTS.);
#147=B_SPLINE_SURFACE_WITH_KNOTS('',3,1,((#11246,#11247),(#11248,#11249),
(#11250,#11251),(#11252,#11253)),.SURF_OF_LINEAR_EXTRUSION.,.F.,.F.,.F.,
(4,4),(2,2),(0.,1.),(0.,1.),.PIECEWISE_BEZIER_KNOTS.);
#148=B_SPLINE_SURFACE_WITH_KNOTS('',3,1,((#11263,#11264),(#11265,#11266),
(#11267,#11268),(#11269,#11270)),.SURF_OF_LINEAR_EXTRUSION.,.F.,.F.,.F.,
(4,4),(2,2),(0.,1.),(0.,1.),.PIECEWISE_BEZIER_KNOTS.);
#149=B_SPLINE_SURFACE_WITH_KNOTS('',3,1,((#11276,#11277),(#11278,#11279),
(#11280,#11281),(#11282,#11283)),.SURF_OF_LINEAR_EXTRUSION.,.F.,.F.,.F.,
(4,4),(2,2),(0.,1.),(0.,1.),.PIECEWISE_BEZIER_KNOTS.);
#150=B_SPLINE_SURFACE_WITH_KNOTS('',3,1,((#11293,#11294),(#11295,#11296),
(#11297,#11298),(#11299,#11300)),.SURF_OF_LINEAR_EXTRUSION.,.F.,.F.,.F.,
(4,4),(2,2),(0.,1.),(0.,1.),.PIECEWISE_BEZIER_KNOTS.);
#151=B_SPLINE_SURFACE_WITH_KNOTS('',3,1,((#11306,#11307),(#11308,#11309),
(#11310,#11311),(#11312,#11313)),.SURF_OF_LINEAR_EXTRUSION.,.F.,.F.,.F.,
(4,4),(2,2),(0.,1.),(0.,1.),.PIECEWISE_BEZIER_KNOTS.);
#152=B_SPLINE_SURFACE_WITH_KNOTS('',3,1,((#11327,#11328),(#11329,#11330),
(#11331,#11332),(#11333,#11334)),.SURF_OF_LINEAR_EXTRUSION.,.F.,.F.,.F.,
(4,4),(2,2),(0.,1.),(0.,1.),.PIECEWISE_BEZIER_KNOTS.);
#153=B_SPLINE_SURFACE_WITH_KNOTS('',3,1,((#11348,#11349),(#11350,#11351),
(#11352,#11353),(#11354,#11355)),.SURF_OF_LINEAR_EXTRUSION.,.F.,.F.,.F.,
(4,4),(2,2),(0.,1.),(0.,1.),.PIECEWISE_BEZIER_KNOTS.);
#154=B_SPLINE_SURFACE_WITH_KNOTS('',3,1,((#11365,#11366),(#11367,#11368),
(#11369,#11370),(#11371,#11372)),.SURF_OF_LINEAR_EXTRUSION.,.F.,.F.,.F.,
(4,4),(2,2),(0.,1.),(0.,1.),.PIECEWISE_BEZIER_KNOTS.);
#155=B_SPLINE_SURFACE_WITH_KNOTS('',3,1,((#11382,#11383),(#11384,#11385),
(#11386,#11387),(#11388,#11389)),.SURF_OF_LINEAR_EXTRUSION.,.F.,.F.,.F.,
(4,4),(2,2),(0.,1.),(0.,1.),.PIECEWISE_BEZIER_KNOTS.);
#156=B_SPLINE_SURFACE_WITH_KNOTS('',3,1,((#11403,#11404),(#11405,#11406),
(#11407,#11408),(#11409,#11410)),.SURF_OF_LINEAR_EXTRUSION.,.F.,.F.,.F.,
(4,4),(2,2),(0.,1.),(0.,1.),.PIECEWISE_BEZIER_KNOTS.);
#157=B_SPLINE_SURFACE_WITH_KNOTS('',3,1,((#11424,#11425),(#11426,#11427),
(#11428,#11429),(#11430,#11431)),.SURF_OF_LINEAR_EXTRUSION.,.F.,.F.,.F.,
(4,4),(2,2),(0.,1.),(0.,1.),.PIECEWISE_BEZIER_KNOTS.);
#158=B_SPLINE_SURFACE_WITH_KNOTS('',3,1,((#11437,#11438),(#11439,#11440),
(#11441,#11442),(#11443,#11444)),.SURF_OF_LINEAR_EXTRUSION.,.F.,.F.,.F.,
(4,4),(2,2),(0.,1.),(0.,1.),.PIECEWISE_BEZIER_KNOTS.);
#159=B_SPLINE_SURFACE_WITH_KNOTS('',3,1,((#11454,#11455),(#11456,#11457),
(#11458,#11459),(#11460,#11461)),.SURF_OF_LINEAR_EXTRUSION.,.F.,.F.,.F.,
(4,4),(2,2),(0.,1.),(0.,1.),.PIECEWISE_BEZIER_KNOTS.);
#160=B_SPLINE_SURFACE_WITH_KNOTS('',3,1,((#11467,#11468),(#11469,#11470),
(#11471,#11472),(#11473,#11474)),.SURF_OF_LINEAR_EXTRUSION.,.F.,.F.,.F.,
(4,4),(2,2),(0.,1.),(0.,1.),.PIECEWISE_BEZIER_KNOTS.);
#161=B_SPLINE_SURFACE_WITH_KNOTS('',3,1,((#11488,#11489),(#11490,#11491),
(#11492,#11493),(#11494,#11495)),.SURF_OF_LINEAR_EXTRUSION.,.F.,.F.,.F.,
(4,4),(2,2),(0.,1.),(0.,1.),.PIECEWISE_BEZIER_KNOTS.);
#162=B_SPLINE_SURFACE_WITH_KNOTS('',3,1,((#11509,#11510),(#11511,#11512),
(#11513,#11514),(#11515,#11516)),.SURF_OF_LINEAR_EXTRUSION.,.F.,.F.,.F.,
(4,4),(2,2),(0.,1.),(0.,1.),.PIECEWISE_BEZIER_KNOTS.);
#163=B_SPLINE_SURFACE_WITH_KNOTS('',3,1,((#11526,#11527),(#11528,#11529),
(#11530,#11531),(#11532,#11533)),.SURF_OF_LINEAR_EXTRUSION.,.F.,.F.,.F.,
(4,4),(2,2),(0.,1.),(0.,1.),.PIECEWISE_BEZIER_KNOTS.);
#164=B_SPLINE_SURFACE_WITH_KNOTS('',3,1,((#11543,#11544),(#11545,#11546),
(#11547,#11548),(#11549,#11550)),.SURF_OF_LINEAR_EXTRUSION.,.F.,.F.,.F.,
(4,4),(2,2),(0.,1.),(0.,1.),.PIECEWISE_BEZIER_KNOTS.);
#165=B_SPLINE_SURFACE_WITH_KNOTS('',3,1,((#11560,#11561),(#11562,#11563),
(#11564,#11565),(#11566,#11567)),.SURF_OF_LINEAR_EXTRUSION.,.F.,.F.,.F.,
(4,4),(2,2),(0.,1.),(0.,1.),.PIECEWISE_BEZIER_KNOTS.);
#166=B_SPLINE_SURFACE_WITH_KNOTS('',3,1,((#11577,#11578),(#11579,#11580),
(#11581,#11582),(#11583,#11584)),.SURF_OF_LINEAR_EXTRUSION.,.F.,.F.,.F.,
(4,4),(2,2),(0.,1.),(0.,1.),.PIECEWISE_BEZIER_KNOTS.);
#167=B_SPLINE_SURFACE_WITH_KNOTS('',3,1,((#11594,#11595),(#11596,#11597),
(#11598,#11599),(#11600,#11601)),.SURF_OF_LINEAR_EXTRUSION.,.F.,.F.,.F.,
(4,4),(2,2),(0.,1.),(0.,1.),.PIECEWISE_BEZIER_KNOTS.);
#168=B_SPLINE_SURFACE_WITH_KNOTS('',3,1,((#11607,#11608),(#11609,#11610),
(#11611,#11612),(#11613,#11614)),.SURF_OF_LINEAR_EXTRUSION.,.F.,.F.,.F.,
(4,4),(2,2),(0.,1.),(0.,1.),.PIECEWISE_BEZIER_KNOTS.);
#169=B_SPLINE_SURFACE_WITH_KNOTS('',3,1,((#11624,#11625),(#11626,#11627),
(#11628,#11629),(#11630,#11631)),.SURF_OF_LINEAR_EXTRUSION.,.F.,.F.,.F.,
(4,4),(2,2),(0.,1.),(0.,1.),.PIECEWISE_BEZIER_KNOTS.);
#170=B_SPLINE_SURFACE_WITH_KNOTS('',3,1,((#11641,#11642),(#11643,#11644),
(#11645,#11646),(#11647,#11648)),.SURF_OF_LINEAR_EXTRUSION.,.F.,.F.,.F.,
(4,4),(2,2),(0.,1.),(0.,1.),.PIECEWISE_BEZIER_KNOTS.);
#171=B_SPLINE_SURFACE_WITH_KNOTS('',3,1,((#11658,#11659),(#11660,#11661),
(#11662,#11663),(#11664,#11665)),.SURF_OF_LINEAR_EXTRUSION.,.F.,.F.,.F.,
(4,4),(2,2),(0.,1.),(0.,1.),.PIECEWISE_BEZIER_KNOTS.);
#172=B_SPLINE_SURFACE_WITH_KNOTS('',3,1,((#11675,#11676),(#11677,#11678),
(#11679,#11680),(#11681,#11682)),.SURF_OF_LINEAR_EXTRUSION.,.F.,.F.,.F.,
(4,4),(2,2),(0.,1.),(0.,1.),.PIECEWISE_BEZIER_KNOTS.);
#173=B_SPLINE_SURFACE_WITH_KNOTS('',3,1,((#11696,#11697),(#11698,#11699),
(#11700,#11701),(#11702,#11703)),.SURF_OF_LINEAR_EXTRUSION.,.F.,.F.,.F.,
(4,4),(2,2),(0.,1.),(0.,1.),.PIECEWISE_BEZIER_KNOTS.);
#174=B_SPLINE_SURFACE_WITH_KNOTS('',3,1,((#11713,#11714),(#11715,#11716),
(#11717,#11718),(#11719,#11720)),.SURF_OF_LINEAR_EXTRUSION.,.F.,.F.,.F.,
(4,4),(2,2),(0.,1.),(0.,1.),.PIECEWISE_BEZIER_KNOTS.);
#175=B_SPLINE_SURFACE_WITH_KNOTS('',3,1,((#11730,#11731),(#11732,#11733),
(#11734,#11735),(#11736,#11737)),.SURF_OF_LINEAR_EXTRUSION.,.F.,.F.,.F.,
(4,4),(2,2),(0.,1.),(0.,1.),.PIECEWISE_BEZIER_KNOTS.);
#176=B_SPLINE_SURFACE_WITH_KNOTS('',3,1,((#11747,#11748),(#11749,#11750),
(#11751,#11752),(#11753,#11754)),.SURF_OF_LINEAR_EXTRUSION.,.F.,.F.,.F.,
(4,4),(2,2),(0.,1.),(0.,1.),.PIECEWISE_BEZIER_KNOTS.);
#177=B_SPLINE_SURFACE_WITH_KNOTS('',3,1,((#11758,#11759),(#11760,#11761),
(#11762,#11763),(#11764,#11765)),.SURF_OF_LINEAR_EXTRUSION.,.F.,.F.,.F.,
(4,4),(2,2),(0.,1.),(0.,1.),.PIECEWISE_BEZIER_KNOTS.);
#178=B_SPLINE_SURFACE_WITH_KNOTS('',3,1,((#11773,#11774),(#11775,#11776),
(#11777,#11778),(#11779,#11780)),.SURF_OF_LINEAR_EXTRUSION.,.F.,.F.,.F.,
(4,4),(2,2),(0.,1.),(0.,1.),.PIECEWISE_BEZIER_KNOTS.);
#179=B_SPLINE_SURFACE_WITH_KNOTS('',3,1,((#11790,#11791),(#11792,#11793),
(#11794,#11795),(#11796,#11797)),.SURF_OF_LINEAR_EXTRUSION.,.F.,.F.,.F.,
(4,4),(2,2),(0.,1.),(0.,1.),.PIECEWISE_BEZIER_KNOTS.);
#180=B_SPLINE_SURFACE_WITH_KNOTS('',3,1,((#11807,#11808),(#11809,#11810),
(#11811,#11812),(#11813,#11814)),.SURF_OF_LINEAR_EXTRUSION.,.F.,.F.,.F.,
(4,4),(2,2),(0.,1.),(0.,1.),.PIECEWISE_BEZIER_KNOTS.);
#181=B_SPLINE_SURFACE_WITH_KNOTS('',3,1,((#11824,#11825),(#11826,#11827),
(#11828,#11829),(#11830,#11831)),.SURF_OF_LINEAR_EXTRUSION.,.F.,.F.,.F.,
(4,4),(2,2),(0.,1.),(0.,1.),.PIECEWISE_BEZIER_KNOTS.);
#182=B_SPLINE_SURFACE_WITH_KNOTS('',3,1,((#11837,#11838),(#11839,#11840),
(#11841,#11842),(#11843,#11844)),.SURF_OF_LINEAR_EXTRUSION.,.F.,.F.,.F.,
(4,4),(2,2),(0.,1.),(0.,1.),.PIECEWISE_BEZIER_KNOTS.);
#183=B_SPLINE_SURFACE_WITH_KNOTS('',3,1,((#11854,#11855),(#11856,#11857),
(#11858,#11859),(#11860,#11861)),.SURF_OF_LINEAR_EXTRUSION.,.F.,.F.,.F.,
(4,4),(2,2),(0.,1.),(0.,1.),.PIECEWISE_BEZIER_KNOTS.);
#184=B_SPLINE_SURFACE_WITH_KNOTS('',3,1,((#11871,#11872),(#11873,#11874),
(#11875,#11876),(#11877,#11878)),.SURF_OF_LINEAR_EXTRUSION.,.F.,.F.,.F.,
(4,4),(2,2),(0.,1.),(0.,1.),.PIECEWISE_BEZIER_KNOTS.);
#185=B_SPLINE_SURFACE_WITH_KNOTS('',3,1,((#11884,#11885),(#11886,#11887),
(#11888,#11889),(#11890,#11891)),.SURF_OF_LINEAR_EXTRUSION.,.F.,.F.,.F.,
(4,4),(2,2),(0.,1.),(0.,1.),.PIECEWISE_BEZIER_KNOTS.);
#186=B_SPLINE_SURFACE_WITH_KNOTS('',3,1,((#11897,#11898),(#11899,#11900),
(#11901,#11902),(#11903,#11904)),.SURF_OF_LINEAR_EXTRUSION.,.F.,.F.,.F.,
(4,4),(2,2),(0.,1.),(0.,1.),.PIECEWISE_BEZIER_KNOTS.);
#187=B_SPLINE_SURFACE_WITH_KNOTS('',3,1,((#11910,#11911),(#11912,#11913),
(#11914,#11915),(#11916,#11917)),.SURF_OF_LINEAR_EXTRUSION.,.F.,.F.,.F.,
(4,4),(2,2),(0.,1.),(0.,1.),.PIECEWISE_BEZIER_KNOTS.);
#188=B_SPLINE_SURFACE_WITH_KNOTS('',3,1,((#11927,#11928),(#11929,#11930),
(#11931,#11932),(#11933,#11934)),.SURF_OF_LINEAR_EXTRUSION.,.F.,.F.,.F.,
(4,4),(2,2),(0.,1.),(0.,1.),.PIECEWISE_BEZIER_KNOTS.);
#189=B_SPLINE_SURFACE_WITH_KNOTS('',3,1,((#11944,#11945),(#11946,#11947),
(#11948,#11949),(#11950,#11951)),.SURF_OF_LINEAR_EXTRUSION.,.F.,.F.,.F.,
(4,4),(2,2),(0.,1.),(0.,1.),.PIECEWISE_BEZIER_KNOTS.);
#190=B_SPLINE_SURFACE_WITH_KNOTS('',3,1,((#11961,#11962),(#11963,#11964),
(#11965,#11966),(#11967,#11968)),.SURF_OF_LINEAR_EXTRUSION.,.F.,.F.,.F.,
(4,4),(2,2),(0.,1.),(0.,1.),.PIECEWISE_BEZIER_KNOTS.);
#191=B_SPLINE_SURFACE_WITH_KNOTS('',3,1,((#11974,#11975),(#11976,#11977),
(#11978,#11979),(#11980,#11981)),.SURF_OF_LINEAR_EXTRUSION.,.F.,.F.,.F.,
(4,4),(2,2),(0.,1.),(0.,1.),.PIECEWISE_BEZIER_KNOTS.);
#192=B_SPLINE_SURFACE_WITH_KNOTS('',3,1,((#11991,#11992),(#11993,#11994),
(#11995,#11996),(#11997,#11998)),.SURF_OF_LINEAR_EXTRUSION.,.F.,.F.,.F.,
(4,4),(2,2),(0.,1.),(0.,1.),.PIECEWISE_BEZIER_KNOTS.);
#193=B_SPLINE_SURFACE_WITH_KNOTS('',3,1,((#12008,#12009),(#12010,#12011),
(#12012,#12013),(#12014,#12015)),.SURF_OF_LINEAR_EXTRUSION.,.F.,.F.,.F.,
(4,4),(2,2),(0.,1.),(0.,1.),.PIECEWISE_BEZIER_KNOTS.);
#194=B_SPLINE_SURFACE_WITH_KNOTS('',3,1,((#12025,#12026),(#12027,#12028),
(#12029,#12030),(#12031,#12032)),.SURF_OF_LINEAR_EXTRUSION.,.F.,.F.,.F.,
(4,4),(2,2),(0.,1.),(0.,1.),.PIECEWISE_BEZIER_KNOTS.);
#195=B_SPLINE_SURFACE_WITH_KNOTS('',3,1,((#12038,#12039),(#12040,#12041),
(#12042,#12043),(#12044,#12045)),.SURF_OF_LINEAR_EXTRUSION.,.F.,.F.,.F.,
(4,4),(2,2),(0.,1.),(0.,1.),.PIECEWISE_BEZIER_KNOTS.);
#196=B_SPLINE_SURFACE_WITH_KNOTS('',3,1,((#12055,#12056),(#12057,#12058),
(#12059,#12060),(#12061,#12062)),.SURF_OF_LINEAR_EXTRUSION.,.F.,.F.,.F.,
(4,4),(2,2),(0.,1.),(0.,1.),.PIECEWISE_BEZIER_KNOTS.);
#197=B_SPLINE_SURFACE_WITH_KNOTS('',3,1,((#12068,#12069),(#12070,#12071),
(#12072,#12073),(#12074,#12075)),.SURF_OF_LINEAR_EXTRUSION.,.F.,.F.,.F.,
(4,4),(2,2),(0.,1.),(0.,1.),.PIECEWISE_BEZIER_KNOTS.);
#198=B_SPLINE_SURFACE_WITH_KNOTS('',3,1,((#12085,#12086),(#12087,#12088),
(#12089,#12090),(#12091,#12092)),.SURF_OF_LINEAR_EXTRUSION.,.F.,.F.,.F.,
(4,4),(2,2),(0.,1.),(0.,1.),.PIECEWISE_BEZIER_KNOTS.);
#199=B_SPLINE_SURFACE_WITH_KNOTS('',3,1,((#12102,#12103),(#12104,#12105),
(#12106,#12107),(#12108,#12109)),.SURF_OF_LINEAR_EXTRUSION.,.F.,.F.,.F.,
(4,4),(2,2),(0.,1.),(0.,1.),.PIECEWISE_BEZIER_KNOTS.);
#200=B_SPLINE_SURFACE_WITH_KNOTS('',3,1,((#12115,#12116),(#12117,#12118),
(#12119,#12120),(#12121,#12122)),.SURF_OF_LINEAR_EXTRUSION.,.F.,.F.,.F.,
(4,4),(2,2),(0.,1.),(0.,1.),.PIECEWISE_BEZIER_KNOTS.);
#201=B_SPLINE_SURFACE_WITH_KNOTS('',3,1,((#12132,#12133),(#12134,#12135),
(#12136,#12137),(#12138,#12139)),.SURF_OF_LINEAR_EXTRUSION.,.F.,.F.,.F.,
(4,4),(2,2),(0.,1.),(0.,1.),.PIECEWISE_BEZIER_KNOTS.);
#202=B_SPLINE_SURFACE_WITH_KNOTS('',3,1,((#12149,#12150),(#12151,#12152),
(#12153,#12154),(#12155,#12156)),.SURF_OF_LINEAR_EXTRUSION.,.F.,.F.,.F.,
(4,4),(2,2),(0.,1.),(0.,1.),.PIECEWISE_BEZIER_KNOTS.);
#203=B_SPLINE_SURFACE_WITH_KNOTS('',3,1,((#12162,#12163),(#12164,#12165),
(#12166,#12167),(#12168,#12169)),.SURF_OF_LINEAR_EXTRUSION.,.F.,.F.,.F.,
(4,4),(2,2),(0.,1.),(0.,1.),.PIECEWISE_BEZIER_KNOTS.);
#204=B_SPLINE_SURFACE_WITH_KNOTS('',3,1,((#12179,#12180),(#12181,#12182),
(#12183,#12184),(#12185,#12186)),.SURF_OF_LINEAR_EXTRUSION.,.F.,.F.,.F.,
(4,4),(2,2),(0.,1.),(0.,1.),.PIECEWISE_BEZIER_KNOTS.);
#205=B_SPLINE_SURFACE_WITH_KNOTS('',3,1,((#12196,#12197),(#12198,#12199),
(#12200,#12201),(#12202,#12203)),.SURF_OF_LINEAR_EXTRUSION.,.F.,.F.,.F.,
(4,4),(2,2),(0.,1.),(0.,1.),.PIECEWISE_BEZIER_KNOTS.);
#206=B_SPLINE_SURFACE_WITH_KNOTS('',3,1,((#12213,#12214),(#12215,#12216),
(#12217,#12218),(#12219,#12220)),.SURF_OF_LINEAR_EXTRUSION.,.F.,.F.,.F.,
(4,4),(2,2),(0.,1.),(0.,1.),.PIECEWISE_BEZIER_KNOTS.);
#207=B_SPLINE_SURFACE_WITH_KNOTS('',3,1,((#12230,#12231),(#12232,#12233),
(#12234,#12235),(#12236,#12237)),.SURF_OF_LINEAR_EXTRUSION.,.F.,.F.,.F.,
(4,4),(2,2),(0.,1.),(0.,1.),.PIECEWISE_BEZIER_KNOTS.);
#208=B_SPLINE_SURFACE_WITH_KNOTS('',3,1,((#12247,#12248),(#12249,#12250),
(#12251,#12252),(#12253,#12254)),.SURF_OF_LINEAR_EXTRUSION.,.F.,.F.,.F.,
(4,4),(2,2),(0.,1.),(0.,1.),.PIECEWISE_BEZIER_KNOTS.);
#209=B_SPLINE_SURFACE_WITH_KNOTS('',3,1,((#12264,#12265),(#12266,#12267),
(#12268,#12269),(#12270,#12271)),.SURF_OF_LINEAR_EXTRUSION.,.F.,.F.,.F.,
(4,4),(2,2),(0.,1.),(0.,1.),.PIECEWISE_BEZIER_KNOTS.);
#210=B_SPLINE_SURFACE_WITH_KNOTS('',3,1,((#12281,#12282),(#12283,#12284),
(#12285,#12286),(#12287,#12288)),.SURF_OF_LINEAR_EXTRUSION.,.F.,.F.,.F.,
(4,4),(2,2),(0.,1.),(0.,1.),.PIECEWISE_BEZIER_KNOTS.);
#211=B_SPLINE_SURFACE_WITH_KNOTS('',3,1,((#12294,#12295),(#12296,#12297),
(#12298,#12299),(#12300,#12301)),.SURF_OF_LINEAR_EXTRUSION.,.F.,.F.,.F.,
(4,4),(2,2),(0.,1.),(0.,1.),.PIECEWISE_BEZIER_KNOTS.);
#212=B_SPLINE_SURFACE_WITH_KNOTS('',3,1,((#12311,#12312),(#12313,#12314),
(#12315,#12316),(#12317,#12318)),.SURF_OF_LINEAR_EXTRUSION.,.F.,.F.,.F.,
(4,4),(2,2),(0.,1.),(0.,1.),.PIECEWISE_BEZIER_KNOTS.);
#213=B_SPLINE_SURFACE_WITH_KNOTS('',3,1,((#12328,#12329),(#12330,#12331),
(#12332,#12333),(#12334,#12335)),.SURF_OF_LINEAR_EXTRUSION.,.F.,.F.,.F.,
(4,4),(2,2),(0.,1.),(0.,1.),.PIECEWISE_BEZIER_KNOTS.);
#214=B_SPLINE_SURFACE_WITH_KNOTS('',3,1,((#12345,#12346),(#12347,#12348),
(#12349,#12350),(#12351,#12352)),.SURF_OF_LINEAR_EXTRUSION.,.F.,.F.,.F.,
(4,4),(2,2),(0.,1.),(0.,1.),.PIECEWISE_BEZIER_KNOTS.);
#215=B_SPLINE_SURFACE_WITH_KNOTS('',3,1,((#12362,#12363),(#12364,#12365),
(#12366,#12367),(#12368,#12369)),.SURF_OF_LINEAR_EXTRUSION.,.F.,.F.,.F.,
(4,4),(2,2),(0.,1.),(0.,1.),.PIECEWISE_BEZIER_KNOTS.);
#216=B_SPLINE_SURFACE_WITH_KNOTS('',3,1,((#12379,#12380),(#12381,#12382),
(#12383,#12384),(#12385,#12386)),.SURF_OF_LINEAR_EXTRUSION.,.F.,.F.,.F.,
(4,4),(2,2),(0.,1.),(0.,1.),.PIECEWISE_BEZIER_KNOTS.);
#217=B_SPLINE_SURFACE_WITH_KNOTS('',3,1,((#12396,#12397),(#12398,#12399),
(#12400,#12401),(#12402,#12403)),.SURF_OF_LINEAR_EXTRUSION.,.F.,.F.,.F.,
(4,4),(2,2),(0.,1.),(0.,1.),.PIECEWISE_BEZIER_KNOTS.);
#218=B_SPLINE_SURFACE_WITH_KNOTS('',3,1,((#12409,#12410),(#12411,#12412),
(#12413,#12414),(#12415,#12416)),.SURF_OF_LINEAR_EXTRUSION.,.F.,.F.,.F.,
(4,4),(2,2),(0.,1.),(0.,1.),.PIECEWISE_BEZIER_KNOTS.);
#219=B_SPLINE_SURFACE_WITH_KNOTS('',3,1,((#12426,#12427),(#12428,#12429),
(#12430,#12431),(#12432,#12433)),.SURF_OF_LINEAR_EXTRUSION.,.F.,.F.,.F.,
(4,4),(2,2),(0.,1.),(0.,1.),.PIECEWISE_BEZIER_KNOTS.);
#220=B_SPLINE_SURFACE_WITH_KNOTS('',3,1,((#12439,#12440),(#12441,#12442),
(#12443,#12444),(#12445,#12446)),.SURF_OF_LINEAR_EXTRUSION.,.F.,.F.,.F.,
(4,4),(2,2),(0.,1.),(0.,1.),.PIECEWISE_BEZIER_KNOTS.);
#221=B_SPLINE_SURFACE_WITH_KNOTS('',3,1,((#12460,#12461),(#12462,#12463),
(#12464,#12465),(#12466,#12467)),.SURF_OF_LINEAR_EXTRUSION.,.F.,.F.,.F.,
(4,4),(2,2),(0.,1.),(0.,1.),.PIECEWISE_BEZIER_KNOTS.);
#222=B_SPLINE_SURFACE_WITH_KNOTS('',3,1,((#12481,#12482),(#12483,#12484),
(#12485,#12486),(#12487,#12488)),.SURF_OF_LINEAR_EXTRUSION.,.F.,.F.,.F.,
(4,4),(2,2),(0.,1.),(0.,1.),.PIECEWISE_BEZIER_KNOTS.);
#223=B_SPLINE_SURFACE_WITH_KNOTS('',3,1,((#12498,#12499),(#12500,#12501),
(#12502,#12503),(#12504,#12505)),.SURF_OF_LINEAR_EXTRUSION.,.F.,.F.,.F.,
(4,4),(2,2),(0.,1.),(0.,1.),.PIECEWISE_BEZIER_KNOTS.);
#224=B_SPLINE_SURFACE_WITH_KNOTS('',3,1,((#12515,#12516),(#12517,#12518),
(#12519,#12520),(#12521,#12522)),.SURF_OF_LINEAR_EXTRUSION.,.F.,.F.,.F.,
(4,4),(2,2),(0.,1.),(0.,1.),.PIECEWISE_BEZIER_KNOTS.);
#225=B_SPLINE_SURFACE_WITH_KNOTS('',3,1,((#12526,#12527),(#12528,#12529),
(#12530,#12531),(#12532,#12533)),.SURF_OF_LINEAR_EXTRUSION.,.F.,.F.,.F.,
(4,4),(2,2),(0.,1.),(0.,1.),.PIECEWISE_BEZIER_KNOTS.);
#226=B_SPLINE_SURFACE_WITH_KNOTS('',3,1,((#12545,#12546),(#12547,#12548),
(#12549,#12550),(#12551,#12552)),.SURF_OF_LINEAR_EXTRUSION.,.F.,.F.,.F.,
(4,4),(2,2),(0.,1.),(0.,1.),.PIECEWISE_BEZIER_KNOTS.);
#227=B_SPLINE_SURFACE_WITH_KNOTS('',3,1,((#12558,#12559),(#12560,#12561),
(#12562,#12563),(#12564,#12565)),.SURF_OF_LINEAR_EXTRUSION.,.F.,.F.,.F.,
(4,4),(2,2),(0.,1.),(0.,1.),.PIECEWISE_BEZIER_KNOTS.);
#228=B_SPLINE_SURFACE_WITH_KNOTS('',3,1,((#12575,#12576),(#12577,#12578),
(#12579,#12580),(#12581,#12582)),.SURF_OF_LINEAR_EXTRUSION.,.F.,.F.,.F.,
(4,4),(2,2),(0.,1.),(0.,1.),.PIECEWISE_BEZIER_KNOTS.);
#229=B_SPLINE_SURFACE_WITH_KNOTS('',3,1,((#12588,#12589),(#12590,#12591),
(#12592,#12593),(#12594,#12595)),.SURF_OF_LINEAR_EXTRUSION.,.F.,.F.,.F.,
(4,4),(2,2),(0.,1.),(0.,1.),.PIECEWISE_BEZIER_KNOTS.);
#230=B_SPLINE_SURFACE_WITH_KNOTS('',3,1,((#12605,#12606),(#12607,#12608),
(#12609,#12610),(#12611,#12612)),.SURF_OF_LINEAR_EXTRUSION.,.F.,.F.,.F.,
(4,4),(2,2),(0.,1.),(0.,1.),.PIECEWISE_BEZIER_KNOTS.);
#231=B_SPLINE_SURFACE_WITH_KNOTS('',3,1,((#12618,#12619),(#12620,#12621),
(#12622,#12623),(#12624,#12625)),.SURF_OF_LINEAR_EXTRUSION.,.F.,.F.,.F.,
(4,4),(2,2),(0.,1.),(0.,1.),.PIECEWISE_BEZIER_KNOTS.);
#232=B_SPLINE_SURFACE_WITH_KNOTS('',3,1,((#12635,#12636),(#12637,#12638),
(#12639,#12640),(#12641,#12642)),.SURF_OF_LINEAR_EXTRUSION.,.F.,.F.,.F.,
(4,4),(2,2),(0.,1.),(0.,1.),.PIECEWISE_BEZIER_KNOTS.);
#233=LINE('',#8478,#893);
#234=LINE('',#8488,#894);
#235=LINE('',#8498,#895);
#236=LINE('',#8504,#896);
#237=LINE('',#8511,#897);
#238=LINE('',#8517,#898);
#239=LINE('',#8527,#899);
#240=LINE('',#8537,#900);
#241=LINE('',#8544,#901);
#242=LINE('',#8550,#902);
#243=LINE('',#8560,#903);
#244=LINE('',#8570,#904);
#245=LINE('',#8577,#905);
#246=LINE('',#8583,#906);
#247=LINE('',#8593,#907);
#248=LINE('',#8603,#908);
#249=LINE('',#8610,#909);
#250=LINE('',#8620,#910);
#251=LINE('',#8630,#911);
#252=LINE('',#8636,#912);
#253=LINE('',#8643,#913);
#254=LINE('',#8653,#914);
#255=LINE('',#8663,#915);
#256=LINE('',#8669,#916);
#257=LINE('',#8676,#917);
#258=LINE('',#8686,#918);
#259=LINE('',#8696,#919);
#260=LINE('',#8702,#920);
#261=LINE('',#8709,#921);
#262=LINE('',#8719,#922);
#263=LINE('',#8729,#923);
#264=LINE('',#8739,#924);
#265=LINE('',#8752,#925);
#266=LINE('',#8758,#926);
#267=LINE('',#8771,#927);
#268=LINE('',#8773,#928);
#269=LINE('',#8775,#929);
#270=LINE('',#8788,#930);
#271=LINE('',#8801,#931);
#272=LINE('',#8803,#932);
#273=LINE('',#8805,#933);
#274=LINE('',#8818,#934);
#275=LINE('',#8820,#935);
#276=LINE('',#8822,#936);
#277=LINE('',#8835,#937);
#278=LINE('',#8837,#938);
#279=LINE('',#8846,#939);
#280=LINE('',#8852,#940);
#281=LINE('',#8854,#941);
#282=LINE('',#8856,#942);
#283=LINE('',#8869,#943);
#284=LINE('',#8882,#944);
#285=LINE('',#8884,#945);
#286=LINE('',#8886,#946);
#287=LINE('',#8899,#947);
#288=LINE('',#8912,#948);
#289=LINE('',#8914,#949);
#290=LINE('',#8916,#950);
#291=LINE('',#8929,#951);
#292=LINE('',#8931,#952);
#293=LINE('',#8940,#953);
#294=LINE('',#8946,#954);
#295=LINE('',#8948,#955);
#296=LINE('',#8950,#956);
#297=LINE('',#8963,#957);
#298=LINE('',#8976,#958);
#299=LINE('',#8978,#959);
#300=LINE('',#8980,#960);
#301=LINE('',#8993,#961);
#302=LINE('',#9006,#962);
#303=LINE('',#9008,#963);
#304=LINE('',#9010,#964);
#305=LINE('',#9023,#965);
#306=LINE('',#9025,#966);
#307=LINE('',#9034,#967);
#308=LINE('',#9040,#968);
#309=LINE('',#9042,#969);
#310=LINE('',#9044,#970);
#311=LINE('',#9057,#971);
#312=LINE('',#9070,#972);
#313=LINE('',#9072,#973);
#314=LINE('',#9074,#974);
#315=LINE('',#9087,#975);
#316=LINE('',#9100,#976);
#317=LINE('',#9102,#977);
#318=LINE('',#9104,#978);
#319=LINE('',#9117,#979);
#320=LINE('',#9119,#980);
#321=LINE('',#9128,#981);
#322=LINE('',#9134,#982);
#323=LINE('',#9147,#983);
#324=LINE('',#9149,#984);
#325=LINE('',#9151,#985);
#326=LINE('',#9164,#986);
#327=LINE('',#9177,#987);
#328=LINE('',#9179,#988);
#329=LINE('',#9181,#989);
#330=LINE('',#9194,#990);
#331=LINE('',#9196,#991);
#332=LINE('',#9198,#992);
#333=LINE('',#9211,#993);
#334=LINE('',#9213,#994);
#335=LINE('',#9222,#995);
#336=LINE('',#9228,#996);
#337=LINE('',#9241,#997);
#338=LINE('',#9243,#998);
#339=LINE('',#9245,#999);
#340=LINE('',#9258,#1000);
#341=LINE('',#9271,#1001);
#342=LINE('',#9273,#1002);
#343=LINE('',#9275,#1003);
#344=LINE('',#9288,#1004);
#345=LINE('',#9290,#1005);
#346=LINE('',#9292,#1006);
#347=LINE('',#9305,#1007);
#348=LINE('',#9307,#1008);
#349=LINE('',#9316,#1009);
#350=LINE('',#9322,#1010);
#351=LINE('',#9335,#1011);
#352=LINE('',#9337,#1012);
#353=LINE('',#9339,#1013);
#354=LINE('',#9352,#1014);
#355=LINE('',#9365,#1015);
#356=LINE('',#9367,#1016);
#357=LINE('',#9369,#1017);
#358=LINE('',#9382,#1018);
#359=LINE('',#9384,#1019);
#360=LINE('',#9386,#1020);
#361=LINE('',#9399,#1021);
#362=LINE('',#9401,#1022);
#363=LINE('',#9410,#1023);
#364=LINE('',#9416,#1024);
#365=LINE('',#9429,#1025);
#366=LINE('',#9431,#1026);
#367=LINE('',#9433,#1027);
#368=LINE('',#9446,#1028);
#369=LINE('',#9459,#1029);
#370=LINE('',#9461,#1030);
#371=LINE('',#9463,#1031);
#372=LINE('',#9476,#1032);
#373=LINE('',#9489,#1033);
#374=LINE('',#9491,#1034);
#375=LINE('',#9493,#1035);
#376=LINE('',#9506,#1036);
#377=LINE('',#9519,#1037);
#378=LINE('',#9521,#1038);
#379=LINE('',#9523,#1039);
#380=LINE('',#9530,#1040);
#381=LINE('',#9532,#1041);
#382=LINE('',#9540,#1042);
#383=LINE('',#9550,#1043);
#384=LINE('',#9560,#1044);
#385=LINE('',#9568,#1045);
#386=LINE('',#9570,#1046);
#387=LINE('',#9576,#1047);
#388=LINE('',#9582,#1048);
#389=LINE('',#9588,#1049);
#390=LINE('',#9599,#1050);
#391=LINE('',#9605,#1051);
#392=LINE('',#9615,#1052);
#393=LINE('',#9621,#1053);
#394=LINE('',#9627,#1054);
#395=LINE('',#9637,#1055);
#396=LINE('',#9647,#1056);
#397=LINE('',#9657,#1057);
#398=LINE('',#9666,#1058);
#399=LINE('',#9668,#1059);
#400=LINE('',#9674,#1060);
#401=LINE('',#9680,#1061);
#402=LINE('',#9686,#1062);
#403=LINE('',#9696,#1063);
#404=LINE('',#9706,#1064);
#405=LINE('',#9715,#1065);
#406=LINE('',#9717,#1066);
#407=LINE('',#9723,#1067);
#408=LINE('',#9729,#1068);
#409=LINE('',#9735,#1069);
#410=LINE('',#9741,#1070);
#411=LINE('',#9747,#1071);
#412=LINE('',#9757,#1072);
#413=LINE('',#9763,#1073);
#414=LINE('',#9769,#1074);
#415=LINE('',#9779,#1075);
#416=LINE('',#9790,#1076);
#417=LINE('',#9796,#1077);
#418=LINE('',#9806,#1078);
#419=LINE('',#9812,#1079);
#420=LINE('',#9818,#1080);
#421=LINE('',#9828,#1081);
#422=LINE('',#9838,#1082);
#423=LINE('',#9848,#1083);
#424=LINE('',#9855,#1084);
#425=LINE('',#9865,#1085);
#426=LINE('',#9875,#1086);
#427=LINE('',#9883,#1087);
#428=LINE('',#9885,#1088);
#429=LINE('',#9891,#1089);
#430=LINE('',#9897,#1090);
#431=LINE('',#9904,#1091);
#432=LINE('',#9906,#1092);
#433=LINE('',#9914,#1093);
#434=LINE('',#9924,#1094);
#435=LINE('',#9934,#1095);
#436=LINE('',#9942,#1096);
#437=LINE('',#9944,#1097);
#438=LINE('',#9950,#1098);
#439=LINE('',#9956,#1099);
#440=LINE('',#9962,#1100);
#441=LINE('',#9969,#1101);
#442=LINE('',#9975,#1102);
#443=LINE('',#9985,#1103);
#444=LINE('',#9991,#1104);
#445=LINE('',#9997,#1105);
#446=LINE('',#10003,#1106);
#447=LINE('',#10009,#1107);
#448=LINE('',#10011,#1108);
#449=LINE('',#10017,#1109);
#450=LINE('',#10023,#1110);
#451=LINE('',#10029,#1111);
#452=LINE('',#10044,#1112);
#453=LINE('',#10050,#1113);
#454=LINE('',#10056,#1114);
#455=LINE('',#10066,#1115);
#456=LINE('',#10072,#1116);
#457=LINE('',#10090,#1117);
#458=LINE('',#10096,#1118);
#459=LINE('',#10102,#1119);
#460=LINE('',#10112,#1120);
#461=LINE('',#10118,#1121);
#462=LINE('',#10125,#1122);
#463=LINE('',#10135,#1123);
#464=LINE('',#10145,#1124);
#465=LINE('',#10151,#1125);
#466=LINE('',#10161,#1126);
#467=LINE('',#10167,#1127);
#468=LINE('',#10177,#1128);
#469=LINE('',#10183,#1129);
#470=LINE('',#10189,#1130);
#471=LINE('',#10195,#1131);
#472=LINE('',#10201,#1132);
#473=LINE('',#10207,#1133);
#474=LINE('',#10213,#1134);
#475=LINE('',#10223,#1135);
#476=LINE('',#10230,#1136);
#477=LINE('',#10236,#1137);
#478=LINE('',#10242,#1138);
#479=LINE('',#10248,#1139);
#480=LINE('',#10255,#1140);
#481=LINE('',#10265,#1141);
#482=LINE('',#10275,#1142);
#483=LINE('',#10283,#1143);
#484=LINE('',#10285,#1144);
#485=LINE('',#10291,#1145);
#486=LINE('',#10297,#1146);
#487=LINE('',#10308,#1147);
#488=LINE('',#10318,#1148);
#489=LINE('',#10328,#1149);
#490=LINE('',#10338,#1150);
#491=LINE('',#10341,#1151);
#492=LINE('',#10342,#1152);
#493=LINE('',#10344,#1153);
#494=LINE('',#10346,#1154);
#495=LINE('',#10359,#1155);
#496=LINE('',#10363,#1156);
#497=LINE('',#10365,#1157);
#498=LINE('',#10367,#1158);
#499=LINE('',#10380,#1159);
#500=LINE('',#10393,#1160);
#501=LINE('',#10395,#1161);
#502=LINE('',#10397,#1162);
#503=LINE('',#10410,#1163);
#504=LINE('',#10423,#1164);
#505=LINE('',#10425,#1165);
#506=LINE('',#10427,#1166);
#507=LINE('',#10431,#1167);
#508=LINE('',#10444,#1168);
#509=LINE('',#10446,#1169);
#510=LINE('',#10448,#1170);
#511=LINE('',#10450,#1171);
#512=LINE('',#10452,#1172);
#513=LINE('',#10465,#1173);
#514=LINE('',#10467,#1174);
#515=LINE('',#10469,#1175);
#516=LINE('',#10482,#1176);
#517=LINE('',#10484,#1177);
#518=LINE('',#10486,#1178);
#519=LINE('',#10499,#1179);
#520=LINE('',#10501,#1180);
#521=LINE('',#10503,#1181);
#522=LINE('',#10528,#1182);
#523=LINE('',#10529,#1183);
#524=LINE('',#10531,#1184);
#525=LINE('',#10533,#1185);
#526=LINE('',#10546,#1186);
#527=LINE('',#10548,#1187);
#528=LINE('',#10550,#1188);
#529=LINE('',#10563,#1189);
#530=LINE('',#10576,#1190);
#531=LINE('',#10578,#1191);
#532=LINE('',#10580,#1192);
#533=LINE('',#10593,#1193);
#534=LINE('',#10595,#1194);
#535=LINE('',#10597,#1195);
#536=LINE('',#10610,#1196);
#537=LINE('',#10612,#1197);
#538=LINE('',#10614,#1198);
#539=LINE('',#10627,#1199);
#540=LINE('',#10640,#1200);
#541=LINE('',#10642,#1201);
#542=LINE('',#10644,#1202);
#543=LINE('',#10657,#1203);
#544=LINE('',#10670,#1204);
#545=LINE('',#10672,#1205);
#546=LINE('',#10674,#1206);
#547=LINE('',#10687,#1207);
#548=LINE('',#10700,#1208);
#549=LINE('',#10702,#1209);
#550=LINE('',#10704,#1210);
#551=LINE('',#10729,#1211);
#552=LINE('',#10730,#1212);
#553=LINE('',#10732,#1213);
#554=LINE('',#10734,#1214);
#555=LINE('',#10736,#1215);
#556=LINE('',#10738,#1216);
#557=LINE('',#10751,#1217);
#558=LINE('',#10753,#1218);
#559=LINE('',#10755,#1219);
#560=LINE('',#10768,#1220);
#561=LINE('',#10770,#1221);
#562=LINE('',#10772,#1222);
#563=LINE('',#10785,#1223);
#564=LINE('',#10787,#1224);
#565=LINE('',#10789,#1225);
#566=LINE('',#10802,#1226);
#567=LINE('',#10815,#1227);
#568=LINE('',#10817,#1228);
#569=LINE('',#10819,#1229);
#570=LINE('',#10832,#1230);
#571=LINE('',#10845,#1231);
#572=LINE('',#10847,#1232);
#573=LINE('',#10849,#1233);
#574=LINE('',#10865,#1234);
#575=LINE('',#10866,#1235);
#576=LINE('',#10868,#1236);
#577=LINE('',#10870,#1237);
#578=LINE('',#10872,#1238);
#579=LINE('',#10874,#1239);
#580=LINE('',#10887,#1240);
#581=LINE('',#10889,#1241);
#582=LINE('',#10891,#1242);
#583=LINE('',#10904,#1243);
#584=LINE('',#10906,#1244);
#585=LINE('',#10908,#1245);
#586=LINE('',#10921,#1246);
#587=LINE('',#10923,#1247);
#588=LINE('',#10925,#1248);
#589=LINE('',#10938,#1249);
#590=LINE('',#10940,#1250);
#591=LINE('',#10942,#1251);
#592=LINE('',#10955,#1252);
#593=LINE('',#10957,#1253);
#594=LINE('',#10959,#1254);
#595=LINE('',#10972,#1255);
#596=LINE('',#10985,#1256);
#597=LINE('',#10987,#1257);
#598=LINE('',#10989,#1258);
#599=LINE('',#11002,#1259);
#600=LINE('',#11004,#1260);
#601=LINE('',#11006,#1261);
#602=LINE('',#11019,#1262);
#603=LINE('',#11021,#1263);
#604=LINE('',#11023,#1264);
#605=LINE('',#11036,#1265);
#606=LINE('',#11049,#1266);
#607=LINE('',#11051,#1267);
#608=LINE('',#11053,#1268);
#609=LINE('',#11069,#1269);
#610=LINE('',#11070,#1270);
#611=LINE('',#11072,#1271);
#612=LINE('',#11074,#1272);
#613=LINE('',#11087,#1273);
#614=LINE('',#11089,#1274);
#615=LINE('',#11091,#1275);
#616=LINE('',#11104,#1276);
#617=LINE('',#11117,#1277);
#618=LINE('',#11119,#1278);
#619=LINE('',#11121,#1279);
#620=LINE('',#11134,#1280);
#621=LINE('',#11136,#1281);
#622=LINE('',#11138,#1282);
#623=LINE('',#11151,#1283);
#624=LINE('',#11153,#1284);
#625=LINE('',#11155,#1285);
#626=LINE('',#11168,#1286);
#627=LINE('',#11181,#1287);
#628=LINE('',#11183,#1288);
#629=LINE('',#11185,#1289);
#630=LINE('',#11198,#1290);
#631=LINE('',#11211,#1291);
#632=LINE('',#11213,#1292);
#633=LINE('',#11215,#1293);
#634=LINE('',#11228,#1294);
#635=LINE('',#11241,#1295);
#636=LINE('',#11243,#1296);
#637=LINE('',#11245,#1297);
#638=LINE('',#11258,#1298);
#639=LINE('',#11261,#1299);
#640=LINE('',#11262,#1300);
#641=LINE('',#11275,#1301);
#642=LINE('',#11288,#1302);
#643=LINE('',#11290,#1303);
#644=LINE('',#11292,#1304);
#645=LINE('',#11305,#1305);
#646=LINE('',#11318,#1306);
#647=LINE('',#11320,#1307);
#648=LINE('',#11322,#1308);
#649=LINE('',#11326,#1309);
#650=LINE('',#11339,#1310);
#651=LINE('',#11341,#1311);
#652=LINE('',#11343,#1312);
#653=LINE('',#11345,#1313);
#654=LINE('',#11347,#1314);
#655=LINE('',#11360,#1315);
#656=LINE('',#11362,#1316);
#657=LINE('',#11364,#1317);
#658=LINE('',#11377,#1318);
#659=LINE('',#11379,#1319);
#660=LINE('',#11381,#1320);
#661=LINE('',#11394,#1321);
#662=LINE('',#11397,#1322);
#663=LINE('',#11398,#1323);
#664=LINE('',#11400,#1324);
#665=LINE('',#11402,#1325);
#666=LINE('',#11415,#1326);
#667=LINE('',#11419,#1327);
#668=LINE('',#11421,#1328);
#669=LINE('',#11423,#1329);
#670=LINE('',#11436,#1330);
#671=LINE('',#11449,#1331);
#672=LINE('',#11451,#1332);
#673=LINE('',#11453,#1333);
#674=LINE('',#11466,#1334);
#675=LINE('',#11479,#1335);
#676=LINE('',#11481,#1336);
#677=LINE('',#11483,#1337);
#678=LINE('',#11487,#1338);
#679=LINE('',#11500,#1339);
#680=LINE('',#11502,#1340);
#681=LINE('',#11504,#1341);
#682=LINE('',#11506,#1342);
#683=LINE('',#11508,#1343);
#684=LINE('',#11521,#1344);
#685=LINE('',#11523,#1345);
#686=LINE('',#11525,#1346);
#687=LINE('',#11538,#1347);
#688=LINE('',#11540,#1348);
#689=LINE('',#11542,#1349);
#690=LINE('',#11555,#1350);
#691=LINE('',#11557,#1351);
#692=LINE('',#11559,#1352);
#693=LINE('',#11572,#1353);
#694=LINE('',#11575,#1354);
#695=LINE('',#11576,#1355);
#696=LINE('',#11589,#1356);
#697=LINE('',#11591,#1357);
#698=LINE('',#11593,#1358);
#699=LINE('',#11606,#1359);
#700=LINE('',#11619,#1360);
#701=LINE('',#11621,#1361);
#702=LINE('',#11623,#1362);
#703=LINE('',#11636,#1363);
#704=LINE('',#11638,#1364);
#705=LINE('',#11640,#1365);
#706=LINE('',#11653,#1366);
#707=LINE('',#11655,#1367);
#708=LINE('',#11657,#1368);
#709=LINE('',#11670,#1369);
#710=LINE('',#11672,#1370);
#711=LINE('',#11674,#1371);
#712=LINE('',#11687,#1372);
#713=LINE('',#11689,#1373);
#714=LINE('',#11691,#1374);
#715=LINE('',#11693,#1375);
#716=LINE('',#11695,#1376);
#717=LINE('',#11708,#1377);
#718=LINE('',#11710,#1378);
#719=LINE('',#11712,#1379);
#720=LINE('',#11725,#1380);
#721=LINE('',#11727,#1381);
#722=LINE('',#11729,#1382);
#723=LINE('',#11742,#1383);
#724=LINE('',#11744,#1384);
#725=LINE('',#11746,#1385);
#726=LINE('',#11771,#1386);
#727=LINE('',#11772,#1387);
#728=LINE('',#11785,#1388);
#729=LINE('',#11787,#1389);
#730=LINE('',#11789,#1390);
#731=LINE('',#11802,#1391);
#732=LINE('',#11804,#1392);
#733=LINE('',#11806,#1393);
#734=LINE('',#11819,#1394);
#735=LINE('',#11821,#1395);
#736=LINE('',#11823,#1396);
#737=LINE('',#11836,#1397);
#738=LINE('',#11849,#1398);
#739=LINE('',#11851,#1399);
#740=LINE('',#11853,#1400);
#741=LINE('',#11866,#1401);
#742=LINE('',#11868,#1402);
#743=LINE('',#11870,#1403);
#744=LINE('',#11883,#1404);
#745=LINE('',#11896,#1405);
#746=LINE('',#11909,#1406);
#747=LINE('',#11922,#1407);
#748=LINE('',#11924,#1408);
#749=LINE('',#11926,#1409);
#750=LINE('',#11939,#1410);
#751=LINE('',#11941,#1411);
#752=LINE('',#11943,#1412);
#753=LINE('',#11956,#1413);
#754=LINE('',#11958,#1414);
#755=LINE('',#11960,#1415);
#756=LINE('',#11973,#1416);
#757=LINE('',#11986,#1417);
#758=LINE('',#11988,#1418);
#759=LINE('',#11990,#1419);
#760=LINE('',#12003,#1420);
#761=LINE('',#12005,#1421);
#762=LINE('',#12007,#1422);
#763=LINE('',#12020,#1423);
#764=LINE('',#12023,#1424);
#765=LINE('',#12024,#1425);
#766=LINE('',#12037,#1426);
#767=LINE('',#12050,#1427);
#768=LINE('',#12052,#1428);
#769=LINE('',#12054,#1429);
#770=LINE('',#12067,#1430);
#771=LINE('',#12080,#1431);
#772=LINE('',#12082,#1432);
#773=LINE('',#12084,#1433);
#774=LINE('',#12097,#1434);
#775=LINE('',#12099,#1435);
#776=LINE('',#12101,#1436);
#777=LINE('',#12114,#1437);
#778=LINE('',#12127,#1438);
#779=LINE('',#12129,#1439);
#780=LINE('',#12131,#1440);
#781=LINE('',#12144,#1441);
#782=LINE('',#12146,#1442);
#783=LINE('',#12148,#1443);
#784=LINE('',#12161,#1444);
#785=LINE('',#12174,#1445);
#786=LINE('',#12176,#1446);
#787=LINE('',#12178,#1447);
#788=LINE('',#12191,#1448);
#789=LINE('',#12193,#1449);
#790=LINE('',#12195,#1450);
#791=LINE('',#12208,#1451);
#792=LINE('',#12210,#1452);
#793=LINE('',#12212,#1453);
#794=LINE('',#12225,#1454);
#795=LINE('',#12227,#1455);
#796=LINE('',#12229,#1456);
#797=LINE('',#12242,#1457);
#798=LINE('',#12244,#1458);
#799=LINE('',#12246,#1459);
#800=LINE('',#12259,#1460);
#801=LINE('',#12261,#1461);
#802=LINE('',#12263,#1462);
#803=LINE('',#12276,#1463);
#804=LINE('',#12278,#1464);
#805=LINE('',#12280,#1465);
#806=LINE('',#12293,#1466);
#807=LINE('',#12306,#1467);
#808=LINE('',#12308,#1468);
#809=LINE('',#12310,#1469);
#810=LINE('',#12323,#1470);
#811=LINE('',#12326,#1471);
#812=LINE('',#12327,#1472);
#813=LINE('',#12340,#1473);
#814=LINE('',#12342,#1474);
#815=LINE('',#12344,#1475);
#816=LINE('',#12357,#1476);
#817=LINE('',#12359,#1477);
#818=LINE('',#12361,#1478);
#819=LINE('',#12374,#1479);
#820=LINE('',#12376,#1480);
#821=LINE('',#12378,#1481);
#822=LINE('',#12391,#1482);
#823=LINE('',#12394,#1483);
#824=LINE('',#12395,#1484);
#825=LINE('',#12408,#1485);
#826=LINE('',#12421,#1486);
#827=LINE('',#12423,#1487);
#828=LINE('',#12425,#1488);
#829=LINE('',#12438,#1489);
#830=LINE('',#12451,#1490);
#831=LINE('',#12453,#1491);
#832=LINE('',#12455,#1492);
#833=LINE('',#12459,#1493);
#834=LINE('',#12472,#1494);
#835=LINE('',#12474,#1495);
#836=LINE('',#12476,#1496);
#837=LINE('',#12478,#1497);
#838=LINE('',#12480,#1498);
#839=LINE('',#12493,#1499);
#840=LINE('',#12495,#1500);
#841=LINE('',#12497,#1501);
#842=LINE('',#12510,#1502);
#843=LINE('',#12512,#1503);
#844=LINE('',#12514,#1504);
#845=LINE('',#12539,#1505);
#846=LINE('',#12540,#1506);
#847=LINE('',#12542,#1507);
#848=LINE('',#12544,#1508);
#849=LINE('',#12557,#1509);
#850=LINE('',#12570,#1510);
#851=LINE('',#12572,#1511);
#852=LINE('',#12574,#1512);
#853=LINE('',#12587,#1513);
#854=LINE('',#12600,#1514);
#855=LINE('',#12602,#1515);
#856=LINE('',#12604,#1516);
#857=LINE('',#12617,#1517);
#858=LINE('',#12630,#1518);
#859=LINE('',#12632,#1519);
#860=LINE('',#12634,#1520);
#861=LINE('',#12647,#1521);
#862=LINE('',#12650,#1522);
#863=LINE('',#12652,#1523);
#864=LINE('',#12654,#1524);
#865=LINE('',#12660,#1525);
#866=LINE('',#12664,#1526);
#867=LINE('',#12668,#1527);
#868=LINE('',#12671,#1528);
#869=LINE('',#12673,#1529);
#870=LINE('',#12675,#1530);
#871=LINE('',#12677,#1531);
#872=LINE('',#12679,#1532);
#873=LINE('',#12681,#1533);
#874=LINE('',#12683,#1534);
#875=LINE('',#12685,#1535);
#876=LINE('',#12687,#1536);
#877=LINE('',#12689,#1537);
#878=LINE('',#12691,#1538);
#879=LINE('',#12694,#1539);
#880=LINE('',#12695,#1540);
#881=LINE('',#12697,#1541);
#882=LINE('',#12699,#1542);
#883=LINE('',#12701,#1543);
#884=LINE('',#12703,#1544);
#885=LINE('',#12705,#1545);
#886=LINE('',#12707,#1546);
#887=LINE('',#12709,#1547);
#888=LINE('',#12712,#1548);
#889=LINE('',#12713,#1549);
#890=LINE('',#12715,#1550);
#891=LINE('',#12717,#1551);
#892=LINE('',#12718,#1552);
#893=VECTOR('',#7401,1.);
#894=VECTOR('',#7402,1.);
#895=VECTOR('',#7403,1.);
#896=VECTOR('',#7404,1.);
#897=VECTOR('',#7407,1.);
#898=VECTOR('',#7408,1.);
#899=VECTOR('',#7409,1.);
#900=VECTOR('',#7410,1.);
#901=VECTOR('',#7413,1.);
#902=VECTOR('',#7414,1.);
#903=VECTOR('',#7415,1.);
#904=VECTOR('',#7416,1.);
#905=VECTOR('',#7419,1.);
#906=VECTOR('',#7420,1.);
#907=VECTOR('',#7421,1.);
#908=VECTOR('',#7422,1.);
#909=VECTOR('',#7425,1.);
#910=VECTOR('',#7426,1.);
#911=VECTOR('',#7427,1.);
#912=VECTOR('',#7428,1.);
#913=VECTOR('',#7431,1.);
#914=VECTOR('',#7432,1.);
#915=VECTOR('',#7433,1.);
#916=VECTOR('',#7434,1.);
#917=VECTOR('',#7437,1.);
#918=VECTOR('',#7438,1.);
#919=VECTOR('',#7439,1.);
#920=VECTOR('',#7440,1.);
#921=VECTOR('',#7443,1.);
#922=VECTOR('',#7444,1.);
#923=VECTOR('',#7445,1.);
#924=VECTOR('',#7446,1.);
#925=VECTOR('',#7447,1.);
#926=VECTOR('',#7448,1.);
#927=VECTOR('',#7449,1.);
#928=VECTOR('',#7452,1.);
#929=VECTOR('',#7453,1.);
#930=VECTOR('',#7454,1.);
#931=VECTOR('',#7455,1.);
#932=VECTOR('',#7458,1.);
#933=VECTOR('',#7459,1.);
#934=VECTOR('',#7460,1.);
#935=VECTOR('',#7463,1.);
#936=VECTOR('',#7464,1.);
#937=VECTOR('',#7465,1.);
#938=VECTOR('',#7468,1.);
#939=VECTOR('',#7469,1.);
#940=VECTOR('',#7470,1.);
#941=VECTOR('',#7473,1.);
#942=VECTOR('',#7474,1.);
#943=VECTOR('',#7475,1.);
#944=VECTOR('',#7476,1.);
#945=VECTOR('',#7479,1.);
#946=VECTOR('',#7480,1.);
#947=VECTOR('',#7481,1.);
#948=VECTOR('',#7482,1.);
#949=VECTOR('',#7485,1.);
#950=VECTOR('',#7486,1.);
#951=VECTOR('',#7487,1.);
#952=VECTOR('',#7490,1.);
#953=VECTOR('',#7491,1.);
#954=VECTOR('',#7492,1.);
#955=VECTOR('',#7495,1.);
#956=VECTOR('',#7496,1.);
#957=VECTOR('',#7497,1.);
#958=VECTOR('',#7498,1.);
#959=VECTOR('',#7501,1.);
#960=VECTOR('',#7502,1.);
#961=VECTOR('',#7503,1.);
#962=VECTOR('',#7504,1.);
#963=VECTOR('',#7507,1.);
#964=VECTOR('',#7508,1.);
#965=VECTOR('',#7509,1.);
#966=VECTOR('',#7512,1.);
#967=VECTOR('',#7513,1.);
#968=VECTOR('',#7514,1.);
#969=VECTOR('',#7517,1.);
#970=VECTOR('',#7518,1.);
#971=VECTOR('',#7519,1.);
#972=VECTOR('',#7520,1.);
#973=VECTOR('',#7523,1.);
#974=VECTOR('',#7524,1.);
#975=VECTOR('',#7525,1.);
#976=VECTOR('',#7526,1.);
#977=VECTOR('',#7529,1.);
#978=VECTOR('',#7530,1.);
#979=VECTOR('',#7531,1.);
#980=VECTOR('',#7534,1.);
#981=VECTOR('',#7535,1.);
#982=VECTOR('',#7536,1.);
#983=VECTOR('',#7537,1.);
#984=VECTOR('',#7540,1.);
#985=VECTOR('',#7541,1.);
#986=VECTOR('',#7542,1.);
#987=VECTOR('',#7543,1.);
#988=VECTOR('',#7546,1.);
#989=VECTOR('',#7547,1.);
#990=VECTOR('',#7548,1.);
#991=VECTOR('',#7551,1.);
#992=VECTOR('',#7552,1.);
#993=VECTOR('',#7553,1.);
#994=VECTOR('',#7556,1.);
#995=VECTOR('',#7557,1.);
#996=VECTOR('',#7558,1.);
#997=VECTOR('',#7559,1.);
#998=VECTOR('',#7562,1.);
#999=VECTOR('',#7563,1.);
#1000=VECTOR('',#7564,1.);
#1001=VECTOR('',#7565,1.);
#1002=VECTOR('',#7568,1.);
#1003=VECTOR('',#7569,1.);
#1004=VECTOR('',#7570,1.);
#1005=VECTOR('',#7573,1.);
#1006=VECTOR('',#7574,1.);
#1007=VECTOR('',#7575,1.);
#1008=VECTOR('',#7578,1.);
#1009=VECTOR('',#7579,1.);
#1010=VECTOR('',#7580,1.);
#1011=VECTOR('',#7581,1.);
#1012=VECTOR('',#7584,1.);
#1013=VECTOR('',#7585,1.);
#1014=VECTOR('',#7586,1.);
#1015=VECTOR('',#7587,1.);
#1016=VECTOR('',#7590,1.);
#1017=VECTOR('',#7591,1.);
#1018=VECTOR('',#7592,1.);
#1019=VECTOR('',#7595,1.);
#1020=VECTOR('',#7596,1.);
#1021=VECTOR('',#7597,1.);
#1022=VECTOR('',#7600,1.);
#1023=VECTOR('',#7601,1.);
#1024=VECTOR('',#7602,1.);
#1025=VECTOR('',#7603,1.);
#1026=VECTOR('',#7606,1.);
#1027=VECTOR('',#7607,1.);
#1028=VECTOR('',#7608,1.);
#1029=VECTOR('',#7609,1.);
#1030=VECTOR('',#7612,1.);
#1031=VECTOR('',#7613,1.);
#1032=VECTOR('',#7614,1.);
#1033=VECTOR('',#7615,1.);
#1034=VECTOR('',#7618,1.);
#1035=VECTOR('',#7619,1.);
#1036=VECTOR('',#7620,1.);
#1037=VECTOR('',#7621,1.);
#1038=VECTOR('',#7624,1.);
#1039=VECTOR('',#7627,1.);
#1040=VECTOR('',#7628,1.);
#1041=VECTOR('',#7629,1.);
#1042=VECTOR('',#7632,1.);
#1043=VECTOR('',#7633,1.);
#1044=VECTOR('',#7634,1.);
#1045=VECTOR('',#7637,1.);
#1046=VECTOR('',#7638,1.);
#1047=VECTOR('',#7639,1.);
#1048=VECTOR('',#7640,1.);
#1049=VECTOR('',#7643,1.);
#1050=VECTOR('',#7644,1.);
#1051=VECTOR('',#7645,1.);
#1052=VECTOR('',#7646,1.);
#1053=VECTOR('',#7647,1.);
#1054=VECTOR('',#7648,1.);
#1055=VECTOR('',#7649,1.);
#1056=VECTOR('',#7650,1.);
#1057=VECTOR('',#7653,1.);
#1058=VECTOR('',#7656,1.);
#1059=VECTOR('',#7657,1.);
#1060=VECTOR('',#7658,1.);
#1061=VECTOR('',#7659,1.);
#1062=VECTOR('',#7660,1.);
#1063=VECTOR('',#7661,1.);
#1064=VECTOR('',#7664,1.);
#1065=VECTOR('',#7667,1.);
#1066=VECTOR('',#7668,1.);
#1067=VECTOR('',#7669,1.);
#1068=VECTOR('',#7670,1.);
#1069=VECTOR('',#7671,1.);
#1070=VECTOR('',#7672,1.);
#1071=VECTOR('',#7673,1.);
#1072=VECTOR('',#7674,1.);
#1073=VECTOR('',#7675,1.);
#1074=VECTOR('',#7676,1.);
#1075=VECTOR('',#7679,1.);
#1076=VECTOR('',#7680,1.);
#1077=VECTOR('',#7681,1.);
#1078=VECTOR('',#7682,1.);
#1079=VECTOR('',#7683,1.);
#1080=VECTOR('',#7684,1.);
#1081=VECTOR('',#7685,1.);
#1082=VECTOR('',#7686,1.);
#1083=VECTOR('',#7689,1.);
#1084=VECTOR('',#7690,1.);
#1085=VECTOR('',#7691,1.);
#1086=VECTOR('',#7692,1.);
#1087=VECTOR('',#7695,1.);
#1088=VECTOR('',#7696,1.);
#1089=VECTOR('',#7697,1.);
#1090=VECTOR('',#7700,1.);
#1091=VECTOR('',#7701,1.);
#1092=VECTOR('',#7702,1.);
#1093=VECTOR('',#7705,1.);
#1094=VECTOR('',#7706,1.);
#1095=VECTOR('',#7707,1.);
#1096=VECTOR('',#7710,1.);
#1097=VECTOR('',#7711,1.);
#1098=VECTOR('',#7712,1.);
#1099=VECTOR('',#7713,1.);
#1100=VECTOR('',#7716,1.);
#1101=VECTOR('',#7717,1.);
#1102=VECTOR('',#7718,1.);
#1103=VECTOR('',#7719,1.);
#1104=VECTOR('',#7720,1.);
#1105=VECTOR('',#7721,1.);
#1106=VECTOR('',#7722,1.);
#1107=VECTOR('',#7723,1.);
#1108=VECTOR('',#7724,1.);
#1109=VECTOR('',#7725,1.);
#1110=VECTOR('',#7726,1.);
#1111=VECTOR('',#7729,1.);
#1112=VECTOR('',#7730,1.);
#1113=VECTOR('',#7731,1.);
#1114=VECTOR('',#7732,1.);
#1115=VECTOR('',#7733,1.);
#1116=VECTOR('',#7734,1.);
#1117=VECTOR('',#7735,1.);
#1118=VECTOR('',#7736,1.);
#1119=VECTOR('',#7737,1.);
#1120=VECTOR('',#7738,1.);
#1121=VECTOR('',#7741,1.);
#1122=VECTOR('',#7742,1.);
#1123=VECTOR('',#7743,1.);
#1124=VECTOR('',#7744,1.);
#1125=VECTOR('',#7745,1.);
#1126=VECTOR('',#7746,1.);
#1127=VECTOR('',#7747,1.);
#1128=VECTOR('',#7748,1.);
#1129=VECTOR('',#7749,1.);
#1130=VECTOR('',#7750,1.);
#1131=VECTOR('',#7751,1.);
#1132=VECTOR('',#7752,1.);
#1133=VECTOR('',#7753,1.);
#1134=VECTOR('',#7754,1.);
#1135=VECTOR('',#7757,1.);
#1136=VECTOR('',#7758,1.);
#1137=VECTOR('',#7759,1.);
#1138=VECTOR('',#7760,1.);
#1139=VECTOR('',#7763,1.);
#1140=VECTOR('',#7764,1.);
#1141=VECTOR('',#7765,1.);
#1142=VECTOR('',#7766,1.);
#1143=VECTOR('',#7769,1.);
#1144=VECTOR('',#7770,1.);
#1145=VECTOR('',#7771,1.);
#1146=VECTOR('',#7774,1.);
#1147=VECTOR('',#7775,1.);
#1148=VECTOR('',#7776,1.);
#1149=VECTOR('',#7777,1.);
#1150=VECTOR('',#7780,1.);
#1151=VECTOR('',#7781,1.);
#1152=VECTOR('',#7782,1.);
#1153=VECTOR('',#7785,1.);
#1154=VECTOR('',#7786,1.);
#1155=VECTOR('',#7787,1.);
#1156=VECTOR('',#7792,1.);
#1157=VECTOR('',#7795,1.);
#1158=VECTOR('',#7796,1.);
#1159=VECTOR('',#7797,1.);
#1160=VECTOR('',#7798,1.);
#1161=VECTOR('',#7801,1.);
#1162=VECTOR('',#7802,1.);
#1163=VECTOR('',#7803,1.);
#1164=VECTOR('',#7804,1.);
#1165=VECTOR('',#7807,1.);
#1166=VECTOR('',#7808,1.);
#1167=VECTOR('',#7813,1.);
#1168=VECTOR('',#7814,1.);
#1169=VECTOR('',#7817,1.);
#1170=VECTOR('',#7818,1.);
#1171=VECTOR('',#7821,1.);
#1172=VECTOR('',#7822,1.);
#1173=VECTOR('',#7823,1.);
#1174=VECTOR('',#7826,1.);
#1175=VECTOR('',#7827,1.);
#1176=VECTOR('',#7828,1.);
#1177=VECTOR('',#7831,1.);
#1178=VECTOR('',#7832,1.);
#1179=VECTOR('',#7833,1.);
#1180=VECTOR('',#7836,1.);
#1181=VECTOR('',#7837,1.);
#1182=VECTOR('',#7838,1.);
#1183=VECTOR('',#7839,1.);
#1184=VECTOR('',#7842,1.);
#1185=VECTOR('',#7843,1.);
#1186=VECTOR('',#7844,1.);
#1187=VECTOR('',#7847,1.);
#1188=VECTOR('',#7848,1.);
#1189=VECTOR('',#7849,1.);
#1190=VECTOR('',#7850,1.);
#1191=VECTOR('',#7853,1.);
#1192=VECTOR('',#7854,1.);
#1193=VECTOR('',#7855,1.);
#1194=VECTOR('',#7858,1.);
#1195=VECTOR('',#7859,1.);
#1196=VECTOR('',#7860,1.);
#1197=VECTOR('',#7863,1.);
#1198=VECTOR('',#7864,1.);
#1199=VECTOR('',#7865,1.);
#1200=VECTOR('',#7866,1.);
#1201=VECTOR('',#7869,1.);
#1202=VECTOR('',#7870,1.);
#1203=VECTOR('',#7871,1.);
#1204=VECTOR('',#7872,1.);
#1205=VECTOR('',#7875,1.);
#1206=VECTOR('',#7876,1.);
#1207=VECTOR('',#7877,1.);
#1208=VECTOR('',#7878,1.);
#1209=VECTOR('',#7881,1.);
#1210=VECTOR('',#7882,1.);
#1211=VECTOR('',#7883,1.);
#1212=VECTOR('',#7884,1.);
#1213=VECTOR('',#7887,1.);
#1214=VECTOR('',#7888,1.);
#1215=VECTOR('',#7891,1.);
#1216=VECTOR('',#7892,1.);
#1217=VECTOR('',#7893,1.);
#1218=VECTOR('',#7896,1.);
#1219=VECTOR('',#7897,1.);
#1220=VECTOR('',#7898,1.);
#1221=VECTOR('',#7901,1.);
#1222=VECTOR('',#7902,1.);
#1223=VECTOR('',#7903,1.);
#1224=VECTOR('',#7906,1.);
#1225=VECTOR('',#7907,1.);
#1226=VECTOR('',#7908,1.);
#1227=VECTOR('',#7909,1.);
#1228=VECTOR('',#7912,1.);
#1229=VECTOR('',#7913,1.);
#1230=VECTOR('',#7914,1.);
#1231=VECTOR('',#7915,1.);
#1232=VECTOR('',#7918,1.);
#1233=VECTOR('',#7919,1.);
#1234=VECTOR('',#7924,1.);
#1235=VECTOR('',#7925,1.);
#1236=VECTOR('',#7928,1.);
#1237=VECTOR('',#7929,1.);
#1238=VECTOR('',#7932,1.);
#1239=VECTOR('',#7933,1.);
#1240=VECTOR('',#7934,1.);
#1241=VECTOR('',#7937,1.);
#1242=VECTOR('',#7938,1.);
#1243=VECTOR('',#7939,1.);
#1244=VECTOR('',#7942,1.);
#1245=VECTOR('',#7943,1.);
#1246=VECTOR('',#7944,1.);
#1247=VECTOR('',#7947,1.);
#1248=VECTOR('',#7948,1.);
#1249=VECTOR('',#7949,1.);
#1250=VECTOR('',#7952,1.);
#1251=VECTOR('',#7953,1.);
#1252=VECTOR('',#7954,1.);
#1253=VECTOR('',#7957,1.);
#1254=VECTOR('',#7958,1.);
#1255=VECTOR('',#7959,1.);
#1256=VECTOR('',#7960,1.);
#1257=VECTOR('',#7963,1.);
#1258=VECTOR('',#7964,1.);
#1259=VECTOR('',#7965,1.);
#1260=VECTOR('',#7968,1.);
#1261=VECTOR('',#7969,1.);
#1262=VECTOR('',#7970,1.);
#1263=VECTOR('',#7973,1.);
#1264=VECTOR('',#7974,1.);
#1265=VECTOR('',#7975,1.);
#1266=VECTOR('',#7976,1.);
#1267=VECTOR('',#7979,1.);
#1268=VECTOR('',#7980,1.);
#1269=VECTOR('',#7985,1.);
#1270=VECTOR('',#7986,1.);
#1271=VECTOR('',#7989,1.);
#1272=VECTOR('',#7990,1.);
#1273=VECTOR('',#7991,1.);
#1274=VECTOR('',#7994,1.);
#1275=VECTOR('',#7995,1.);
#1276=VECTOR('',#7996,1.);
#1277=VECTOR('',#7997,1.);
#1278=VECTOR('',#8000,1.);
#1279=VECTOR('',#8001,1.);
#1280=VECTOR('',#8002,1.);
#1281=VECTOR('',#8005,1.);
#1282=VECTOR('',#8006,1.);
#1283=VECTOR('',#8007,1.);
#1284=VECTOR('',#8010,1.);
#1285=VECTOR('',#8011,1.);
#1286=VECTOR('',#8012,1.);
#1287=VECTOR('',#8013,1.);
#1288=VECTOR('',#8016,1.);
#1289=VECTOR('',#8017,1.);
#1290=VECTOR('',#8018,1.);
#1291=VECTOR('',#8019,1.);
#1292=VECTOR('',#8022,1.);
#1293=VECTOR('',#8023,1.);
#1294=VECTOR('',#8024,1.);
#1295=VECTOR('',#8025,1.);
#1296=VECTOR('',#8028,1.);
#1297=VECTOR('',#8029,1.);
#1298=VECTOR('',#8032,1.);
#1299=VECTOR('',#8033,1.);
#1300=VECTOR('',#8034,1.);
#1301=VECTOR('',#8035,1.);
#1302=VECTOR('',#8036,1.);
#1303=VECTOR('',#8039,1.);
#1304=VECTOR('',#8040,1.);
#1305=VECTOR('',#8041,1.);
#1306=VECTOR('',#8042,1.);
#1307=VECTOR('',#8045,1.);
#1308=VECTOR('',#8046,1.);
#1309=VECTOR('',#8051,1.);
#1310=VECTOR('',#8052,1.);
#1311=VECTOR('',#8055,1.);
#1312=VECTOR('',#8056,1.);
#1313=VECTOR('',#8059,1.);
#1314=VECTOR('',#8060,1.);
#1315=VECTOR('',#8061,1.);
#1316=VECTOR('',#8064,1.);
#1317=VECTOR('',#8065,1.);
#1318=VECTOR('',#8066,1.);
#1319=VECTOR('',#8069,1.);
#1320=VECTOR('',#8070,1.);
#1321=VECTOR('',#8073,1.);
#1322=VECTOR('',#8074,1.);
#1323=VECTOR('',#8075,1.);
#1324=VECTOR('',#8078,1.);
#1325=VECTOR('',#8079,1.);
#1326=VECTOR('',#8080,1.);
#1327=VECTOR('',#8085,1.);
#1328=VECTOR('',#8088,1.);
#1329=VECTOR('',#8089,1.);
#1330=VECTOR('',#8090,1.);
#1331=VECTOR('',#8091,1.);
#1332=VECTOR('',#8094,1.);
#1333=VECTOR('',#8095,1.);
#1334=VECTOR('',#8096,1.);
#1335=VECTOR('',#8097,1.);
#1336=VECTOR('',#8100,1.);
#1337=VECTOR('',#8101,1.);
#1338=VECTOR('',#8106,1.);
#1339=VECTOR('',#8107,1.);
#1340=VECTOR('',#8110,1.);
#1341=VECTOR('',#8111,1.);
#1342=VECTOR('',#8114,1.);
#1343=VECTOR('',#8115,1.);
#1344=VECTOR('',#8116,1.);
#1345=VECTOR('',#8119,1.);
#1346=VECTOR('',#8120,1.);
#1347=VECTOR('',#8121,1.);
#1348=VECTOR('',#8124,1.);
#1349=VECTOR('',#8125,1.);
#1350=VECTOR('',#8126,1.);
#1351=VECTOR('',#8129,1.);
#1352=VECTOR('',#8130,1.);
#1353=VECTOR('',#8133,1.);
#1354=VECTOR('',#8134,1.);
#1355=VECTOR('',#8135,1.);
#1356=VECTOR('',#8136,1.);
#1357=VECTOR('',#8139,1.);
#1358=VECTOR('',#8140,1.);
#1359=VECTOR('',#8141,1.);
#1360=VECTOR('',#8142,1.);
#1361=VECTOR('',#8145,1.);
#1362=VECTOR('',#8146,1.);
#1363=VECTOR('',#8147,1.);
#1364=VECTOR('',#8150,1.);
#1365=VECTOR('',#8151,1.);
#1366=VECTOR('',#8152,1.);
#1367=VECTOR('',#8155,1.);
#1368=VECTOR('',#8156,1.);
#1369=VECTOR('',#8157,1.);
#1370=VECTOR('',#8160,1.);
#1371=VECTOR('',#8161,1.);
#1372=VECTOR('',#8162,1.);
#1373=VECTOR('',#8165,1.);
#1374=VECTOR('',#8166,1.);
#1375=VECTOR('',#8169,1.);
#1376=VECTOR('',#8170,1.);
#1377=VECTOR('',#8171,1.);
#1378=VECTOR('',#8174,1.);
#1379=VECTOR('',#8175,1.);
#1380=VECTOR('',#8176,1.);
#1381=VECTOR('',#8179,1.);
#1382=VECTOR('',#8180,1.);
#1383=VECTOR('',#8181,1.);
#1384=VECTOR('',#8184,1.);
#1385=VECTOR('',#8185,1.);
#1386=VECTOR('',#8186,1.);
#1387=VECTOR('',#8187,1.);
#1388=VECTOR('',#8188,1.);
#1389=VECTOR('',#8191,1.);
#1390=VECTOR('',#8192,1.);
#1391=VECTOR('',#8193,1.);
#1392=VECTOR('',#8196,1.);
#1393=VECTOR('',#8197,1.);
#1394=VECTOR('',#8198,1.);
#1395=VECTOR('',#8201,1.);
#1396=VECTOR('',#8202,1.);
#1397=VECTOR('',#8203,1.);
#1398=VECTOR('',#8204,1.);
#1399=VECTOR('',#8207,1.);
#1400=VECTOR('',#8208,1.);
#1401=VECTOR('',#8209,1.);
#1402=VECTOR('',#8212,1.);
#1403=VECTOR('',#8213,1.);
#1404=VECTOR('',#8214,1.);
#1405=VECTOR('',#8215,1.);
#1406=VECTOR('',#8216,1.);
#1407=VECTOR('',#8217,1.);
#1408=VECTOR('',#8220,1.);
#1409=VECTOR('',#8221,1.);
#1410=VECTOR('',#8222,1.);
#1411=VECTOR('',#8225,1.);
#1412=VECTOR('',#8226,1.);
#1413=VECTOR('',#8227,1.);
#1414=VECTOR('',#8230,1.);
#1415=VECTOR('',#8231,1.);
#1416=VECTOR('',#8232,1.);
#1417=VECTOR('',#8233,1.);
#1418=VECTOR('',#8236,1.);
#1419=VECTOR('',#8237,1.);
#1420=VECTOR('',#8238,1.);
#1421=VECTOR('',#8241,1.);
#1422=VECTOR('',#8242,1.);
#1423=VECTOR('',#8245,1.);
#1424=VECTOR('',#8246,1.);
#1425=VECTOR('',#8247,1.);
#1426=VECTOR('',#8248,1.);
#1427=VECTOR('',#8249,1.);
#1428=VECTOR('',#8252,1.);
#1429=VECTOR('',#8253,1.);
#1430=VECTOR('',#8254,1.);
#1431=VECTOR('',#8255,1.);
#1432=VECTOR('',#8258,1.);
#1433=VECTOR('',#8259,1.);
#1434=VECTOR('',#8260,1.);
#1435=VECTOR('',#8263,1.);
#1436=VECTOR('',#8264,1.);
#1437=VECTOR('',#8265,1.);
#1438=VECTOR('',#8266,1.);
#1439=VECTOR('',#8269,1.);
#1440=VECTOR('',#8270,1.);
#1441=VECTOR('',#8271,1.);
#1442=VECTOR('',#8274,1.);
#1443=VECTOR('',#8275,1.);
#1444=VECTOR('',#8276,1.);
#1445=VECTOR('',#8277,1.);
#1446=VECTOR('',#8280,1.);
#1447=VECTOR('',#8281,1.);
#1448=VECTOR('',#8282,1.);
#1449=VECTOR('',#8285,1.);
#1450=VECTOR('',#8286,1.);
#1451=VECTOR('',#8287,1.);
#1452=VECTOR('',#8290,1.);
#1453=VECTOR('',#8291,1.);
#1454=VECTOR('',#8292,1.);
#1455=VECTOR('',#8295,1.);
#1456=VECTOR('',#8296,1.);
#1457=VECTOR('',#8297,1.);
#1458=VECTOR('',#8300,1.);
#1459=VECTOR('',#8301,1.);
#1460=VECTOR('',#8302,1.);
#1461=VECTOR('',#8305,1.);
#1462=VECTOR('',#8306,1.);
#1463=VECTOR('',#8307,1.);
#1464=VECTOR('',#8310,1.);
#1465=VECTOR('',#8311,1.);
#1466=VECTOR('',#8312,1.);
#1467=VECTOR('',#8313,1.);
#1468=VECTOR('',#8316,1.);
#1469=VECTOR('',#8317,1.);
#1470=VECTOR('',#8320,1.);
#1471=VECTOR('',#8321,1.);
#1472=VECTOR('',#8322,1.);
#1473=VECTOR('',#8323,1.);
#1474=VECTOR('',#8326,1.);
#1475=VECTOR('',#8327,1.);
#1476=VECTOR('',#8328,1.);
#1477=VECTOR('',#8331,1.);
#1478=VECTOR('',#8332,1.);
#1479=VECTOR('',#8333,1.);
#1480=VECTOR('',#8336,1.);
#1481=VECTOR('',#8337,1.);
#1482=VECTOR('',#8340,1.);
#1483=VECTOR('',#8341,1.);
#1484=VECTOR('',#8342,1.);
#1485=VECTOR('',#8343,1.);
#1486=VECTOR('',#8344,1.);
#1487=VECTOR('',#8347,1.);
#1488=VECTOR('',#8348,1.);
#1489=VECTOR('',#8349,1.);
#1490=VECTOR('',#8350,1.);
#1491=VECTOR('',#8353,1.);
#1492=VECTOR('',#8354,1.);
#1493=VECTOR('',#8359,1.);
#1494=VECTOR('',#8360,1.);
#1495=VECTOR('',#8363,1.);
#1496=VECTOR('',#8364,1.);
#1497=VECTOR('',#8367,1.);
#1498=VECTOR('',#8368,1.);
#1499=VECTOR('',#8369,1.);
#1500=VECTOR('',#8372,1.);
#1501=VECTOR('',#8373,1.);
#1502=VECTOR('',#8374,1.);
#1503=VECTOR('',#8377,1.);
#1504=VECTOR('',#8378,1.);
#1505=VECTOR('',#8379,1.);
#1506=VECTOR('',#8380,1.);
#1507=VECTOR('',#8383,1.);
#1508=VECTOR('',#8384,1.);
#1509=VECTOR('',#8385,1.);
#1510=VECTOR('',#8386,1.);
#1511=VECTOR('',#8389,1.);
#1512=VECTOR('',#8390,1.);
#1513=VECTOR('',#8391,1.);
#1514=VECTOR('',#8392,1.);
#1515=VECTOR('',#8395,1.);
#1516=VECTOR('',#8396,1.);
#1517=VECTOR('',#8397,1.);
#1518=VECTOR('',#8398,1.);
#1519=VECTOR('',#8401,1.);
#1520=VECTOR('',#8402,1.);
#1521=VECTOR('',#8405,1.);
#1522=VECTOR('',#8406,1.);
#1523=VECTOR('',#8407,1.);
#1524=VECTOR('',#8408,1.);
#1525=VECTOR('',#8415,1.);
#1526=VECTOR('',#8420,1.);
#1527=VECTOR('',#8425,1.);
#1528=VECTOR('',#8426,1.);
#1529=VECTOR('',#8427,1.);
#1530=VECTOR('',#8428,1.);
#1531=VECTOR('',#8429,1.);
#1532=VECTOR('',#8430,1.);
#1533=VECTOR('',#8433,1.);
#1534=VECTOR('',#8434,1.);
#1535=VECTOR('',#8435,1.);
#1536=VECTOR('',#8438,1.);
#1537=VECTOR('',#8439,1.);
#1538=VECTOR('',#8442,1.);
#1539=VECTOR('',#8443,1.);
#1540=VECTOR('',#8444,1.);
#1541=VECTOR('',#8447,1.);
#1542=VECTOR('',#8448,1.);
#1543=VECTOR('',#8451,1.);
#1544=VECTOR('',#8454,1.);
#1545=VECTOR('',#8455,1.);
#1546=VECTOR('',#8456,1.);
#1547=VECTOR('',#8459,1.);
#1548=VECTOR('',#8460,1.);
#1549=VECTOR('',#8461,1.);
#1550=VECTOR('',#8464,1.);
#1551=VECTOR('',#8467,1.);
#1552=VECTOR('',#8468,1.);
#1553=ORIENTED_EDGE('',*,*,#3677,.T.);
#1554=ORIENTED_EDGE('',*,*,#3678,.T.);
#1555=ORIENTED_EDGE('',*,*,#3679,.T.);
#1556=ORIENTED_EDGE('',*,*,#3680,.T.);
#1557=ORIENTED_EDGE('',*,*,#3681,.T.);
#1558=ORIENTED_EDGE('',*,*,#3682,.T.);
#1559=ORIENTED_EDGE('',*,*,#3683,.T.);
#1560=ORIENTED_EDGE('',*,*,#3684,.T.);
#1561=ORIENTED_EDGE('',*,*,#3685,.T.);
#1562=ORIENTED_EDGE('',*,*,#3686,.T.);
#1563=ORIENTED_EDGE('',*,*,#3687,.T.);
#1564=ORIENTED_EDGE('',*,*,#3688,.T.);
#1565=ORIENTED_EDGE('',*,*,#3689,.T.);
#1566=ORIENTED_EDGE('',*,*,#3690,.T.);
#1567=ORIENTED_EDGE('',*,*,#3691,.T.);
#1568=ORIENTED_EDGE('',*,*,#3692,.T.);
#1569=ORIENTED_EDGE('',*,*,#3693,.T.);
#1570=ORIENTED_EDGE('',*,*,#3694,.T.);
#1571=ORIENTED_EDGE('',*,*,#3695,.T.);
#1572=ORIENTED_EDGE('',*,*,#3696,.T.);
#1573=ORIENTED_EDGE('',*,*,#3697,.T.);
#1574=ORIENTED_EDGE('',*,*,#3698,.T.);
#1575=ORIENTED_EDGE('',*,*,#3699,.T.);
#1576=ORIENTED_EDGE('',*,*,#3700,.T.);
#1577=ORIENTED_EDGE('',*,*,#3701,.T.);
#1578=ORIENTED_EDGE('',*,*,#3702,.T.);
#1579=ORIENTED_EDGE('',*,*,#3703,.T.);
#1580=ORIENTED_EDGE('',*,*,#3704,.T.);
#1581=ORIENTED_EDGE('',*,*,#3705,.T.);
#1582=ORIENTED_EDGE('',*,*,#3706,.T.);
#1583=ORIENTED_EDGE('',*,*,#3707,.T.);
#1584=ORIENTED_EDGE('',*,*,#3708,.T.);
#1585=ORIENTED_EDGE('',*,*,#3709,.T.);
#1586=ORIENTED_EDGE('',*,*,#3710,.T.);
#1587=ORIENTED_EDGE('',*,*,#3711,.T.);
#1588=ORIENTED_EDGE('',*,*,#3712,.T.);
#1589=ORIENTED_EDGE('',*,*,#3713,.T.);
#1590=ORIENTED_EDGE('',*,*,#3714,.T.);
#1591=ORIENTED_EDGE('',*,*,#3715,.T.);
#1592=ORIENTED_EDGE('',*,*,#3716,.T.);
#1593=ORIENTED_EDGE('',*,*,#3717,.T.);
#1594=ORIENTED_EDGE('',*,*,#3718,.T.);
#1595=ORIENTED_EDGE('',*,*,#3719,.T.);
#1596=ORIENTED_EDGE('',*,*,#3720,.T.);
#1597=ORIENTED_EDGE('',*,*,#3721,.T.);
#1598=ORIENTED_EDGE('',*,*,#3722,.T.);
#1599=ORIENTED_EDGE('',*,*,#3723,.T.);
#1600=ORIENTED_EDGE('',*,*,#3724,.T.);
#1601=ORIENTED_EDGE('',*,*,#3725,.T.);
#1602=ORIENTED_EDGE('',*,*,#3726,.T.);
#1603=ORIENTED_EDGE('',*,*,#3727,.T.);
#1604=ORIENTED_EDGE('',*,*,#3728,.T.);
#1605=ORIENTED_EDGE('',*,*,#3729,.T.);
#1606=ORIENTED_EDGE('',*,*,#3730,.T.);
#1607=ORIENTED_EDGE('',*,*,#3731,.T.);
#1608=ORIENTED_EDGE('',*,*,#3732,.T.);
#1609=ORIENTED_EDGE('',*,*,#3733,.T.);
#1610=ORIENTED_EDGE('',*,*,#3734,.T.);
#1611=ORIENTED_EDGE('',*,*,#3735,.T.);
#1612=ORIENTED_EDGE('',*,*,#3736,.T.);
#1613=ORIENTED_EDGE('',*,*,#3737,.T.);
#1614=ORIENTED_EDGE('',*,*,#3738,.T.);
#1615=ORIENTED_EDGE('',*,*,#3739,.T.);
#1616=ORIENTED_EDGE('',*,*,#3740,.T.);
#1617=ORIENTED_EDGE('',*,*,#3741,.T.);
#1618=ORIENTED_EDGE('',*,*,#3742,.T.);
#1619=ORIENTED_EDGE('',*,*,#3743,.T.);
#1620=ORIENTED_EDGE('',*,*,#3744,.T.);
#1621=ORIENTED_EDGE('',*,*,#3745,.T.);
#1622=ORIENTED_EDGE('',*,*,#3746,.T.);
#1623=ORIENTED_EDGE('',*,*,#3747,.T.);
#1624=ORIENTED_EDGE('',*,*,#3748,.T.);
#1625=ORIENTED_EDGE('',*,*,#3749,.T.);
#1626=ORIENTED_EDGE('',*,*,#3750,.T.);
#1627=ORIENTED_EDGE('',*,*,#3751,.T.);
#1628=ORIENTED_EDGE('',*,*,#3752,.T.);
#1629=ORIENTED_EDGE('',*,*,#3753,.T.);
#1630=ORIENTED_EDGE('',*,*,#3754,.T.);
#1631=ORIENTED_EDGE('',*,*,#3755,.T.);
#1632=ORIENTED_EDGE('',*,*,#3756,.T.);
#1633=ORIENTED_EDGE('',*,*,#3757,.T.);
#1634=ORIENTED_EDGE('',*,*,#3758,.T.);
#1635=ORIENTED_EDGE('',*,*,#3679,.F.);
#1636=ORIENTED_EDGE('',*,*,#3759,.F.);
#1637=ORIENTED_EDGE('',*,*,#3760,.T.);
#1638=ORIENTED_EDGE('',*,*,#3761,.T.);
#1639=ORIENTED_EDGE('',*,*,#3680,.F.);
#1640=ORIENTED_EDGE('',*,*,#3761,.F.);
#1641=ORIENTED_EDGE('',*,*,#3762,.T.);
#1642=ORIENTED_EDGE('',*,*,#3763,.T.);
#1643=ORIENTED_EDGE('',*,*,#3681,.F.);
#1644=ORIENTED_EDGE('',*,*,#3763,.F.);
#1645=ORIENTED_EDGE('',*,*,#3764,.T.);
#1646=ORIENTED_EDGE('',*,*,#3765,.T.);
#1647=ORIENTED_EDGE('',*,*,#3682,.F.);
#1648=ORIENTED_EDGE('',*,*,#3765,.F.);
#1649=ORIENTED_EDGE('',*,*,#3766,.T.);
#1650=ORIENTED_EDGE('',*,*,#3767,.T.);
#1651=ORIENTED_EDGE('',*,*,#3683,.F.);
#1652=ORIENTED_EDGE('',*,*,#3767,.F.);
#1653=ORIENTED_EDGE('',*,*,#3768,.T.);
#1654=ORIENTED_EDGE('',*,*,#3769,.T.);
#1655=ORIENTED_EDGE('',*,*,#3684,.F.);
#1656=ORIENTED_EDGE('',*,*,#3769,.F.);
#1657=ORIENTED_EDGE('',*,*,#3770,.T.);
#1658=ORIENTED_EDGE('',*,*,#3771,.T.);
#1659=ORIENTED_EDGE('',*,*,#3685,.F.);
#1660=ORIENTED_EDGE('',*,*,#3771,.F.);
#1661=ORIENTED_EDGE('',*,*,#3772,.T.);
#1662=ORIENTED_EDGE('',*,*,#3773,.T.);
#1663=ORIENTED_EDGE('',*,*,#3686,.F.);
#1664=ORIENTED_EDGE('',*,*,#3773,.F.);
#1665=ORIENTED_EDGE('',*,*,#3774,.T.);
#1666=ORIENTED_EDGE('',*,*,#3775,.T.);
#1667=ORIENTED_EDGE('',*,*,#3677,.F.);
#1668=ORIENTED_EDGE('',*,*,#3775,.F.);
#1669=ORIENTED_EDGE('',*,*,#3776,.T.);
#1670=ORIENTED_EDGE('',*,*,#3777,.T.);
#1671=ORIENTED_EDGE('',*,*,#3678,.F.);
#1672=ORIENTED_EDGE('',*,*,#3777,.F.);
#1673=ORIENTED_EDGE('',*,*,#3778,.T.);
#1674=ORIENTED_EDGE('',*,*,#3759,.T.);
#1675=ORIENTED_EDGE('',*,*,#3689,.F.);
#1676=ORIENTED_EDGE('',*,*,#3779,.F.);
#1677=ORIENTED_EDGE('',*,*,#3780,.T.);
#1678=ORIENTED_EDGE('',*,*,#3781,.T.);
#1679=ORIENTED_EDGE('',*,*,#3690,.F.);
#1680=ORIENTED_EDGE('',*,*,#3781,.F.);
#1681=ORIENTED_EDGE('',*,*,#3782,.T.);
#1682=ORIENTED_EDGE('',*,*,#3783,.T.);
#1683=ORIENTED_EDGE('',*,*,#3691,.F.);
#1684=ORIENTED_EDGE('',*,*,#3783,.F.);
#1685=ORIENTED_EDGE('',*,*,#3784,.T.);
#1686=ORIENTED_EDGE('',*,*,#3785,.T.);
#1687=ORIENTED_EDGE('',*,*,#3692,.F.);
#1688=ORIENTED_EDGE('',*,*,#3785,.F.);
#1689=ORIENTED_EDGE('',*,*,#3786,.T.);
#1690=ORIENTED_EDGE('',*,*,#3787,.T.);
#1691=ORIENTED_EDGE('',*,*,#3693,.F.);
#1692=ORIENTED_EDGE('',*,*,#3787,.F.);
#1693=ORIENTED_EDGE('',*,*,#3788,.T.);
#1694=ORIENTED_EDGE('',*,*,#3789,.T.);
#1695=ORIENTED_EDGE('',*,*,#3694,.F.);
#1696=ORIENTED_EDGE('',*,*,#3789,.F.);
#1697=ORIENTED_EDGE('',*,*,#3790,.T.);
#1698=ORIENTED_EDGE('',*,*,#3791,.T.);
#1699=ORIENTED_EDGE('',*,*,#3695,.F.);
#1700=ORIENTED_EDGE('',*,*,#3791,.F.);
#1701=ORIENTED_EDGE('',*,*,#3792,.T.);
#1702=ORIENTED_EDGE('',*,*,#3793,.T.);
#1703=ORIENTED_EDGE('',*,*,#3696,.F.);
#1704=ORIENTED_EDGE('',*,*,#3793,.F.);
#1705=ORIENTED_EDGE('',*,*,#3794,.T.);
#1706=ORIENTED_EDGE('',*,*,#3795,.T.);
#1707=ORIENTED_EDGE('',*,*,#3687,.F.);
#1708=ORIENTED_EDGE('',*,*,#3795,.F.);
#1709=ORIENTED_EDGE('',*,*,#3796,.T.);
#1710=ORIENTED_EDGE('',*,*,#3797,.T.);
#1711=ORIENTED_EDGE('',*,*,#3688,.F.);
#1712=ORIENTED_EDGE('',*,*,#3797,.F.);
#1713=ORIENTED_EDGE('',*,*,#3798,.T.);
#1714=ORIENTED_EDGE('',*,*,#3779,.T.);
#1715=ORIENTED_EDGE('',*,*,#3699,.F.);
#1716=ORIENTED_EDGE('',*,*,#3799,.F.);
#1717=ORIENTED_EDGE('',*,*,#3800,.T.);
#1718=ORIENTED_EDGE('',*,*,#3801,.T.);
#1719=ORIENTED_EDGE('',*,*,#3700,.F.);
#1720=ORIENTED_EDGE('',*,*,#3801,.F.);
#1721=ORIENTED_EDGE('',*,*,#3802,.T.);
#1722=ORIENTED_EDGE('',*,*,#3803,.T.);
#1723=ORIENTED_EDGE('',*,*,#3701,.F.);
#1724=ORIENTED_EDGE('',*,*,#3803,.F.);
#1725=ORIENTED_EDGE('',*,*,#3804,.T.);
#1726=ORIENTED_EDGE('',*,*,#3805,.T.);
#1727=ORIENTED_EDGE('',*,*,#3702,.F.);
#1728=ORIENTED_EDGE('',*,*,#3805,.F.);
#1729=ORIENTED_EDGE('',*,*,#3806,.T.);
#1730=ORIENTED_EDGE('',*,*,#3807,.T.);
#1731=ORIENTED_EDGE('',*,*,#3703,.F.);
#1732=ORIENTED_EDGE('',*,*,#3807,.F.);
#1733=ORIENTED_EDGE('',*,*,#3808,.T.);
#1734=ORIENTED_EDGE('',*,*,#3809,.T.);
#1735=ORIENTED_EDGE('',*,*,#3704,.F.);
#1736=ORIENTED_EDGE('',*,*,#3809,.F.);
#1737=ORIENTED_EDGE('',*,*,#3810,.T.);
#1738=ORIENTED_EDGE('',*,*,#3811,.T.);
#1739=ORIENTED_EDGE('',*,*,#3705,.F.);
#1740=ORIENTED_EDGE('',*,*,#3811,.F.);
#1741=ORIENTED_EDGE('',*,*,#3812,.T.);
#1742=ORIENTED_EDGE('',*,*,#3813,.T.);
#1743=ORIENTED_EDGE('',*,*,#3706,.F.);
#1744=ORIENTED_EDGE('',*,*,#3813,.F.);
#1745=ORIENTED_EDGE('',*,*,#3814,.T.);
#1746=ORIENTED_EDGE('',*,*,#3815,.T.);
#1747=ORIENTED_EDGE('',*,*,#3697,.F.);
#1748=ORIENTED_EDGE('',*,*,#3815,.F.);
#1749=ORIENTED_EDGE('',*,*,#3816,.T.);
#1750=ORIENTED_EDGE('',*,*,#3817,.T.);
#1751=ORIENTED_EDGE('',*,*,#3698,.F.);
#1752=ORIENTED_EDGE('',*,*,#3817,.F.);
#1753=ORIENTED_EDGE('',*,*,#3818,.T.);
#1754=ORIENTED_EDGE('',*,*,#3799,.T.);
#1755=ORIENTED_EDGE('',*,*,#3709,.F.);
#1756=ORIENTED_EDGE('',*,*,#3819,.F.);
#1757=ORIENTED_EDGE('',*,*,#3820,.T.);
#1758=ORIENTED_EDGE('',*,*,#3821,.T.);
#1759=ORIENTED_EDGE('',*,*,#3710,.F.);
#1760=ORIENTED_EDGE('',*,*,#3821,.F.);
#1761=ORIENTED_EDGE('',*,*,#3822,.T.);
#1762=ORIENTED_EDGE('',*,*,#3823,.T.);
#1763=ORIENTED_EDGE('',*,*,#3711,.F.);
#1764=ORIENTED_EDGE('',*,*,#3823,.F.);
#1765=ORIENTED_EDGE('',*,*,#3824,.T.);
#1766=ORIENTED_EDGE('',*,*,#3825,.T.);
#1767=ORIENTED_EDGE('',*,*,#3712,.F.);
#1768=ORIENTED_EDGE('',*,*,#3825,.F.);
#1769=ORIENTED_EDGE('',*,*,#3826,.T.);
#1770=ORIENTED_EDGE('',*,*,#3827,.T.);
#1771=ORIENTED_EDGE('',*,*,#3713,.F.);
#1772=ORIENTED_EDGE('',*,*,#3827,.F.);
#1773=ORIENTED_EDGE('',*,*,#3828,.T.);
#1774=ORIENTED_EDGE('',*,*,#3829,.T.);
#1775=ORIENTED_EDGE('',*,*,#3714,.F.);
#1776=ORIENTED_EDGE('',*,*,#3829,.F.);
#1777=ORIENTED_EDGE('',*,*,#3830,.T.);
#1778=ORIENTED_EDGE('',*,*,#3831,.T.);
#1779=ORIENTED_EDGE('',*,*,#3715,.F.);
#1780=ORIENTED_EDGE('',*,*,#3831,.F.);
#1781=ORIENTED_EDGE('',*,*,#3832,.T.);
#1782=ORIENTED_EDGE('',*,*,#3833,.T.);
#1783=ORIENTED_EDGE('',*,*,#3716,.F.);
#1784=ORIENTED_EDGE('',*,*,#3833,.F.);
#1785=ORIENTED_EDGE('',*,*,#3834,.T.);
#1786=ORIENTED_EDGE('',*,*,#3835,.T.);
#1787=ORIENTED_EDGE('',*,*,#3707,.F.);
#1788=ORIENTED_EDGE('',*,*,#3835,.F.);
#1789=ORIENTED_EDGE('',*,*,#3836,.T.);
#1790=ORIENTED_EDGE('',*,*,#3837,.T.);
#1791=ORIENTED_EDGE('',*,*,#3708,.F.);
#1792=ORIENTED_EDGE('',*,*,#3837,.F.);
#1793=ORIENTED_EDGE('',*,*,#3838,.T.);
#1794=ORIENTED_EDGE('',*,*,#3819,.T.);
#1795=ORIENTED_EDGE('',*,*,#3719,.F.);
#1796=ORIENTED_EDGE('',*,*,#3839,.F.);
#1797=ORIENTED_EDGE('',*,*,#3840,.T.);
#1798=ORIENTED_EDGE('',*,*,#3841,.T.);
#1799=ORIENTED_EDGE('',*,*,#3720,.F.);
#1800=ORIENTED_EDGE('',*,*,#3841,.F.);
#1801=ORIENTED_EDGE('',*,*,#3842,.T.);
#1802=ORIENTED_EDGE('',*,*,#3843,.T.);
#1803=ORIENTED_EDGE('',*,*,#3721,.F.);
#1804=ORIENTED_EDGE('',*,*,#3843,.F.);
#1805=ORIENTED_EDGE('',*,*,#3844,.T.);
#1806=ORIENTED_EDGE('',*,*,#3845,.T.);
#1807=ORIENTED_EDGE('',*,*,#3722,.F.);
#1808=ORIENTED_EDGE('',*,*,#3845,.F.);
#1809=ORIENTED_EDGE('',*,*,#3846,.T.);
#1810=ORIENTED_EDGE('',*,*,#3847,.T.);
#1811=ORIENTED_EDGE('',*,*,#3723,.F.);
#1812=ORIENTED_EDGE('',*,*,#3847,.F.);
#1813=ORIENTED_EDGE('',*,*,#3848,.T.);
#1814=ORIENTED_EDGE('',*,*,#3849,.T.);
#1815=ORIENTED_EDGE('',*,*,#3724,.F.);
#1816=ORIENTED_EDGE('',*,*,#3849,.F.);
#1817=ORIENTED_EDGE('',*,*,#3850,.T.);
#1818=ORIENTED_EDGE('',*,*,#3851,.T.);
#1819=ORIENTED_EDGE('',*,*,#3725,.F.);
#1820=ORIENTED_EDGE('',*,*,#3851,.F.);
#1821=ORIENTED_EDGE('',*,*,#3852,.T.);
#1822=ORIENTED_EDGE('',*,*,#3853,.T.);
#1823=ORIENTED_EDGE('',*,*,#3726,.F.);
#1824=ORIENTED_EDGE('',*,*,#3853,.F.);
#1825=ORIENTED_EDGE('',*,*,#3854,.T.);
#1826=ORIENTED_EDGE('',*,*,#3855,.T.);
#1827=ORIENTED_EDGE('',*,*,#3717,.F.);
#1828=ORIENTED_EDGE('',*,*,#3855,.F.);
#1829=ORIENTED_EDGE('',*,*,#3856,.T.);
#1830=ORIENTED_EDGE('',*,*,#3857,.T.);
#1831=ORIENTED_EDGE('',*,*,#3718,.F.);
#1832=ORIENTED_EDGE('',*,*,#3857,.F.);
#1833=ORIENTED_EDGE('',*,*,#3858,.T.);
#1834=ORIENTED_EDGE('',*,*,#3839,.T.);
#1835=ORIENTED_EDGE('',*,*,#3729,.F.);
#1836=ORIENTED_EDGE('',*,*,#3859,.F.);
#1837=ORIENTED_EDGE('',*,*,#3860,.T.);
#1838=ORIENTED_EDGE('',*,*,#3861,.T.);
#1839=ORIENTED_EDGE('',*,*,#3730,.F.);
#1840=ORIENTED_EDGE('',*,*,#3861,.F.);
#1841=ORIENTED_EDGE('',*,*,#3862,.T.);
#1842=ORIENTED_EDGE('',*,*,#3863,.T.);
#1843=ORIENTED_EDGE('',*,*,#3731,.F.);
#1844=ORIENTED_EDGE('',*,*,#3863,.F.);
#1845=ORIENTED_EDGE('',*,*,#3864,.T.);
#1846=ORIENTED_EDGE('',*,*,#3865,.T.);
#1847=ORIENTED_EDGE('',*,*,#3732,.F.);
#1848=ORIENTED_EDGE('',*,*,#3865,.F.);
#1849=ORIENTED_EDGE('',*,*,#3866,.T.);
#1850=ORIENTED_EDGE('',*,*,#3867,.T.);
#1851=ORIENTED_EDGE('',*,*,#3733,.F.);
#1852=ORIENTED_EDGE('',*,*,#3867,.F.);
#1853=ORIENTED_EDGE('',*,*,#3868,.T.);
#1854=ORIENTED_EDGE('',*,*,#3869,.T.);
#1855=ORIENTED_EDGE('',*,*,#3734,.F.);
#1856=ORIENTED_EDGE('',*,*,#3869,.F.);
#1857=ORIENTED_EDGE('',*,*,#3870,.T.);
#1858=ORIENTED_EDGE('',*,*,#3871,.T.);
#1859=ORIENTED_EDGE('',*,*,#3735,.F.);
#1860=ORIENTED_EDGE('',*,*,#3871,.F.);
#1861=ORIENTED_EDGE('',*,*,#3872,.T.);
#1862=ORIENTED_EDGE('',*,*,#3873,.T.);
#1863=ORIENTED_EDGE('',*,*,#3736,.F.);
#1864=ORIENTED_EDGE('',*,*,#3873,.F.);
#1865=ORIENTED_EDGE('',*,*,#3874,.T.);
#1866=ORIENTED_EDGE('',*,*,#3875,.T.);
#1867=ORIENTED_EDGE('',*,*,#3727,.F.);
#1868=ORIENTED_EDGE('',*,*,#3875,.F.);
#1869=ORIENTED_EDGE('',*,*,#3876,.T.);
#1870=ORIENTED_EDGE('',*,*,#3877,.T.);
#1871=ORIENTED_EDGE('',*,*,#3728,.F.);
#1872=ORIENTED_EDGE('',*,*,#3877,.F.);
#1873=ORIENTED_EDGE('',*,*,#3878,.T.);
#1874=ORIENTED_EDGE('',*,*,#3859,.T.);
#1875=ORIENTED_EDGE('',*,*,#3739,.F.);
#1876=ORIENTED_EDGE('',*,*,#3879,.F.);
#1877=ORIENTED_EDGE('',*,*,#3880,.T.);
#1878=ORIENTED_EDGE('',*,*,#3881,.T.);
#1879=ORIENTED_EDGE('',*,*,#3740,.F.);
#1880=ORIENTED_EDGE('',*,*,#3881,.F.);
#1881=ORIENTED_EDGE('',*,*,#3882,.T.);
#1882=ORIENTED_EDGE('',*,*,#3883,.T.);
#1883=ORIENTED_EDGE('',*,*,#3741,.F.);
#1884=ORIENTED_EDGE('',*,*,#3883,.F.);
#1885=ORIENTED_EDGE('',*,*,#3884,.T.);
#1886=ORIENTED_EDGE('',*,*,#3885,.T.);
#1887=ORIENTED_EDGE('',*,*,#3742,.F.);
#1888=ORIENTED_EDGE('',*,*,#3885,.F.);
#1889=ORIENTED_EDGE('',*,*,#3886,.T.);
#1890=ORIENTED_EDGE('',*,*,#3887,.T.);
#1891=ORIENTED_EDGE('',*,*,#3743,.F.);
#1892=ORIENTED_EDGE('',*,*,#3887,.F.);
#1893=ORIENTED_EDGE('',*,*,#3888,.T.);
#1894=ORIENTED_EDGE('',*,*,#3889,.T.);
#1895=ORIENTED_EDGE('',*,*,#3744,.F.);
#1896=ORIENTED_EDGE('',*,*,#3889,.F.);
#1897=ORIENTED_EDGE('',*,*,#3890,.T.);
#1898=ORIENTED_EDGE('',*,*,#3891,.T.);
#1899=ORIENTED_EDGE('',*,*,#3745,.F.);
#1900=ORIENTED_EDGE('',*,*,#3891,.F.);
#1901=ORIENTED_EDGE('',*,*,#3892,.T.);
#1902=ORIENTED_EDGE('',*,*,#3893,.T.);
#1903=ORIENTED_EDGE('',*,*,#3746,.F.);
#1904=ORIENTED_EDGE('',*,*,#3893,.F.);
#1905=ORIENTED_EDGE('',*,*,#3894,.T.);
#1906=ORIENTED_EDGE('',*,*,#3895,.T.);
#1907=ORIENTED_EDGE('',*,*,#3737,.F.);
#1908=ORIENTED_EDGE('',*,*,#3895,.F.);
#1909=ORIENTED_EDGE('',*,*,#3896,.T.);
#1910=ORIENTED_EDGE('',*,*,#3897,.T.);
#1911=ORIENTED_EDGE('',*,*,#3738,.F.);
#1912=ORIENTED_EDGE('',*,*,#3897,.F.);
#1913=ORIENTED_EDGE('',*,*,#3898,.T.);
#1914=ORIENTED_EDGE('',*,*,#3879,.T.);
#1915=ORIENTED_EDGE('',*,*,#3749,.F.);
#1916=ORIENTED_EDGE('',*,*,#3899,.F.);
#1917=ORIENTED_EDGE('',*,*,#3900,.T.);
#1918=ORIENTED_EDGE('',*,*,#3901,.T.);
#1919=ORIENTED_EDGE('',*,*,#3750,.F.);
#1920=ORIENTED_EDGE('',*,*,#3901,.F.);
#1921=ORIENTED_EDGE('',*,*,#3902,.T.);
#1922=ORIENTED_EDGE('',*,*,#3903,.T.);
#1923=ORIENTED_EDGE('',*,*,#3751,.F.);
#1924=ORIENTED_EDGE('',*,*,#3903,.F.);
#1925=ORIENTED_EDGE('',*,*,#3904,.T.);
#1926=ORIENTED_EDGE('',*,*,#3905,.T.);
#1927=ORIENTED_EDGE('',*,*,#3752,.F.);
#1928=ORIENTED_EDGE('',*,*,#3905,.F.);
#1929=ORIENTED_EDGE('',*,*,#3906,.T.);
#1930=ORIENTED_EDGE('',*,*,#3907,.T.);
#1931=ORIENTED_EDGE('',*,*,#3753,.F.);
#1932=ORIENTED_EDGE('',*,*,#3907,.F.);
#1933=ORIENTED_EDGE('',*,*,#3908,.T.);
#1934=ORIENTED_EDGE('',*,*,#3909,.T.);
#1935=ORIENTED_EDGE('',*,*,#3754,.F.);
#1936=ORIENTED_EDGE('',*,*,#3909,.F.);
#1937=ORIENTED_EDGE('',*,*,#3910,.T.);
#1938=ORIENTED_EDGE('',*,*,#3911,.T.);
#1939=ORIENTED_EDGE('',*,*,#3755,.F.);
#1940=ORIENTED_EDGE('',*,*,#3911,.F.);
#1941=ORIENTED_EDGE('',*,*,#3912,.T.);
#1942=ORIENTED_EDGE('',*,*,#3913,.T.);
#1943=ORIENTED_EDGE('',*,*,#3756,.F.);
#1944=ORIENTED_EDGE('',*,*,#3913,.F.);
#1945=ORIENTED_EDGE('',*,*,#3914,.T.);
#1946=ORIENTED_EDGE('',*,*,#3915,.T.);
#1947=ORIENTED_EDGE('',*,*,#3757,.F.);
#1948=ORIENTED_EDGE('',*,*,#3915,.F.);
#1949=ORIENTED_EDGE('',*,*,#3916,.T.);
#1950=ORIENTED_EDGE('',*,*,#3917,.T.);
#1951=ORIENTED_EDGE('',*,*,#3758,.F.);
#1952=ORIENTED_EDGE('',*,*,#3917,.F.);
#1953=ORIENTED_EDGE('',*,*,#3918,.T.);
#1954=ORIENTED_EDGE('',*,*,#3919,.T.);
#1955=ORIENTED_EDGE('',*,*,#3747,.F.);
#1956=ORIENTED_EDGE('',*,*,#3919,.F.);
#1957=ORIENTED_EDGE('',*,*,#3920,.T.);
#1958=ORIENTED_EDGE('',*,*,#3921,.T.);
#1959=ORIENTED_EDGE('',*,*,#3748,.F.);
#1960=ORIENTED_EDGE('',*,*,#3921,.F.);
#1961=ORIENTED_EDGE('',*,*,#3922,.T.);
#1962=ORIENTED_EDGE('',*,*,#3899,.T.);
#1963=ORIENTED_EDGE('',*,*,#3923,.F.);
#1964=ORIENTED_EDGE('',*,*,#3924,.F.);
#1965=ORIENTED_EDGE('',*,*,#3925,.F.);
#1966=ORIENTED_EDGE('',*,*,#3926,.F.);
#1967=ORIENTED_EDGE('',*,*,#3927,.F.);
#1968=ORIENTED_EDGE('',*,*,#3928,.F.);
#1969=ORIENTED_EDGE('',*,*,#3929,.F.);
#1970=ORIENTED_EDGE('',*,*,#3930,.F.);
#1971=ORIENTED_EDGE('',*,*,#3931,.F.);
#1972=ORIENTED_EDGE('',*,*,#3932,.F.);
#1973=ORIENTED_EDGE('',*,*,#3933,.F.);
#1974=ORIENTED_EDGE('',*,*,#3934,.F.);
#1975=ORIENTED_EDGE('',*,*,#3935,.F.);
#1976=ORIENTED_EDGE('',*,*,#3936,.F.);
#1977=ORIENTED_EDGE('',*,*,#3937,.F.);
#1978=ORIENTED_EDGE('',*,*,#3938,.F.);
#1979=ORIENTED_EDGE('',*,*,#3939,.F.);
#1980=ORIENTED_EDGE('',*,*,#3940,.F.);
#1981=ORIENTED_EDGE('',*,*,#3941,.F.);
#1982=ORIENTED_EDGE('',*,*,#3942,.F.);
#1983=ORIENTED_EDGE('',*,*,#3943,.F.);
#1984=ORIENTED_EDGE('',*,*,#3944,.F.);
#1985=ORIENTED_EDGE('',*,*,#3778,.F.);
#1986=ORIENTED_EDGE('',*,*,#3776,.F.);
#1987=ORIENTED_EDGE('',*,*,#3774,.F.);
#1988=ORIENTED_EDGE('',*,*,#3772,.F.);
#1989=ORIENTED_EDGE('',*,*,#3770,.F.);
#1990=ORIENTED_EDGE('',*,*,#3768,.F.);
#1991=ORIENTED_EDGE('',*,*,#3766,.F.);
#1992=ORIENTED_EDGE('',*,*,#3764,.F.);
#1993=ORIENTED_EDGE('',*,*,#3762,.F.);
#1994=ORIENTED_EDGE('',*,*,#3760,.F.);
#1995=ORIENTED_EDGE('',*,*,#3945,.F.);
#1996=ORIENTED_EDGE('',*,*,#3946,.F.);
#1997=ORIENTED_EDGE('',*,*,#3947,.F.);
#1998=ORIENTED_EDGE('',*,*,#3948,.F.);
#1999=ORIENTED_EDGE('',*,*,#3949,.F.);
#2000=ORIENTED_EDGE('',*,*,#3950,.F.);
#2001=ORIENTED_EDGE('',*,*,#3951,.F.);
#2002=ORIENTED_EDGE('',*,*,#3952,.F.);
#2003=ORIENTED_EDGE('',*,*,#3953,.F.);
#2004=ORIENTED_EDGE('',*,*,#3954,.F.);
#2005=ORIENTED_EDGE('',*,*,#3955,.F.);
#2006=ORIENTED_EDGE('',*,*,#3956,.F.);
#2007=ORIENTED_EDGE('',*,*,#3957,.F.);
#2008=ORIENTED_EDGE('',*,*,#3958,.F.);
#2009=ORIENTED_EDGE('',*,*,#3959,.F.);
#2010=ORIENTED_EDGE('',*,*,#3960,.F.);
#2011=ORIENTED_EDGE('',*,*,#3961,.F.);
#2012=ORIENTED_EDGE('',*,*,#3962,.F.);
#2013=ORIENTED_EDGE('',*,*,#3963,.F.);
#2014=ORIENTED_EDGE('',*,*,#3964,.F.);
#2015=ORIENTED_EDGE('',*,*,#3965,.F.);
#2016=ORIENTED_EDGE('',*,*,#3798,.F.);
#2017=ORIENTED_EDGE('',*,*,#3796,.F.);
#2018=ORIENTED_EDGE('',*,*,#3794,.F.);
#2019=ORIENTED_EDGE('',*,*,#3792,.F.);
#2020=ORIENTED_EDGE('',*,*,#3790,.F.);
#2021=ORIENTED_EDGE('',*,*,#3788,.F.);
#2022=ORIENTED_EDGE('',*,*,#3786,.F.);
#2023=ORIENTED_EDGE('',*,*,#3784,.F.);
#2024=ORIENTED_EDGE('',*,*,#3782,.F.);
#2025=ORIENTED_EDGE('',*,*,#3780,.F.);
#2026=ORIENTED_EDGE('',*,*,#3966,.F.);
#2027=ORIENTED_EDGE('',*,*,#3967,.F.);
#2028=ORIENTED_EDGE('',*,*,#3968,.F.);
#2029=ORIENTED_EDGE('',*,*,#3969,.F.);
#2030=ORIENTED_EDGE('',*,*,#3970,.F.);
#2031=ORIENTED_EDGE('',*,*,#3971,.F.);
#2032=ORIENTED_EDGE('',*,*,#3972,.F.);
#2033=ORIENTED_EDGE('',*,*,#3973,.F.);
#2034=ORIENTED_EDGE('',*,*,#3974,.F.);
#2035=ORIENTED_EDGE('',*,*,#3975,.F.);
#2036=ORIENTED_EDGE('',*,*,#3976,.F.);
#2037=ORIENTED_EDGE('',*,*,#3977,.F.);
#2038=ORIENTED_EDGE('',*,*,#3978,.F.);
#2039=ORIENTED_EDGE('',*,*,#3979,.F.);
#2040=ORIENTED_EDGE('',*,*,#3980,.F.);
#2041=ORIENTED_EDGE('',*,*,#3981,.F.);
#2042=ORIENTED_EDGE('',*,*,#3818,.F.);
#2043=ORIENTED_EDGE('',*,*,#3816,.F.);
#2044=ORIENTED_EDGE('',*,*,#3814,.F.);
#2045=ORIENTED_EDGE('',*,*,#3812,.F.);
#2046=ORIENTED_EDGE('',*,*,#3810,.F.);
#2047=ORIENTED_EDGE('',*,*,#3808,.F.);
#2048=ORIENTED_EDGE('',*,*,#3806,.F.);
#2049=ORIENTED_EDGE('',*,*,#3804,.F.);
#2050=ORIENTED_EDGE('',*,*,#3802,.F.);
#2051=ORIENTED_EDGE('',*,*,#3800,.F.);
#2052=ORIENTED_EDGE('',*,*,#3982,.F.);
#2053=ORIENTED_EDGE('',*,*,#3983,.F.);
#2054=ORIENTED_EDGE('',*,*,#3984,.F.);
#2055=ORIENTED_EDGE('',*,*,#3985,.F.);
#2056=ORIENTED_EDGE('',*,*,#3986,.F.);
#2057=ORIENTED_EDGE('',*,*,#3987,.F.);
#2058=ORIENTED_EDGE('',*,*,#3988,.F.);
#2059=ORIENTED_EDGE('',*,*,#3989,.F.);
#2060=ORIENTED_EDGE('',*,*,#3990,.F.);
#2061=ORIENTED_EDGE('',*,*,#3991,.F.);
#2062=ORIENTED_EDGE('',*,*,#3992,.F.);
#2063=ORIENTED_EDGE('',*,*,#3993,.F.);
#2064=ORIENTED_EDGE('',*,*,#3994,.F.);
#2065=ORIENTED_EDGE('',*,*,#3995,.F.);
#2066=ORIENTED_EDGE('',*,*,#3996,.F.);
#2067=ORIENTED_EDGE('',*,*,#3997,.F.);
#2068=ORIENTED_EDGE('',*,*,#3998,.F.);
#2069=ORIENTED_EDGE('',*,*,#3999,.F.);
#2070=ORIENTED_EDGE('',*,*,#4000,.F.);
#2071=ORIENTED_EDGE('',*,*,#4001,.F.);
#2072=ORIENTED_EDGE('',*,*,#4002,.F.);
#2073=ORIENTED_EDGE('',*,*,#4003,.F.);
#2074=ORIENTED_EDGE('',*,*,#4004,.F.);
#2075=ORIENTED_EDGE('',*,*,#4005,.F.);
#2076=ORIENTED_EDGE('',*,*,#4006,.F.);
#2077=ORIENTED_EDGE('',*,*,#4007,.F.);
#2078=ORIENTED_EDGE('',*,*,#4008,.F.);
#2079=ORIENTED_EDGE('',*,*,#4009,.F.);
#2080=ORIENTED_EDGE('',*,*,#4010,.F.);
#2081=ORIENTED_EDGE('',*,*,#4011,.F.);
#2082=ORIENTED_EDGE('',*,*,#4012,.F.);
#2083=ORIENTED_EDGE('',*,*,#4013,.F.);
#2084=ORIENTED_EDGE('',*,*,#4014,.F.);
#2085=ORIENTED_EDGE('',*,*,#4015,.F.);
#2086=ORIENTED_EDGE('',*,*,#4016,.F.);
#2087=ORIENTED_EDGE('',*,*,#4017,.F.);
#2088=ORIENTED_EDGE('',*,*,#4018,.F.);
#2089=ORIENTED_EDGE('',*,*,#4019,.F.);
#2090=ORIENTED_EDGE('',*,*,#4020,.F.);
#2091=ORIENTED_EDGE('',*,*,#4021,.F.);
#2092=ORIENTED_EDGE('',*,*,#4022,.F.);
#2093=ORIENTED_EDGE('',*,*,#4023,.F.);
#2094=ORIENTED_EDGE('',*,*,#4024,.F.);
#2095=ORIENTED_EDGE('',*,*,#4025,.F.);
#2096=ORIENTED_EDGE('',*,*,#4026,.F.);
#2097=ORIENTED_EDGE('',*,*,#3838,.F.);
#2098=ORIENTED_EDGE('',*,*,#3836,.F.);
#2099=ORIENTED_EDGE('',*,*,#3834,.F.);
#2100=ORIENTED_EDGE('',*,*,#3832,.F.);
#2101=ORIENTED_EDGE('',*,*,#3830,.F.);
#2102=ORIENTED_EDGE('',*,*,#3828,.F.);
#2103=ORIENTED_EDGE('',*,*,#3826,.F.);
#2104=ORIENTED_EDGE('',*,*,#3824,.F.);
#2105=ORIENTED_EDGE('',*,*,#3822,.F.);
#2106=ORIENTED_EDGE('',*,*,#3820,.F.);
#2107=ORIENTED_EDGE('',*,*,#3858,.F.);
#2108=ORIENTED_EDGE('',*,*,#3856,.F.);
#2109=ORIENTED_EDGE('',*,*,#3854,.F.);
#2110=ORIENTED_EDGE('',*,*,#3852,.F.);
#2111=ORIENTED_EDGE('',*,*,#3850,.F.);
#2112=ORIENTED_EDGE('',*,*,#3848,.F.);
#2113=ORIENTED_EDGE('',*,*,#3846,.F.);
#2114=ORIENTED_EDGE('',*,*,#3844,.F.);
#2115=ORIENTED_EDGE('',*,*,#3842,.F.);
#2116=ORIENTED_EDGE('',*,*,#3840,.F.);
#2117=ORIENTED_EDGE('',*,*,#4027,.F.);
#2118=ORIENTED_EDGE('',*,*,#4028,.F.);
#2119=ORIENTED_EDGE('',*,*,#4029,.F.);
#2120=ORIENTED_EDGE('',*,*,#4030,.F.);
#2121=ORIENTED_EDGE('',*,*,#4031,.F.);
#2122=ORIENTED_EDGE('',*,*,#4032,.F.);
#2123=ORIENTED_EDGE('',*,*,#4033,.F.);
#2124=ORIENTED_EDGE('',*,*,#4034,.F.);
#2125=ORIENTED_EDGE('',*,*,#4035,.F.);
#2126=ORIENTED_EDGE('',*,*,#4036,.F.);
#2127=ORIENTED_EDGE('',*,*,#4037,.F.);
#2128=ORIENTED_EDGE('',*,*,#4038,.F.);
#2129=ORIENTED_EDGE('',*,*,#4039,.F.);
#2130=ORIENTED_EDGE('',*,*,#4040,.F.);
#2131=ORIENTED_EDGE('',*,*,#4041,.F.);
#2132=ORIENTED_EDGE('',*,*,#4042,.F.);
#2133=ORIENTED_EDGE('',*,*,#4043,.F.);
#2134=ORIENTED_EDGE('',*,*,#4044,.F.);
#2135=ORIENTED_EDGE('',*,*,#4045,.F.);
#2136=ORIENTED_EDGE('',*,*,#4046,.F.);
#2137=ORIENTED_EDGE('',*,*,#4047,.F.);
#2138=ORIENTED_EDGE('',*,*,#4048,.F.);
#2139=ORIENTED_EDGE('',*,*,#4049,.F.);
#2140=ORIENTED_EDGE('',*,*,#4050,.F.);
#2141=ORIENTED_EDGE('',*,*,#4051,.F.);
#2142=ORIENTED_EDGE('',*,*,#4052,.F.);
#2143=ORIENTED_EDGE('',*,*,#4053,.F.);
#2144=ORIENTED_EDGE('',*,*,#4054,.F.);
#2145=ORIENTED_EDGE('',*,*,#4055,.F.);
#2146=ORIENTED_EDGE('',*,*,#4056,.F.);
#2147=ORIENTED_EDGE('',*,*,#4057,.F.);
#2148=ORIENTED_EDGE('',*,*,#4058,.F.);
#2149=ORIENTED_EDGE('',*,*,#4059,.F.);
#2150=ORIENTED_EDGE('',*,*,#4060,.F.);
#2151=ORIENTED_EDGE('',*,*,#4061,.F.);
#2152=ORIENTED_EDGE('',*,*,#4062,.F.);
#2153=ORIENTED_EDGE('',*,*,#4063,.F.);
#2154=ORIENTED_EDGE('',*,*,#4064,.F.);
#2155=ORIENTED_EDGE('',*,*,#3878,.F.);
#2156=ORIENTED_EDGE('',*,*,#3876,.F.);
#2157=ORIENTED_EDGE('',*,*,#3874,.F.);
#2158=ORIENTED_EDGE('',*,*,#3872,.F.);
#2159=ORIENTED_EDGE('',*,*,#3870,.F.);
#2160=ORIENTED_EDGE('',*,*,#3868,.F.);
#2161=ORIENTED_EDGE('',*,*,#3866,.F.);
#2162=ORIENTED_EDGE('',*,*,#3864,.F.);
#2163=ORIENTED_EDGE('',*,*,#3862,.F.);
#2164=ORIENTED_EDGE('',*,*,#3860,.F.);
#2165=ORIENTED_EDGE('',*,*,#4065,.F.);
#2166=ORIENTED_EDGE('',*,*,#4066,.F.);
#2167=ORIENTED_EDGE('',*,*,#4067,.F.);
#2168=ORIENTED_EDGE('',*,*,#4068,.F.);
#2169=ORIENTED_EDGE('',*,*,#4069,.F.);
#2170=ORIENTED_EDGE('',*,*,#4070,.F.);
#2171=ORIENTED_EDGE('',*,*,#4071,.F.);
#2172=ORIENTED_EDGE('',*,*,#4072,.F.);
#2173=ORIENTED_EDGE('',*,*,#4073,.F.);
#2174=ORIENTED_EDGE('',*,*,#4074,.F.);
#2175=ORIENTED_EDGE('',*,*,#4075,.F.);
#2176=ORIENTED_EDGE('',*,*,#4076,.F.);
#2177=ORIENTED_EDGE('',*,*,#4077,.F.);
#2178=ORIENTED_EDGE('',*,*,#4078,.F.);
#2179=ORIENTED_EDGE('',*,*,#4079,.F.);
#2180=ORIENTED_EDGE('',*,*,#4080,.F.);
#2181=ORIENTED_EDGE('',*,*,#4081,.F.);
#2182=ORIENTED_EDGE('',*,*,#4082,.F.);
#2183=ORIENTED_EDGE('',*,*,#4083,.F.);
#2184=ORIENTED_EDGE('',*,*,#4084,.F.);
#2185=ORIENTED_EDGE('',*,*,#4085,.F.);
#2186=ORIENTED_EDGE('',*,*,#4086,.F.);
#2187=ORIENTED_EDGE('',*,*,#4087,.F.);
#2188=ORIENTED_EDGE('',*,*,#4088,.F.);
#2189=ORIENTED_EDGE('',*,*,#4089,.F.);
#2190=ORIENTED_EDGE('',*,*,#4090,.F.);
#2191=ORIENTED_EDGE('',*,*,#4091,.F.);
#2192=ORIENTED_EDGE('',*,*,#4092,.F.);
#2193=ORIENTED_EDGE('',*,*,#4093,.F.);
#2194=ORIENTED_EDGE('',*,*,#4094,.F.);
#2195=ORIENTED_EDGE('',*,*,#4095,.F.);
#2196=ORIENTED_EDGE('',*,*,#4096,.F.);
#2197=ORIENTED_EDGE('',*,*,#4097,.F.);
#2198=ORIENTED_EDGE('',*,*,#4098,.F.);
#2199=ORIENTED_EDGE('',*,*,#4099,.F.);
#2200=ORIENTED_EDGE('',*,*,#4100,.F.);
#2201=ORIENTED_EDGE('',*,*,#4101,.F.);
#2202=ORIENTED_EDGE('',*,*,#4102,.F.);
#2203=ORIENTED_EDGE('',*,*,#4103,.F.);
#2204=ORIENTED_EDGE('',*,*,#4104,.F.);
#2205=ORIENTED_EDGE('',*,*,#4105,.F.);
#2206=ORIENTED_EDGE('',*,*,#4106,.F.);
#2207=ORIENTED_EDGE('',*,*,#4107,.F.);
#2208=ORIENTED_EDGE('',*,*,#4108,.F.);
#2209=ORIENTED_EDGE('',*,*,#4109,.F.);
#2210=ORIENTED_EDGE('',*,*,#4110,.F.);
#2211=ORIENTED_EDGE('',*,*,#4111,.F.);
#2212=ORIENTED_EDGE('',*,*,#4112,.F.);
#2213=ORIENTED_EDGE('',*,*,#4113,.F.);
#2214=ORIENTED_EDGE('',*,*,#4114,.F.);
#2215=ORIENTED_EDGE('',*,*,#4115,.F.);
#2216=ORIENTED_EDGE('',*,*,#4116,.F.);
#2217=ORIENTED_EDGE('',*,*,#4117,.F.);
#2218=ORIENTED_EDGE('',*,*,#4118,.F.);
#2219=ORIENTED_EDGE('',*,*,#4119,.F.);
#2220=ORIENTED_EDGE('',*,*,#4120,.F.);
#2221=ORIENTED_EDGE('',*,*,#4121,.F.);
#2222=ORIENTED_EDGE('',*,*,#4122,.F.);
#2223=ORIENTED_EDGE('',*,*,#4123,.F.);
#2224=ORIENTED_EDGE('',*,*,#4124,.F.);
#2225=ORIENTED_EDGE('',*,*,#4125,.F.);
#2226=ORIENTED_EDGE('',*,*,#4126,.F.);
#2227=ORIENTED_EDGE('',*,*,#4127,.F.);
#2228=ORIENTED_EDGE('',*,*,#4128,.F.);
#2229=ORIENTED_EDGE('',*,*,#4129,.F.);
#2230=ORIENTED_EDGE('',*,*,#4130,.F.);
#2231=ORIENTED_EDGE('',*,*,#4131,.F.);
#2232=ORIENTED_EDGE('',*,*,#4132,.F.);
#2233=ORIENTED_EDGE('',*,*,#4133,.F.);
#2234=ORIENTED_EDGE('',*,*,#4134,.F.);
#2235=ORIENTED_EDGE('',*,*,#4135,.F.);
#2236=ORIENTED_EDGE('',*,*,#4136,.F.);
#2237=ORIENTED_EDGE('',*,*,#4137,.F.);
#2238=ORIENTED_EDGE('',*,*,#4138,.F.);
#2239=ORIENTED_EDGE('',*,*,#4139,.F.);
#2240=ORIENTED_EDGE('',*,*,#4140,.F.);
#2241=ORIENTED_EDGE('',*,*,#4141,.F.);
#2242=ORIENTED_EDGE('',*,*,#4142,.F.);
#2243=ORIENTED_EDGE('',*,*,#4143,.F.);
#2244=ORIENTED_EDGE('',*,*,#4144,.F.);
#2245=ORIENTED_EDGE('',*,*,#4145,.F.);
#2246=ORIENTED_EDGE('',*,*,#4146,.F.);
#2247=ORIENTED_EDGE('',*,*,#4147,.F.);
#2248=ORIENTED_EDGE('',*,*,#4148,.F.);
#2249=ORIENTED_EDGE('',*,*,#4149,.F.);
#2250=ORIENTED_EDGE('',*,*,#4150,.F.);
#2251=ORIENTED_EDGE('',*,*,#4151,.F.);
#2252=ORIENTED_EDGE('',*,*,#4152,.F.);
#2253=ORIENTED_EDGE('',*,*,#4153,.F.);
#2254=ORIENTED_EDGE('',*,*,#4154,.F.);
#2255=ORIENTED_EDGE('',*,*,#3898,.F.);
#2256=ORIENTED_EDGE('',*,*,#3896,.F.);
#2257=ORIENTED_EDGE('',*,*,#3894,.F.);
#2258=ORIENTED_EDGE('',*,*,#3892,.F.);
#2259=ORIENTED_EDGE('',*,*,#3890,.F.);
#2260=ORIENTED_EDGE('',*,*,#3888,.F.);
#2261=ORIENTED_EDGE('',*,*,#3886,.F.);
#2262=ORIENTED_EDGE('',*,*,#3884,.F.);
#2263=ORIENTED_EDGE('',*,*,#3882,.F.);
#2264=ORIENTED_EDGE('',*,*,#3880,.F.);
#2265=ORIENTED_EDGE('',*,*,#4155,.F.);
#2266=ORIENTED_EDGE('',*,*,#4156,.F.);
#2267=ORIENTED_EDGE('',*,*,#4157,.F.);
#2268=ORIENTED_EDGE('',*,*,#4158,.F.);
#2269=ORIENTED_EDGE('',*,*,#4159,.F.);
#2270=ORIENTED_EDGE('',*,*,#4160,.F.);
#2271=ORIENTED_EDGE('',*,*,#4161,.F.);
#2272=ORIENTED_EDGE('',*,*,#4162,.F.);
#2273=ORIENTED_EDGE('',*,*,#4163,.F.);
#2274=ORIENTED_EDGE('',*,*,#4164,.F.);
#2275=ORIENTED_EDGE('',*,*,#4165,.F.);
#2276=ORIENTED_EDGE('',*,*,#4166,.F.);
#2277=ORIENTED_EDGE('',*,*,#4167,.F.);
#2278=ORIENTED_EDGE('',*,*,#4168,.F.);
#2279=ORIENTED_EDGE('',*,*,#4169,.F.);
#2280=ORIENTED_EDGE('',*,*,#4170,.F.);
#2281=ORIENTED_EDGE('',*,*,#4171,.F.);
#2282=ORIENTED_EDGE('',*,*,#4172,.F.);
#2283=ORIENTED_EDGE('',*,*,#4173,.F.);
#2284=ORIENTED_EDGE('',*,*,#4174,.F.);
#2285=ORIENTED_EDGE('',*,*,#4175,.F.);
#2286=ORIENTED_EDGE('',*,*,#4176,.F.);
#2287=ORIENTED_EDGE('',*,*,#4177,.F.);
#2288=ORIENTED_EDGE('',*,*,#4178,.F.);
#2289=ORIENTED_EDGE('',*,*,#4179,.F.);
#2290=ORIENTED_EDGE('',*,*,#4180,.F.);
#2291=ORIENTED_EDGE('',*,*,#4181,.F.);
#2292=ORIENTED_EDGE('',*,*,#4182,.F.);
#2293=ORIENTED_EDGE('',*,*,#3922,.F.);
#2294=ORIENTED_EDGE('',*,*,#3920,.F.);
#2295=ORIENTED_EDGE('',*,*,#3918,.F.);
#2296=ORIENTED_EDGE('',*,*,#3916,.F.);
#2297=ORIENTED_EDGE('',*,*,#3914,.F.);
#2298=ORIENTED_EDGE('',*,*,#3912,.F.);
#2299=ORIENTED_EDGE('',*,*,#3910,.F.);
#2300=ORIENTED_EDGE('',*,*,#3908,.F.);
#2301=ORIENTED_EDGE('',*,*,#3906,.F.);
#2302=ORIENTED_EDGE('',*,*,#3904,.F.);
#2303=ORIENTED_EDGE('',*,*,#3902,.F.);
#2304=ORIENTED_EDGE('',*,*,#3900,.F.);
#2305=ORIENTED_EDGE('',*,*,#4183,.F.);
#2306=ORIENTED_EDGE('',*,*,#4184,.F.);
#2307=ORIENTED_EDGE('',*,*,#3925,.T.);
#2308=ORIENTED_EDGE('',*,*,#4185,.T.);
#2309=ORIENTED_EDGE('',*,*,#4186,.F.);
#2310=ORIENTED_EDGE('',*,*,#4187,.F.);
#2311=ORIENTED_EDGE('',*,*,#3926,.T.);
#2312=ORIENTED_EDGE('',*,*,#4184,.T.);
#2313=ORIENTED_EDGE('',*,*,#4188,.F.);
#2314=ORIENTED_EDGE('',*,*,#4189,.F.);
#2315=ORIENTED_EDGE('',*,*,#3927,.T.);
#2316=ORIENTED_EDGE('',*,*,#4187,.T.);
#2317=ORIENTED_EDGE('',*,*,#4190,.F.);
#2318=ORIENTED_EDGE('',*,*,#4191,.F.);
#2319=ORIENTED_EDGE('',*,*,#3928,.T.);
#2320=ORIENTED_EDGE('',*,*,#4189,.T.);
#2321=ORIENTED_EDGE('',*,*,#4192,.F.);
#2322=ORIENTED_EDGE('',*,*,#4193,.F.);
#2323=ORIENTED_EDGE('',*,*,#3929,.T.);
#2324=ORIENTED_EDGE('',*,*,#4191,.T.);
#2325=ORIENTED_EDGE('',*,*,#4194,.F.);
#2326=ORIENTED_EDGE('',*,*,#4195,.F.);
#2327=ORIENTED_EDGE('',*,*,#3930,.T.);
#2328=ORIENTED_EDGE('',*,*,#4193,.T.);
#2329=ORIENTED_EDGE('',*,*,#4196,.F.);
#2330=ORIENTED_EDGE('',*,*,#4197,.F.);
#2331=ORIENTED_EDGE('',*,*,#3931,.T.);
#2332=ORIENTED_EDGE('',*,*,#4195,.T.);
#2333=ORIENTED_EDGE('',*,*,#4198,.F.);
#2334=ORIENTED_EDGE('',*,*,#4199,.F.);
#2335=ORIENTED_EDGE('',*,*,#3932,.T.);
#2336=ORIENTED_EDGE('',*,*,#4197,.T.);
#2337=ORIENTED_EDGE('',*,*,#4200,.F.);
#2338=ORIENTED_EDGE('',*,*,#4201,.F.);
#2339=ORIENTED_EDGE('',*,*,#3933,.T.);
#2340=ORIENTED_EDGE('',*,*,#4199,.T.);
#2341=ORIENTED_EDGE('',*,*,#4202,.F.);
#2342=ORIENTED_EDGE('',*,*,#4203,.F.);
#2343=ORIENTED_EDGE('',*,*,#3934,.T.);
#2344=ORIENTED_EDGE('',*,*,#4201,.T.);
#2345=ORIENTED_EDGE('',*,*,#4204,.F.);
#2346=ORIENTED_EDGE('',*,*,#4205,.F.);
#2347=ORIENTED_EDGE('',*,*,#3935,.T.);
#2348=ORIENTED_EDGE('',*,*,#4203,.T.);
#2349=ORIENTED_EDGE('',*,*,#4206,.F.);
#2350=ORIENTED_EDGE('',*,*,#4207,.F.);
#2351=ORIENTED_EDGE('',*,*,#3936,.T.);
#2352=ORIENTED_EDGE('',*,*,#4205,.T.);
#2353=ORIENTED_EDGE('',*,*,#4208,.F.);
#2354=ORIENTED_EDGE('',*,*,#4209,.F.);
#2355=ORIENTED_EDGE('',*,*,#3937,.T.);
#2356=ORIENTED_EDGE('',*,*,#4207,.T.);
#2357=ORIENTED_EDGE('',*,*,#4210,.F.);
#2358=ORIENTED_EDGE('',*,*,#4211,.F.);
#2359=ORIENTED_EDGE('',*,*,#3938,.T.);
#2360=ORIENTED_EDGE('',*,*,#4209,.T.);
#2361=ORIENTED_EDGE('',*,*,#4212,.F.);
#2362=ORIENTED_EDGE('',*,*,#4213,.F.);
#2363=ORIENTED_EDGE('',*,*,#3939,.T.);
#2364=ORIENTED_EDGE('',*,*,#4211,.T.);
#2365=ORIENTED_EDGE('',*,*,#4214,.F.);
#2366=ORIENTED_EDGE('',*,*,#4215,.F.);
#2367=ORIENTED_EDGE('',*,*,#3940,.T.);
#2368=ORIENTED_EDGE('',*,*,#4213,.T.);
#2369=ORIENTED_EDGE('',*,*,#4216,.F.);
#2370=ORIENTED_EDGE('',*,*,#4217,.F.);
#2371=ORIENTED_EDGE('',*,*,#3941,.T.);
#2372=ORIENTED_EDGE('',*,*,#4215,.T.);
#2373=ORIENTED_EDGE('',*,*,#4218,.F.);
#2374=ORIENTED_EDGE('',*,*,#4219,.F.);
#2375=ORIENTED_EDGE('',*,*,#3942,.T.);
#2376=ORIENTED_EDGE('',*,*,#4217,.T.);
#2377=ORIENTED_EDGE('',*,*,#4220,.F.);
#2378=ORIENTED_EDGE('',*,*,#4221,.F.);
#2379=ORIENTED_EDGE('',*,*,#3943,.T.);
#2380=ORIENTED_EDGE('',*,*,#4219,.T.);
#2381=ORIENTED_EDGE('',*,*,#4222,.F.);
#2382=ORIENTED_EDGE('',*,*,#4223,.F.);
#2383=ORIENTED_EDGE('',*,*,#3944,.T.);
#2384=ORIENTED_EDGE('',*,*,#4221,.T.);
#2385=ORIENTED_EDGE('',*,*,#4224,.F.);
#2386=ORIENTED_EDGE('',*,*,#4225,.F.);
#2387=ORIENTED_EDGE('',*,*,#3923,.T.);
#2388=ORIENTED_EDGE('',*,*,#4223,.T.);
#2389=ORIENTED_EDGE('',*,*,#4226,.F.);
#2390=ORIENTED_EDGE('',*,*,#4185,.F.);
#2391=ORIENTED_EDGE('',*,*,#3924,.T.);
#2392=ORIENTED_EDGE('',*,*,#4225,.T.);
#2393=ORIENTED_EDGE('',*,*,#4227,.F.);
#2394=ORIENTED_EDGE('',*,*,#4228,.F.);
#2395=ORIENTED_EDGE('',*,*,#3947,.T.);
#2396=ORIENTED_EDGE('',*,*,#4229,.T.);
#2397=ORIENTED_EDGE('',*,*,#4230,.F.);
#2398=ORIENTED_EDGE('',*,*,#4231,.F.);
#2399=ORIENTED_EDGE('',*,*,#3948,.T.);
#2400=ORIENTED_EDGE('',*,*,#4228,.T.);
#2401=ORIENTED_EDGE('',*,*,#4232,.F.);
#2402=ORIENTED_EDGE('',*,*,#4233,.F.);
#2403=ORIENTED_EDGE('',*,*,#3949,.T.);
#2404=ORIENTED_EDGE('',*,*,#4231,.T.);
#2405=ORIENTED_EDGE('',*,*,#4234,.F.);
#2406=ORIENTED_EDGE('',*,*,#4235,.F.);
#2407=ORIENTED_EDGE('',*,*,#3950,.T.);
#2408=ORIENTED_EDGE('',*,*,#4233,.T.);
#2409=ORIENTED_EDGE('',*,*,#4236,.F.);
#2410=ORIENTED_EDGE('',*,*,#4237,.F.);
#2411=ORIENTED_EDGE('',*,*,#3951,.T.);
#2412=ORIENTED_EDGE('',*,*,#4235,.T.);
#2413=ORIENTED_EDGE('',*,*,#4238,.F.);
#2414=ORIENTED_EDGE('',*,*,#4239,.F.);
#2415=ORIENTED_EDGE('',*,*,#3952,.T.);
#2416=ORIENTED_EDGE('',*,*,#4237,.T.);
#2417=ORIENTED_EDGE('',*,*,#4240,.F.);
#2418=ORIENTED_EDGE('',*,*,#4241,.F.);
#2419=ORIENTED_EDGE('',*,*,#3953,.T.);
#2420=ORIENTED_EDGE('',*,*,#4239,.T.);
#2421=ORIENTED_EDGE('',*,*,#4242,.F.);
#2422=ORIENTED_EDGE('',*,*,#4243,.F.);
#2423=ORIENTED_EDGE('',*,*,#3954,.T.);
#2424=ORIENTED_EDGE('',*,*,#4241,.T.);
#2425=ORIENTED_EDGE('',*,*,#4244,.F.);
#2426=ORIENTED_EDGE('',*,*,#4245,.F.);
#2427=ORIENTED_EDGE('',*,*,#3955,.T.);
#2428=ORIENTED_EDGE('',*,*,#4243,.T.);
#2429=ORIENTED_EDGE('',*,*,#4246,.F.);
#2430=ORIENTED_EDGE('',*,*,#4247,.F.);
#2431=ORIENTED_EDGE('',*,*,#3956,.T.);
#2432=ORIENTED_EDGE('',*,*,#4245,.T.);
#2433=ORIENTED_EDGE('',*,*,#4248,.F.);
#2434=ORIENTED_EDGE('',*,*,#4249,.F.);
#2435=ORIENTED_EDGE('',*,*,#3957,.T.);
#2436=ORIENTED_EDGE('',*,*,#4247,.T.);
#2437=ORIENTED_EDGE('',*,*,#4250,.F.);
#2438=ORIENTED_EDGE('',*,*,#4251,.F.);
#2439=ORIENTED_EDGE('',*,*,#3958,.T.);
#2440=ORIENTED_EDGE('',*,*,#4249,.T.);
#2441=ORIENTED_EDGE('',*,*,#4252,.F.);
#2442=ORIENTED_EDGE('',*,*,#4253,.F.);
#2443=ORIENTED_EDGE('',*,*,#3959,.T.);
#2444=ORIENTED_EDGE('',*,*,#4251,.T.);
#2445=ORIENTED_EDGE('',*,*,#4254,.F.);
#2446=ORIENTED_EDGE('',*,*,#4255,.F.);
#2447=ORIENTED_EDGE('',*,*,#3960,.T.);
#2448=ORIENTED_EDGE('',*,*,#4253,.T.);
#2449=ORIENTED_EDGE('',*,*,#4256,.F.);
#2450=ORIENTED_EDGE('',*,*,#4257,.F.);
#2451=ORIENTED_EDGE('',*,*,#3961,.T.);
#2452=ORIENTED_EDGE('',*,*,#4255,.T.);
#2453=ORIENTED_EDGE('',*,*,#4258,.F.);
#2454=ORIENTED_EDGE('',*,*,#4259,.F.);
#2455=ORIENTED_EDGE('',*,*,#3962,.T.);
#2456=ORIENTED_EDGE('',*,*,#4257,.T.);
#2457=ORIENTED_EDGE('',*,*,#4260,.F.);
#2458=ORIENTED_EDGE('',*,*,#4261,.F.);
#2459=ORIENTED_EDGE('',*,*,#3963,.T.);
#2460=ORIENTED_EDGE('',*,*,#4259,.T.);
#2461=ORIENTED_EDGE('',*,*,#4262,.F.);
#2462=ORIENTED_EDGE('',*,*,#4263,.F.);
#2463=ORIENTED_EDGE('',*,*,#3964,.T.);
#2464=ORIENTED_EDGE('',*,*,#4261,.T.);
#2465=ORIENTED_EDGE('',*,*,#4264,.F.);
#2466=ORIENTED_EDGE('',*,*,#4265,.F.);
#2467=ORIENTED_EDGE('',*,*,#3965,.T.);
#2468=ORIENTED_EDGE('',*,*,#4263,.T.);
#2469=ORIENTED_EDGE('',*,*,#4266,.F.);
#2470=ORIENTED_EDGE('',*,*,#4267,.F.);
#2471=ORIENTED_EDGE('',*,*,#3945,.T.);
#2472=ORIENTED_EDGE('',*,*,#4265,.T.);
#2473=ORIENTED_EDGE('',*,*,#4268,.F.);
#2474=ORIENTED_EDGE('',*,*,#4229,.F.);
#2475=ORIENTED_EDGE('',*,*,#3946,.T.);
#2476=ORIENTED_EDGE('',*,*,#4267,.T.);
#2477=ORIENTED_EDGE('',*,*,#4269,.F.);
#2478=ORIENTED_EDGE('',*,*,#4270,.F.);
#2479=ORIENTED_EDGE('',*,*,#3968,.T.);
#2480=ORIENTED_EDGE('',*,*,#4271,.T.);
#2481=ORIENTED_EDGE('',*,*,#4272,.F.);
#2482=ORIENTED_EDGE('',*,*,#4273,.F.);
#2483=ORIENTED_EDGE('',*,*,#3969,.T.);
#2484=ORIENTED_EDGE('',*,*,#4270,.T.);
#2485=ORIENTED_EDGE('',*,*,#4274,.F.);
#2486=ORIENTED_EDGE('',*,*,#4275,.F.);
#2487=ORIENTED_EDGE('',*,*,#3970,.T.);
#2488=ORIENTED_EDGE('',*,*,#4273,.T.);
#2489=ORIENTED_EDGE('',*,*,#4276,.F.);
#2490=ORIENTED_EDGE('',*,*,#4277,.F.);
#2491=ORIENTED_EDGE('',*,*,#3971,.T.);
#2492=ORIENTED_EDGE('',*,*,#4275,.T.);
#2493=ORIENTED_EDGE('',*,*,#4278,.F.);
#2494=ORIENTED_EDGE('',*,*,#4279,.F.);
#2495=ORIENTED_EDGE('',*,*,#3972,.T.);
#2496=ORIENTED_EDGE('',*,*,#4277,.T.);
#2497=ORIENTED_EDGE('',*,*,#4280,.F.);
#2498=ORIENTED_EDGE('',*,*,#4281,.F.);
#2499=ORIENTED_EDGE('',*,*,#3973,.T.);
#2500=ORIENTED_EDGE('',*,*,#4279,.T.);
#2501=ORIENTED_EDGE('',*,*,#4282,.F.);
#2502=ORIENTED_EDGE('',*,*,#4283,.F.);
#2503=ORIENTED_EDGE('',*,*,#3974,.T.);
#2504=ORIENTED_EDGE('',*,*,#4281,.T.);
#2505=ORIENTED_EDGE('',*,*,#4284,.F.);
#2506=ORIENTED_EDGE('',*,*,#4285,.F.);
#2507=ORIENTED_EDGE('',*,*,#3975,.T.);
#2508=ORIENTED_EDGE('',*,*,#4283,.T.);
#2509=ORIENTED_EDGE('',*,*,#4286,.F.);
#2510=ORIENTED_EDGE('',*,*,#4287,.F.);
#2511=ORIENTED_EDGE('',*,*,#3976,.T.);
#2512=ORIENTED_EDGE('',*,*,#4285,.T.);
#2513=ORIENTED_EDGE('',*,*,#4288,.F.);
#2514=ORIENTED_EDGE('',*,*,#4289,.F.);
#2515=ORIENTED_EDGE('',*,*,#3977,.T.);
#2516=ORIENTED_EDGE('',*,*,#4287,.T.);
#2517=ORIENTED_EDGE('',*,*,#4290,.F.);
#2518=ORIENTED_EDGE('',*,*,#4291,.F.);
#2519=ORIENTED_EDGE('',*,*,#3978,.T.);
#2520=ORIENTED_EDGE('',*,*,#4289,.T.);
#2521=ORIENTED_EDGE('',*,*,#4292,.F.);
#2522=ORIENTED_EDGE('',*,*,#4293,.F.);
#2523=ORIENTED_EDGE('',*,*,#3979,.T.);
#2524=ORIENTED_EDGE('',*,*,#4291,.T.);
#2525=ORIENTED_EDGE('',*,*,#4294,.F.);
#2526=ORIENTED_EDGE('',*,*,#4295,.F.);
#2527=ORIENTED_EDGE('',*,*,#3980,.T.);
#2528=ORIENTED_EDGE('',*,*,#4293,.T.);
#2529=ORIENTED_EDGE('',*,*,#4296,.F.);
#2530=ORIENTED_EDGE('',*,*,#4297,.F.);
#2531=ORIENTED_EDGE('',*,*,#3981,.T.);
#2532=ORIENTED_EDGE('',*,*,#4295,.T.);
#2533=ORIENTED_EDGE('',*,*,#4298,.F.);
#2534=ORIENTED_EDGE('',*,*,#4299,.F.);
#2535=ORIENTED_EDGE('',*,*,#3966,.T.);
#2536=ORIENTED_EDGE('',*,*,#4297,.T.);
#2537=ORIENTED_EDGE('',*,*,#4300,.F.);
#2538=ORIENTED_EDGE('',*,*,#4271,.F.);
#2539=ORIENTED_EDGE('',*,*,#3967,.T.);
#2540=ORIENTED_EDGE('',*,*,#4299,.T.);
#2541=ORIENTED_EDGE('',*,*,#4301,.F.);
#2542=ORIENTED_EDGE('',*,*,#4302,.F.);
#2543=ORIENTED_EDGE('',*,*,#3984,.T.);
#2544=ORIENTED_EDGE('',*,*,#4303,.T.);
#2545=ORIENTED_EDGE('',*,*,#4304,.F.);
#2546=ORIENTED_EDGE('',*,*,#4305,.F.);
#2547=ORIENTED_EDGE('',*,*,#3985,.T.);
#2548=ORIENTED_EDGE('',*,*,#4302,.T.);
#2549=ORIENTED_EDGE('',*,*,#4306,.F.);
#2550=ORIENTED_EDGE('',*,*,#4307,.F.);
#2551=ORIENTED_EDGE('',*,*,#3986,.T.);
#2552=ORIENTED_EDGE('',*,*,#4305,.T.);
#2553=ORIENTED_EDGE('',*,*,#4308,.F.);
#2554=ORIENTED_EDGE('',*,*,#4309,.F.);
#2555=ORIENTED_EDGE('',*,*,#3987,.T.);
#2556=ORIENTED_EDGE('',*,*,#4307,.T.);
#2557=ORIENTED_EDGE('',*,*,#4310,.F.);
#2558=ORIENTED_EDGE('',*,*,#4311,.F.);
#2559=ORIENTED_EDGE('',*,*,#3988,.T.);
#2560=ORIENTED_EDGE('',*,*,#4309,.T.);
#2561=ORIENTED_EDGE('',*,*,#4312,.F.);
#2562=ORIENTED_EDGE('',*,*,#4313,.F.);
#2563=ORIENTED_EDGE('',*,*,#3989,.T.);
#2564=ORIENTED_EDGE('',*,*,#4311,.T.);
#2565=ORIENTED_EDGE('',*,*,#4314,.F.);
#2566=ORIENTED_EDGE('',*,*,#4315,.F.);
#2567=ORIENTED_EDGE('',*,*,#3990,.T.);
#2568=ORIENTED_EDGE('',*,*,#4313,.T.);
#2569=ORIENTED_EDGE('',*,*,#4316,.F.);
#2570=ORIENTED_EDGE('',*,*,#4317,.F.);
#2571=ORIENTED_EDGE('',*,*,#3991,.T.);
#2572=ORIENTED_EDGE('',*,*,#4315,.T.);
#2573=ORIENTED_EDGE('',*,*,#4318,.F.);
#2574=ORIENTED_EDGE('',*,*,#4319,.F.);
#2575=ORIENTED_EDGE('',*,*,#3992,.T.);
#2576=ORIENTED_EDGE('',*,*,#4317,.T.);
#2577=ORIENTED_EDGE('',*,*,#4320,.F.);
#2578=ORIENTED_EDGE('',*,*,#4321,.F.);
#2579=ORIENTED_EDGE('',*,*,#3993,.T.);
#2580=ORIENTED_EDGE('',*,*,#4319,.T.);
#2581=ORIENTED_EDGE('',*,*,#4322,.F.);
#2582=ORIENTED_EDGE('',*,*,#4323,.F.);
#2583=ORIENTED_EDGE('',*,*,#3994,.T.);
#2584=ORIENTED_EDGE('',*,*,#4321,.T.);
#2585=ORIENTED_EDGE('',*,*,#4324,.F.);
#2586=ORIENTED_EDGE('',*,*,#4325,.F.);
#2587=ORIENTED_EDGE('',*,*,#3995,.T.);
#2588=ORIENTED_EDGE('',*,*,#4323,.T.);
#2589=ORIENTED_EDGE('',*,*,#4326,.F.);
#2590=ORIENTED_EDGE('',*,*,#4327,.F.);
#2591=ORIENTED_EDGE('',*,*,#3996,.T.);
#2592=ORIENTED_EDGE('',*,*,#4325,.T.);
#2593=ORIENTED_EDGE('',*,*,#4328,.F.);
#2594=ORIENTED_EDGE('',*,*,#4329,.F.);
#2595=ORIENTED_EDGE('',*,*,#3997,.T.);
#2596=ORIENTED_EDGE('',*,*,#4327,.T.);
#2597=ORIENTED_EDGE('',*,*,#4330,.F.);
#2598=ORIENTED_EDGE('',*,*,#4331,.F.);
#2599=ORIENTED_EDGE('',*,*,#3998,.T.);
#2600=ORIENTED_EDGE('',*,*,#4329,.T.);
#2601=ORIENTED_EDGE('',*,*,#4332,.F.);
#2602=ORIENTED_EDGE('',*,*,#4333,.F.);
#2603=ORIENTED_EDGE('',*,*,#3999,.T.);
#2604=ORIENTED_EDGE('',*,*,#4331,.T.);
#2605=ORIENTED_EDGE('',*,*,#4334,.F.);
#2606=ORIENTED_EDGE('',*,*,#4335,.F.);
#2607=ORIENTED_EDGE('',*,*,#4000,.T.);
#2608=ORIENTED_EDGE('',*,*,#4333,.T.);
#2609=ORIENTED_EDGE('',*,*,#4336,.F.);
#2610=ORIENTED_EDGE('',*,*,#4337,.F.);
#2611=ORIENTED_EDGE('',*,*,#4001,.T.);
#2612=ORIENTED_EDGE('',*,*,#4335,.T.);
#2613=ORIENTED_EDGE('',*,*,#4338,.F.);
#2614=ORIENTED_EDGE('',*,*,#4339,.F.);
#2615=ORIENTED_EDGE('',*,*,#4002,.T.);
#2616=ORIENTED_EDGE('',*,*,#4337,.T.);
#2617=ORIENTED_EDGE('',*,*,#4340,.F.);
#2618=ORIENTED_EDGE('',*,*,#4341,.F.);
#2619=ORIENTED_EDGE('',*,*,#4003,.T.);
#2620=ORIENTED_EDGE('',*,*,#4339,.T.);
#2621=ORIENTED_EDGE('',*,*,#4342,.F.);
#2622=ORIENTED_EDGE('',*,*,#4343,.F.);
#2623=ORIENTED_EDGE('',*,*,#4004,.T.);
#2624=ORIENTED_EDGE('',*,*,#4341,.T.);
#2625=ORIENTED_EDGE('',*,*,#4344,.F.);
#2626=ORIENTED_EDGE('',*,*,#4345,.F.);
#2627=ORIENTED_EDGE('',*,*,#4005,.T.);
#2628=ORIENTED_EDGE('',*,*,#4343,.T.);
#2629=ORIENTED_EDGE('',*,*,#4346,.F.);
#2630=ORIENTED_EDGE('',*,*,#4347,.F.);
#2631=ORIENTED_EDGE('',*,*,#3982,.T.);
#2632=ORIENTED_EDGE('',*,*,#4345,.T.);
#2633=ORIENTED_EDGE('',*,*,#4348,.F.);
#2634=ORIENTED_EDGE('',*,*,#4303,.F.);
#2635=ORIENTED_EDGE('',*,*,#3983,.T.);
#2636=ORIENTED_EDGE('',*,*,#4347,.T.);
#2637=ORIENTED_EDGE('',*,*,#4349,.F.);
#2638=ORIENTED_EDGE('',*,*,#4350,.F.);
#2639=ORIENTED_EDGE('',*,*,#4008,.T.);
#2640=ORIENTED_EDGE('',*,*,#4351,.T.);
#2641=ORIENTED_EDGE('',*,*,#4352,.F.);
#2642=ORIENTED_EDGE('',*,*,#4353,.F.);
#2643=ORIENTED_EDGE('',*,*,#4009,.T.);
#2644=ORIENTED_EDGE('',*,*,#4350,.T.);
#2645=ORIENTED_EDGE('',*,*,#4354,.F.);
#2646=ORIENTED_EDGE('',*,*,#4355,.F.);
#2647=ORIENTED_EDGE('',*,*,#4010,.T.);
#2648=ORIENTED_EDGE('',*,*,#4353,.T.);
#2649=ORIENTED_EDGE('',*,*,#4356,.F.);
#2650=ORIENTED_EDGE('',*,*,#4357,.F.);
#2651=ORIENTED_EDGE('',*,*,#4011,.T.);
#2652=ORIENTED_EDGE('',*,*,#4355,.T.);
#2653=ORIENTED_EDGE('',*,*,#4358,.F.);
#2654=ORIENTED_EDGE('',*,*,#4359,.F.);
#2655=ORIENTED_EDGE('',*,*,#4012,.T.);
#2656=ORIENTED_EDGE('',*,*,#4357,.T.);
#2657=ORIENTED_EDGE('',*,*,#4360,.F.);
#2658=ORIENTED_EDGE('',*,*,#4361,.F.);
#2659=ORIENTED_EDGE('',*,*,#4013,.T.);
#2660=ORIENTED_EDGE('',*,*,#4359,.T.);
#2661=ORIENTED_EDGE('',*,*,#4362,.F.);
#2662=ORIENTED_EDGE('',*,*,#4363,.F.);
#2663=ORIENTED_EDGE('',*,*,#4014,.T.);
#2664=ORIENTED_EDGE('',*,*,#4361,.T.);
#2665=ORIENTED_EDGE('',*,*,#4364,.F.);
#2666=ORIENTED_EDGE('',*,*,#4365,.F.);
#2667=ORIENTED_EDGE('',*,*,#4015,.T.);
#2668=ORIENTED_EDGE('',*,*,#4363,.T.);
#2669=ORIENTED_EDGE('',*,*,#4366,.F.);
#2670=ORIENTED_EDGE('',*,*,#4367,.F.);
#2671=ORIENTED_EDGE('',*,*,#4016,.T.);
#2672=ORIENTED_EDGE('',*,*,#4365,.T.);
#2673=ORIENTED_EDGE('',*,*,#4368,.F.);
#2674=ORIENTED_EDGE('',*,*,#4369,.F.);
#2675=ORIENTED_EDGE('',*,*,#4017,.T.);
#2676=ORIENTED_EDGE('',*,*,#4367,.T.);
#2677=ORIENTED_EDGE('',*,*,#4370,.F.);
#2678=ORIENTED_EDGE('',*,*,#4371,.F.);
#2679=ORIENTED_EDGE('',*,*,#4018,.T.);
#2680=ORIENTED_EDGE('',*,*,#4369,.T.);
#2681=ORIENTED_EDGE('',*,*,#4372,.F.);
#2682=ORIENTED_EDGE('',*,*,#4373,.F.);
#2683=ORIENTED_EDGE('',*,*,#4019,.T.);
#2684=ORIENTED_EDGE('',*,*,#4371,.T.);
#2685=ORIENTED_EDGE('',*,*,#4374,.F.);
#2686=ORIENTED_EDGE('',*,*,#4375,.F.);
#2687=ORIENTED_EDGE('',*,*,#4020,.T.);
#2688=ORIENTED_EDGE('',*,*,#4373,.T.);
#2689=ORIENTED_EDGE('',*,*,#4376,.F.);
#2690=ORIENTED_EDGE('',*,*,#4377,.F.);
#2691=ORIENTED_EDGE('',*,*,#4021,.T.);
#2692=ORIENTED_EDGE('',*,*,#4375,.T.);
#2693=ORIENTED_EDGE('',*,*,#4378,.F.);
#2694=ORIENTED_EDGE('',*,*,#4379,.F.);
#2695=ORIENTED_EDGE('',*,*,#4022,.T.);
#2696=ORIENTED_EDGE('',*,*,#4377,.T.);
#2697=ORIENTED_EDGE('',*,*,#4380,.F.);
#2698=ORIENTED_EDGE('',*,*,#4381,.F.);
#2699=ORIENTED_EDGE('',*,*,#4023,.T.);
#2700=ORIENTED_EDGE('',*,*,#4379,.T.);
#2701=ORIENTED_EDGE('',*,*,#4382,.F.);
#2702=ORIENTED_EDGE('',*,*,#4383,.F.);
#2703=ORIENTED_EDGE('',*,*,#4024,.T.);
#2704=ORIENTED_EDGE('',*,*,#4381,.T.);
#2705=ORIENTED_EDGE('',*,*,#4384,.F.);
#2706=ORIENTED_EDGE('',*,*,#4385,.F.);
#2707=ORIENTED_EDGE('',*,*,#4025,.T.);
#2708=ORIENTED_EDGE('',*,*,#4383,.T.);
#2709=ORIENTED_EDGE('',*,*,#4386,.F.);
#2710=ORIENTED_EDGE('',*,*,#4387,.F.);
#2711=ORIENTED_EDGE('',*,*,#4026,.T.);
#2712=ORIENTED_EDGE('',*,*,#4385,.T.);
#2713=ORIENTED_EDGE('',*,*,#4388,.F.);
#2714=ORIENTED_EDGE('',*,*,#4389,.F.);
#2715=ORIENTED_EDGE('',*,*,#4006,.T.);
#2716=ORIENTED_EDGE('',*,*,#4387,.T.);
#2717=ORIENTED_EDGE('',*,*,#4390,.F.);
#2718=ORIENTED_EDGE('',*,*,#4351,.F.);
#2719=ORIENTED_EDGE('',*,*,#4007,.T.);
#2720=ORIENTED_EDGE('',*,*,#4389,.T.);
#2721=ORIENTED_EDGE('',*,*,#4391,.F.);
#2722=ORIENTED_EDGE('',*,*,#4392,.F.);
#2723=ORIENTED_EDGE('',*,*,#4029,.T.);
#2724=ORIENTED_EDGE('',*,*,#4393,.T.);
#2725=ORIENTED_EDGE('',*,*,#4394,.F.);
#2726=ORIENTED_EDGE('',*,*,#4395,.F.);
#2727=ORIENTED_EDGE('',*,*,#4030,.T.);
#2728=ORIENTED_EDGE('',*,*,#4392,.T.);
#2729=ORIENTED_EDGE('',*,*,#4396,.F.);
#2730=ORIENTED_EDGE('',*,*,#4397,.F.);
#2731=ORIENTED_EDGE('',*,*,#4031,.T.);
#2732=ORIENTED_EDGE('',*,*,#4395,.T.);
#2733=ORIENTED_EDGE('',*,*,#4398,.F.);
#2734=ORIENTED_EDGE('',*,*,#4399,.F.);
#2735=ORIENTED_EDGE('',*,*,#4032,.T.);
#2736=ORIENTED_EDGE('',*,*,#4397,.T.);
#2737=ORIENTED_EDGE('',*,*,#4400,.F.);
#2738=ORIENTED_EDGE('',*,*,#4401,.F.);
#2739=ORIENTED_EDGE('',*,*,#4033,.T.);
#2740=ORIENTED_EDGE('',*,*,#4399,.T.);
#2741=ORIENTED_EDGE('',*,*,#4402,.F.);
#2742=ORIENTED_EDGE('',*,*,#4403,.F.);
#2743=ORIENTED_EDGE('',*,*,#4034,.T.);
#2744=ORIENTED_EDGE('',*,*,#4401,.T.);
#2745=ORIENTED_EDGE('',*,*,#4404,.F.);
#2746=ORIENTED_EDGE('',*,*,#4405,.F.);
#2747=ORIENTED_EDGE('',*,*,#4035,.T.);
#2748=ORIENTED_EDGE('',*,*,#4403,.T.);
#2749=ORIENTED_EDGE('',*,*,#4406,.F.);
#2750=ORIENTED_EDGE('',*,*,#4407,.F.);
#2751=ORIENTED_EDGE('',*,*,#4036,.T.);
#2752=ORIENTED_EDGE('',*,*,#4405,.T.);
#2753=ORIENTED_EDGE('',*,*,#4408,.F.);
#2754=ORIENTED_EDGE('',*,*,#4409,.F.);
#2755=ORIENTED_EDGE('',*,*,#4037,.T.);
#2756=ORIENTED_EDGE('',*,*,#4407,.T.);
#2757=ORIENTED_EDGE('',*,*,#4410,.F.);
#2758=ORIENTED_EDGE('',*,*,#4411,.F.);
#2759=ORIENTED_EDGE('',*,*,#4038,.T.);
#2760=ORIENTED_EDGE('',*,*,#4409,.T.);
#2761=ORIENTED_EDGE('',*,*,#4412,.F.);
#2762=ORIENTED_EDGE('',*,*,#4413,.F.);
#2763=ORIENTED_EDGE('',*,*,#4039,.T.);
#2764=ORIENTED_EDGE('',*,*,#4411,.T.);
#2765=ORIENTED_EDGE('',*,*,#4414,.F.);
#2766=ORIENTED_EDGE('',*,*,#4415,.F.);
#2767=ORIENTED_EDGE('',*,*,#4040,.T.);
#2768=ORIENTED_EDGE('',*,*,#4413,.T.);
#2769=ORIENTED_EDGE('',*,*,#4416,.F.);
#2770=ORIENTED_EDGE('',*,*,#4417,.F.);
#2771=ORIENTED_EDGE('',*,*,#4041,.T.);
#2772=ORIENTED_EDGE('',*,*,#4415,.T.);
#2773=ORIENTED_EDGE('',*,*,#4418,.F.);
#2774=ORIENTED_EDGE('',*,*,#4419,.F.);
#2775=ORIENTED_EDGE('',*,*,#4042,.T.);
#2776=ORIENTED_EDGE('',*,*,#4417,.T.);
#2777=ORIENTED_EDGE('',*,*,#4420,.F.);
#2778=ORIENTED_EDGE('',*,*,#4421,.F.);
#2779=ORIENTED_EDGE('',*,*,#4027,.T.);
#2780=ORIENTED_EDGE('',*,*,#4419,.T.);
#2781=ORIENTED_EDGE('',*,*,#4422,.F.);
#2782=ORIENTED_EDGE('',*,*,#4393,.F.);
#2783=ORIENTED_EDGE('',*,*,#4028,.T.);
#2784=ORIENTED_EDGE('',*,*,#4421,.T.);
#2785=ORIENTED_EDGE('',*,*,#4423,.F.);
#2786=ORIENTED_EDGE('',*,*,#4424,.F.);
#2787=ORIENTED_EDGE('',*,*,#4045,.T.);
#2788=ORIENTED_EDGE('',*,*,#4425,.T.);
#2789=ORIENTED_EDGE('',*,*,#4426,.F.);
#2790=ORIENTED_EDGE('',*,*,#4427,.F.);
#2791=ORIENTED_EDGE('',*,*,#4046,.T.);
#2792=ORIENTED_EDGE('',*,*,#4424,.T.);
#2793=ORIENTED_EDGE('',*,*,#4428,.F.);
#2794=ORIENTED_EDGE('',*,*,#4429,.F.);
#2795=ORIENTED_EDGE('',*,*,#4047,.T.);
#2796=ORIENTED_EDGE('',*,*,#4427,.T.);
#2797=ORIENTED_EDGE('',*,*,#4430,.F.);
#2798=ORIENTED_EDGE('',*,*,#4431,.F.);
#2799=ORIENTED_EDGE('',*,*,#4048,.T.);
#2800=ORIENTED_EDGE('',*,*,#4429,.T.);
#2801=ORIENTED_EDGE('',*,*,#4432,.F.);
#2802=ORIENTED_EDGE('',*,*,#4433,.F.);
#2803=ORIENTED_EDGE('',*,*,#4049,.T.);
#2804=ORIENTED_EDGE('',*,*,#4431,.T.);
#2805=ORIENTED_EDGE('',*,*,#4434,.F.);
#2806=ORIENTED_EDGE('',*,*,#4435,.F.);
#2807=ORIENTED_EDGE('',*,*,#4050,.T.);
#2808=ORIENTED_EDGE('',*,*,#4433,.T.);
#2809=ORIENTED_EDGE('',*,*,#4436,.F.);
#2810=ORIENTED_EDGE('',*,*,#4437,.F.);
#2811=ORIENTED_EDGE('',*,*,#4051,.T.);
#2812=ORIENTED_EDGE('',*,*,#4435,.T.);
#2813=ORIENTED_EDGE('',*,*,#4438,.F.);
#2814=ORIENTED_EDGE('',*,*,#4439,.F.);
#2815=ORIENTED_EDGE('',*,*,#4052,.T.);
#2816=ORIENTED_EDGE('',*,*,#4437,.T.);
#2817=ORIENTED_EDGE('',*,*,#4440,.F.);
#2818=ORIENTED_EDGE('',*,*,#4441,.F.);
#2819=ORIENTED_EDGE('',*,*,#4053,.T.);
#2820=ORIENTED_EDGE('',*,*,#4439,.T.);
#2821=ORIENTED_EDGE('',*,*,#4442,.F.);
#2822=ORIENTED_EDGE('',*,*,#4443,.F.);
#2823=ORIENTED_EDGE('',*,*,#4054,.T.);
#2824=ORIENTED_EDGE('',*,*,#4441,.T.);
#2825=ORIENTED_EDGE('',*,*,#4444,.F.);
#2826=ORIENTED_EDGE('',*,*,#4445,.F.);
#2827=ORIENTED_EDGE('',*,*,#4055,.T.);
#2828=ORIENTED_EDGE('',*,*,#4443,.T.);
#2829=ORIENTED_EDGE('',*,*,#4446,.F.);
#2830=ORIENTED_EDGE('',*,*,#4447,.F.);
#2831=ORIENTED_EDGE('',*,*,#4056,.T.);
#2832=ORIENTED_EDGE('',*,*,#4445,.T.);
#2833=ORIENTED_EDGE('',*,*,#4448,.F.);
#2834=ORIENTED_EDGE('',*,*,#4449,.F.);
#2835=ORIENTED_EDGE('',*,*,#4057,.T.);
#2836=ORIENTED_EDGE('',*,*,#4447,.T.);
#2837=ORIENTED_EDGE('',*,*,#4450,.F.);
#2838=ORIENTED_EDGE('',*,*,#4451,.F.);
#2839=ORIENTED_EDGE('',*,*,#4058,.T.);
#2840=ORIENTED_EDGE('',*,*,#4449,.T.);
#2841=ORIENTED_EDGE('',*,*,#4452,.F.);
#2842=ORIENTED_EDGE('',*,*,#4453,.F.);
#2843=ORIENTED_EDGE('',*,*,#4059,.T.);
#2844=ORIENTED_EDGE('',*,*,#4451,.T.);
#2845=ORIENTED_EDGE('',*,*,#4454,.F.);
#2846=ORIENTED_EDGE('',*,*,#4455,.F.);
#2847=ORIENTED_EDGE('',*,*,#4060,.T.);
#2848=ORIENTED_EDGE('',*,*,#4453,.T.);
#2849=ORIENTED_EDGE('',*,*,#4456,.F.);
#2850=ORIENTED_EDGE('',*,*,#4457,.F.);
#2851=ORIENTED_EDGE('',*,*,#4061,.T.);
#2852=ORIENTED_EDGE('',*,*,#4455,.T.);
#2853=ORIENTED_EDGE('',*,*,#4458,.F.);
#2854=ORIENTED_EDGE('',*,*,#4459,.F.);
#2855=ORIENTED_EDGE('',*,*,#4062,.T.);
#2856=ORIENTED_EDGE('',*,*,#4457,.T.);
#2857=ORIENTED_EDGE('',*,*,#4460,.F.);
#2858=ORIENTED_EDGE('',*,*,#4461,.F.);
#2859=ORIENTED_EDGE('',*,*,#4063,.T.);
#2860=ORIENTED_EDGE('',*,*,#4459,.T.);
#2861=ORIENTED_EDGE('',*,*,#4462,.F.);
#2862=ORIENTED_EDGE('',*,*,#4463,.F.);
#2863=ORIENTED_EDGE('',*,*,#4064,.T.);
#2864=ORIENTED_EDGE('',*,*,#4461,.T.);
#2865=ORIENTED_EDGE('',*,*,#4464,.F.);
#2866=ORIENTED_EDGE('',*,*,#4465,.F.);
#2867=ORIENTED_EDGE('',*,*,#4043,.T.);
#2868=ORIENTED_EDGE('',*,*,#4463,.T.);
#2869=ORIENTED_EDGE('',*,*,#4466,.F.);
#2870=ORIENTED_EDGE('',*,*,#4425,.F.);
#2871=ORIENTED_EDGE('',*,*,#4044,.T.);
#2872=ORIENTED_EDGE('',*,*,#4465,.T.);
#2873=ORIENTED_EDGE('',*,*,#4467,.F.);
#2874=ORIENTED_EDGE('',*,*,#4468,.F.);
#2875=ORIENTED_EDGE('',*,*,#4067,.T.);
#2876=ORIENTED_EDGE('',*,*,#4469,.T.);
#2877=ORIENTED_EDGE('',*,*,#4470,.F.);
#2878=ORIENTED_EDGE('',*,*,#4471,.F.);
#2879=ORIENTED_EDGE('',*,*,#4068,.T.);
#2880=ORIENTED_EDGE('',*,*,#4468,.T.);
#2881=ORIENTED_EDGE('',*,*,#4472,.F.);
#2882=ORIENTED_EDGE('',*,*,#4473,.F.);
#2883=ORIENTED_EDGE('',*,*,#4069,.T.);
#2884=ORIENTED_EDGE('',*,*,#4471,.T.);
#2885=ORIENTED_EDGE('',*,*,#4474,.F.);
#2886=ORIENTED_EDGE('',*,*,#4475,.F.);
#2887=ORIENTED_EDGE('',*,*,#4070,.T.);
#2888=ORIENTED_EDGE('',*,*,#4473,.T.);
#2889=ORIENTED_EDGE('',*,*,#4476,.F.);
#2890=ORIENTED_EDGE('',*,*,#4477,.F.);
#2891=ORIENTED_EDGE('',*,*,#4071,.T.);
#2892=ORIENTED_EDGE('',*,*,#4475,.T.);
#2893=ORIENTED_EDGE('',*,*,#4478,.F.);
#2894=ORIENTED_EDGE('',*,*,#4479,.F.);
#2895=ORIENTED_EDGE('',*,*,#4072,.T.);
#2896=ORIENTED_EDGE('',*,*,#4477,.T.);
#2897=ORIENTED_EDGE('',*,*,#4480,.F.);
#2898=ORIENTED_EDGE('',*,*,#4481,.F.);
#2899=ORIENTED_EDGE('',*,*,#4073,.T.);
#2900=ORIENTED_EDGE('',*,*,#4479,.T.);
#2901=ORIENTED_EDGE('',*,*,#4482,.F.);
#2902=ORIENTED_EDGE('',*,*,#4483,.F.);
#2903=ORIENTED_EDGE('',*,*,#4074,.T.);
#2904=ORIENTED_EDGE('',*,*,#4481,.T.);
#2905=ORIENTED_EDGE('',*,*,#4484,.F.);
#2906=ORIENTED_EDGE('',*,*,#4485,.F.);
#2907=ORIENTED_EDGE('',*,*,#4075,.T.);
#2908=ORIENTED_EDGE('',*,*,#4483,.T.);
#2909=ORIENTED_EDGE('',*,*,#4486,.F.);
#2910=ORIENTED_EDGE('',*,*,#4487,.F.);
#2911=ORIENTED_EDGE('',*,*,#4076,.T.);
#2912=ORIENTED_EDGE('',*,*,#4485,.T.);
#2913=ORIENTED_EDGE('',*,*,#4488,.F.);
#2914=ORIENTED_EDGE('',*,*,#4489,.F.);
#2915=ORIENTED_EDGE('',*,*,#4077,.T.);
#2916=ORIENTED_EDGE('',*,*,#4487,.T.);
#2917=ORIENTED_EDGE('',*,*,#4490,.F.);
#2918=ORIENTED_EDGE('',*,*,#4491,.F.);
#2919=ORIENTED_EDGE('',*,*,#4078,.T.);
#2920=ORIENTED_EDGE('',*,*,#4489,.T.);
#2921=ORIENTED_EDGE('',*,*,#4492,.F.);
#2922=ORIENTED_EDGE('',*,*,#4493,.F.);
#2923=ORIENTED_EDGE('',*,*,#4079,.T.);
#2924=ORIENTED_EDGE('',*,*,#4491,.T.);
#2925=ORIENTED_EDGE('',*,*,#4494,.F.);
#2926=ORIENTED_EDGE('',*,*,#4495,.F.);
#2927=ORIENTED_EDGE('',*,*,#4080,.T.);
#2928=ORIENTED_EDGE('',*,*,#4493,.T.);
#2929=ORIENTED_EDGE('',*,*,#4496,.F.);
#2930=ORIENTED_EDGE('',*,*,#4497,.F.);
#2931=ORIENTED_EDGE('',*,*,#4081,.T.);
#2932=ORIENTED_EDGE('',*,*,#4495,.T.);
#2933=ORIENTED_EDGE('',*,*,#4498,.F.);
#2934=ORIENTED_EDGE('',*,*,#4499,.F.);
#2935=ORIENTED_EDGE('',*,*,#4082,.T.);
#2936=ORIENTED_EDGE('',*,*,#4497,.T.);
#2937=ORIENTED_EDGE('',*,*,#4500,.F.);
#2938=ORIENTED_EDGE('',*,*,#4501,.F.);
#2939=ORIENTED_EDGE('',*,*,#4083,.T.);
#2940=ORIENTED_EDGE('',*,*,#4499,.T.);
#2941=ORIENTED_EDGE('',*,*,#4502,.F.);
#2942=ORIENTED_EDGE('',*,*,#4503,.F.);
#2943=ORIENTED_EDGE('',*,*,#4084,.T.);
#2944=ORIENTED_EDGE('',*,*,#4501,.T.);
#2945=ORIENTED_EDGE('',*,*,#4504,.F.);
#2946=ORIENTED_EDGE('',*,*,#4505,.F.);
#2947=ORIENTED_EDGE('',*,*,#4085,.T.);
#2948=ORIENTED_EDGE('',*,*,#4503,.T.);
#2949=ORIENTED_EDGE('',*,*,#4506,.F.);
#2950=ORIENTED_EDGE('',*,*,#4507,.F.);
#2951=ORIENTED_EDGE('',*,*,#4086,.T.);
#2952=ORIENTED_EDGE('',*,*,#4505,.T.);
#2953=ORIENTED_EDGE('',*,*,#4508,.F.);
#2954=ORIENTED_EDGE('',*,*,#4509,.F.);
#2955=ORIENTED_EDGE('',*,*,#4065,.T.);
#2956=ORIENTED_EDGE('',*,*,#4507,.T.);
#2957=ORIENTED_EDGE('',*,*,#4510,.F.);
#2958=ORIENTED_EDGE('',*,*,#4469,.F.);
#2959=ORIENTED_EDGE('',*,*,#4066,.T.);
#2960=ORIENTED_EDGE('',*,*,#4509,.T.);
#2961=ORIENTED_EDGE('',*,*,#4511,.F.);
#2962=ORIENTED_EDGE('',*,*,#4512,.F.);
#2963=ORIENTED_EDGE('',*,*,#4089,.T.);
#2964=ORIENTED_EDGE('',*,*,#4513,.T.);
#2965=ORIENTED_EDGE('',*,*,#4514,.F.);
#2966=ORIENTED_EDGE('',*,*,#4515,.F.);
#2967=ORIENTED_EDGE('',*,*,#4090,.T.);
#2968=ORIENTED_EDGE('',*,*,#4512,.T.);
#2969=ORIENTED_EDGE('',*,*,#4516,.F.);
#2970=ORIENTED_EDGE('',*,*,#4517,.F.);
#2971=ORIENTED_EDGE('',*,*,#4091,.T.);
#2972=ORIENTED_EDGE('',*,*,#4515,.T.);
#2973=ORIENTED_EDGE('',*,*,#4518,.F.);
#2974=ORIENTED_EDGE('',*,*,#4519,.F.);
#2975=ORIENTED_EDGE('',*,*,#4092,.T.);
#2976=ORIENTED_EDGE('',*,*,#4517,.T.);
#2977=ORIENTED_EDGE('',*,*,#4520,.F.);
#2978=ORIENTED_EDGE('',*,*,#4521,.F.);
#2979=ORIENTED_EDGE('',*,*,#4093,.T.);
#2980=ORIENTED_EDGE('',*,*,#4519,.T.);
#2981=ORIENTED_EDGE('',*,*,#4522,.F.);
#2982=ORIENTED_EDGE('',*,*,#4523,.F.);
#2983=ORIENTED_EDGE('',*,*,#4094,.T.);
#2984=ORIENTED_EDGE('',*,*,#4521,.T.);
#2985=ORIENTED_EDGE('',*,*,#4524,.F.);
#2986=ORIENTED_EDGE('',*,*,#4525,.F.);
#2987=ORIENTED_EDGE('',*,*,#4095,.T.);
#2988=ORIENTED_EDGE('',*,*,#4523,.T.);
#2989=ORIENTED_EDGE('',*,*,#4526,.F.);
#2990=ORIENTED_EDGE('',*,*,#4527,.F.);
#2991=ORIENTED_EDGE('',*,*,#4096,.T.);
#2992=ORIENTED_EDGE('',*,*,#4525,.T.);
#2993=ORIENTED_EDGE('',*,*,#4528,.F.);
#2994=ORIENTED_EDGE('',*,*,#4529,.F.);
#2995=ORIENTED_EDGE('',*,*,#4097,.T.);
#2996=ORIENTED_EDGE('',*,*,#4527,.T.);
#2997=ORIENTED_EDGE('',*,*,#4530,.F.);
#2998=ORIENTED_EDGE('',*,*,#4531,.F.);
#2999=ORIENTED_EDGE('',*,*,#4098,.T.);
#3000=ORIENTED_EDGE('',*,*,#4529,.T.);
#3001=ORIENTED_EDGE('',*,*,#4532,.F.);
#3002=ORIENTED_EDGE('',*,*,#4533,.F.);
#3003=ORIENTED_EDGE('',*,*,#4099,.T.);
#3004=ORIENTED_EDGE('',*,*,#4531,.T.);
#3005=ORIENTED_EDGE('',*,*,#4534,.F.);
#3006=ORIENTED_EDGE('',*,*,#4535,.F.);
#3007=ORIENTED_EDGE('',*,*,#4100,.T.);
#3008=ORIENTED_EDGE('',*,*,#4533,.T.);
#3009=ORIENTED_EDGE('',*,*,#4536,.F.);
#3010=ORIENTED_EDGE('',*,*,#4537,.F.);
#3011=ORIENTED_EDGE('',*,*,#4101,.T.);
#3012=ORIENTED_EDGE('',*,*,#4535,.T.);
#3013=ORIENTED_EDGE('',*,*,#4538,.F.);
#3014=ORIENTED_EDGE('',*,*,#4539,.F.);
#3015=ORIENTED_EDGE('',*,*,#4102,.T.);
#3016=ORIENTED_EDGE('',*,*,#4537,.T.);
#3017=ORIENTED_EDGE('',*,*,#4540,.F.);
#3018=ORIENTED_EDGE('',*,*,#4541,.F.);
#3019=ORIENTED_EDGE('',*,*,#4103,.T.);
#3020=ORIENTED_EDGE('',*,*,#4539,.T.);
#3021=ORIENTED_EDGE('',*,*,#4542,.F.);
#3022=ORIENTED_EDGE('',*,*,#4543,.F.);
#3023=ORIENTED_EDGE('',*,*,#4104,.T.);
#3024=ORIENTED_EDGE('',*,*,#4541,.T.);
#3025=ORIENTED_EDGE('',*,*,#4544,.F.);
#3026=ORIENTED_EDGE('',*,*,#4545,.F.);
#3027=ORIENTED_EDGE('',*,*,#4105,.T.);
#3028=ORIENTED_EDGE('',*,*,#4543,.T.);
#3029=ORIENTED_EDGE('',*,*,#4546,.F.);
#3030=ORIENTED_EDGE('',*,*,#4547,.F.);
#3031=ORIENTED_EDGE('',*,*,#4106,.T.);
#3032=ORIENTED_EDGE('',*,*,#4545,.T.);
#3033=ORIENTED_EDGE('',*,*,#4548,.F.);
#3034=ORIENTED_EDGE('',*,*,#4549,.F.);
#3035=ORIENTED_EDGE('',*,*,#4107,.T.);
#3036=ORIENTED_EDGE('',*,*,#4547,.T.);
#3037=ORIENTED_EDGE('',*,*,#4550,.F.);
#3038=ORIENTED_EDGE('',*,*,#4551,.F.);
#3039=ORIENTED_EDGE('',*,*,#4108,.T.);
#3040=ORIENTED_EDGE('',*,*,#4549,.T.);
#3041=ORIENTED_EDGE('',*,*,#4552,.F.);
#3042=ORIENTED_EDGE('',*,*,#4553,.F.);
#3043=ORIENTED_EDGE('',*,*,#4109,.T.);
#3044=ORIENTED_EDGE('',*,*,#4551,.T.);
#3045=ORIENTED_EDGE('',*,*,#4554,.F.);
#3046=ORIENTED_EDGE('',*,*,#4555,.F.);
#3047=ORIENTED_EDGE('',*,*,#4110,.T.);
#3048=ORIENTED_EDGE('',*,*,#4553,.T.);
#3049=ORIENTED_EDGE('',*,*,#4556,.F.);
#3050=ORIENTED_EDGE('',*,*,#4557,.F.);
#3051=ORIENTED_EDGE('',*,*,#4111,.T.);
#3052=ORIENTED_EDGE('',*,*,#4555,.T.);
#3053=ORIENTED_EDGE('',*,*,#4558,.F.);
#3054=ORIENTED_EDGE('',*,*,#4559,.F.);
#3055=ORIENTED_EDGE('',*,*,#4112,.T.);
#3056=ORIENTED_EDGE('',*,*,#4557,.T.);
#3057=ORIENTED_EDGE('',*,*,#4560,.F.);
#3058=ORIENTED_EDGE('',*,*,#4561,.F.);
#3059=ORIENTED_EDGE('',*,*,#4113,.T.);
#3060=ORIENTED_EDGE('',*,*,#4559,.T.);
#3061=ORIENTED_EDGE('',*,*,#4562,.F.);
#3062=ORIENTED_EDGE('',*,*,#4563,.F.);
#3063=ORIENTED_EDGE('',*,*,#4087,.T.);
#3064=ORIENTED_EDGE('',*,*,#4561,.T.);
#3065=ORIENTED_EDGE('',*,*,#4564,.F.);
#3066=ORIENTED_EDGE('',*,*,#4513,.F.);
#3067=ORIENTED_EDGE('',*,*,#4088,.T.);
#3068=ORIENTED_EDGE('',*,*,#4563,.T.);
#3069=ORIENTED_EDGE('',*,*,#4565,.F.);
#3070=ORIENTED_EDGE('',*,*,#4566,.F.);
#3071=ORIENTED_EDGE('',*,*,#4116,.T.);
#3072=ORIENTED_EDGE('',*,*,#4567,.T.);
#3073=ORIENTED_EDGE('',*,*,#4568,.F.);
#3074=ORIENTED_EDGE('',*,*,#4569,.F.);
#3075=ORIENTED_EDGE('',*,*,#4117,.T.);
#3076=ORIENTED_EDGE('',*,*,#4566,.T.);
#3077=ORIENTED_EDGE('',*,*,#4570,.F.);
#3078=ORIENTED_EDGE('',*,*,#4571,.F.);
#3079=ORIENTED_EDGE('',*,*,#4118,.T.);
#3080=ORIENTED_EDGE('',*,*,#4569,.T.);
#3081=ORIENTED_EDGE('',*,*,#4572,.F.);
#3082=ORIENTED_EDGE('',*,*,#4573,.F.);
#3083=ORIENTED_EDGE('',*,*,#4119,.T.);
#3084=ORIENTED_EDGE('',*,*,#4571,.T.);
#3085=ORIENTED_EDGE('',*,*,#4574,.F.);
#3086=ORIENTED_EDGE('',*,*,#4575,.F.);
#3087=ORIENTED_EDGE('',*,*,#4120,.T.);
#3088=ORIENTED_EDGE('',*,*,#4573,.T.);
#3089=ORIENTED_EDGE('',*,*,#4576,.F.);
#3090=ORIENTED_EDGE('',*,*,#4577,.F.);
#3091=ORIENTED_EDGE('',*,*,#4121,.T.);
#3092=ORIENTED_EDGE('',*,*,#4575,.T.);
#3093=ORIENTED_EDGE('',*,*,#4578,.F.);
#3094=ORIENTED_EDGE('',*,*,#4579,.F.);
#3095=ORIENTED_EDGE('',*,*,#4122,.T.);
#3096=ORIENTED_EDGE('',*,*,#4577,.T.);
#3097=ORIENTED_EDGE('',*,*,#4580,.F.);
#3098=ORIENTED_EDGE('',*,*,#4581,.F.);
#3099=ORIENTED_EDGE('',*,*,#4123,.T.);
#3100=ORIENTED_EDGE('',*,*,#4579,.T.);
#3101=ORIENTED_EDGE('',*,*,#4582,.F.);
#3102=ORIENTED_EDGE('',*,*,#4583,.F.);
#3103=ORIENTED_EDGE('',*,*,#4124,.T.);
#3104=ORIENTED_EDGE('',*,*,#4581,.T.);
#3105=ORIENTED_EDGE('',*,*,#4584,.F.);
#3106=ORIENTED_EDGE('',*,*,#4585,.F.);
#3107=ORIENTED_EDGE('',*,*,#4125,.T.);
#3108=ORIENTED_EDGE('',*,*,#4583,.T.);
#3109=ORIENTED_EDGE('',*,*,#4586,.F.);
#3110=ORIENTED_EDGE('',*,*,#4587,.F.);
#3111=ORIENTED_EDGE('',*,*,#4126,.T.);
#3112=ORIENTED_EDGE('',*,*,#4585,.T.);
#3113=ORIENTED_EDGE('',*,*,#4588,.F.);
#3114=ORIENTED_EDGE('',*,*,#4589,.F.);
#3115=ORIENTED_EDGE('',*,*,#4127,.T.);
#3116=ORIENTED_EDGE('',*,*,#4587,.T.);
#3117=ORIENTED_EDGE('',*,*,#4590,.F.);
#3118=ORIENTED_EDGE('',*,*,#4591,.F.);
#3119=ORIENTED_EDGE('',*,*,#4128,.T.);
#3120=ORIENTED_EDGE('',*,*,#4589,.T.);
#3121=ORIENTED_EDGE('',*,*,#4592,.F.);
#3122=ORIENTED_EDGE('',*,*,#4593,.F.);
#3123=ORIENTED_EDGE('',*,*,#4129,.T.);
#3124=ORIENTED_EDGE('',*,*,#4591,.T.);
#3125=ORIENTED_EDGE('',*,*,#4594,.F.);
#3126=ORIENTED_EDGE('',*,*,#4595,.F.);
#3127=ORIENTED_EDGE('',*,*,#4130,.T.);
#3128=ORIENTED_EDGE('',*,*,#4593,.T.);
#3129=ORIENTED_EDGE('',*,*,#4596,.F.);
#3130=ORIENTED_EDGE('',*,*,#4597,.F.);
#3131=ORIENTED_EDGE('',*,*,#4131,.T.);
#3132=ORIENTED_EDGE('',*,*,#4595,.T.);
#3133=ORIENTED_EDGE('',*,*,#4598,.F.);
#3134=ORIENTED_EDGE('',*,*,#4599,.F.);
#3135=ORIENTED_EDGE('',*,*,#4132,.T.);
#3136=ORIENTED_EDGE('',*,*,#4597,.T.);
#3137=ORIENTED_EDGE('',*,*,#4600,.F.);
#3138=ORIENTED_EDGE('',*,*,#4601,.F.);
#3139=ORIENTED_EDGE('',*,*,#4133,.T.);
#3140=ORIENTED_EDGE('',*,*,#4599,.T.);
#3141=ORIENTED_EDGE('',*,*,#4602,.F.);
#3142=ORIENTED_EDGE('',*,*,#4603,.F.);
#3143=ORIENTED_EDGE('',*,*,#4134,.T.);
#3144=ORIENTED_EDGE('',*,*,#4601,.T.);
#3145=ORIENTED_EDGE('',*,*,#4604,.F.);
#3146=ORIENTED_EDGE('',*,*,#4605,.F.);
#3147=ORIENTED_EDGE('',*,*,#4135,.T.);
#3148=ORIENTED_EDGE('',*,*,#4603,.T.);
#3149=ORIENTED_EDGE('',*,*,#4606,.F.);
#3150=ORIENTED_EDGE('',*,*,#4607,.F.);
#3151=ORIENTED_EDGE('',*,*,#4136,.T.);
#3152=ORIENTED_EDGE('',*,*,#4605,.T.);
#3153=ORIENTED_EDGE('',*,*,#4608,.F.);
#3154=ORIENTED_EDGE('',*,*,#4609,.F.);
#3155=ORIENTED_EDGE('',*,*,#4137,.T.);
#3156=ORIENTED_EDGE('',*,*,#4607,.T.);
#3157=ORIENTED_EDGE('',*,*,#4610,.F.);
#3158=ORIENTED_EDGE('',*,*,#4611,.F.);
#3159=ORIENTED_EDGE('',*,*,#4138,.T.);
#3160=ORIENTED_EDGE('',*,*,#4609,.T.);
#3161=ORIENTED_EDGE('',*,*,#4612,.F.);
#3162=ORIENTED_EDGE('',*,*,#4613,.F.);
#3163=ORIENTED_EDGE('',*,*,#4139,.T.);
#3164=ORIENTED_EDGE('',*,*,#4611,.T.);
#3165=ORIENTED_EDGE('',*,*,#4614,.F.);
#3166=ORIENTED_EDGE('',*,*,#4615,.F.);
#3167=ORIENTED_EDGE('',*,*,#4140,.T.);
#3168=ORIENTED_EDGE('',*,*,#4613,.T.);
#3169=ORIENTED_EDGE('',*,*,#4616,.F.);
#3170=ORIENTED_EDGE('',*,*,#4617,.F.);
#3171=ORIENTED_EDGE('',*,*,#4141,.T.);
#3172=ORIENTED_EDGE('',*,*,#4615,.T.);
#3173=ORIENTED_EDGE('',*,*,#4618,.F.);
#3174=ORIENTED_EDGE('',*,*,#4619,.F.);
#3175=ORIENTED_EDGE('',*,*,#4142,.T.);
#3176=ORIENTED_EDGE('',*,*,#4617,.T.);
#3177=ORIENTED_EDGE('',*,*,#4620,.F.);
#3178=ORIENTED_EDGE('',*,*,#4621,.F.);
#3179=ORIENTED_EDGE('',*,*,#4143,.T.);
#3180=ORIENTED_EDGE('',*,*,#4619,.T.);
#3181=ORIENTED_EDGE('',*,*,#4622,.F.);
#3182=ORIENTED_EDGE('',*,*,#4623,.F.);
#3183=ORIENTED_EDGE('',*,*,#4144,.T.);
#3184=ORIENTED_EDGE('',*,*,#4621,.T.);
#3185=ORIENTED_EDGE('',*,*,#4624,.F.);
#3186=ORIENTED_EDGE('',*,*,#4625,.F.);
#3187=ORIENTED_EDGE('',*,*,#4145,.T.);
#3188=ORIENTED_EDGE('',*,*,#4623,.T.);
#3189=ORIENTED_EDGE('',*,*,#4626,.F.);
#3190=ORIENTED_EDGE('',*,*,#4627,.F.);
#3191=ORIENTED_EDGE('',*,*,#4146,.T.);
#3192=ORIENTED_EDGE('',*,*,#4625,.T.);
#3193=ORIENTED_EDGE('',*,*,#4628,.F.);
#3194=ORIENTED_EDGE('',*,*,#4629,.F.);
#3195=ORIENTED_EDGE('',*,*,#4114,.T.);
#3196=ORIENTED_EDGE('',*,*,#4627,.T.);
#3197=ORIENTED_EDGE('',*,*,#4630,.F.);
#3198=ORIENTED_EDGE('',*,*,#4567,.F.);
#3199=ORIENTED_EDGE('',*,*,#4115,.T.);
#3200=ORIENTED_EDGE('',*,*,#4629,.T.);
#3201=ORIENTED_EDGE('',*,*,#4631,.F.);
#3202=ORIENTED_EDGE('',*,*,#4632,.F.);
#3203=ORIENTED_EDGE('',*,*,#4149,.T.);
#3204=ORIENTED_EDGE('',*,*,#4633,.T.);
#3205=ORIENTED_EDGE('',*,*,#4634,.F.);
#3206=ORIENTED_EDGE('',*,*,#4635,.F.);
#3207=ORIENTED_EDGE('',*,*,#4150,.T.);
#3208=ORIENTED_EDGE('',*,*,#4632,.T.);
#3209=ORIENTED_EDGE('',*,*,#4636,.F.);
#3210=ORIENTED_EDGE('',*,*,#4637,.F.);
#3211=ORIENTED_EDGE('',*,*,#4151,.T.);
#3212=ORIENTED_EDGE('',*,*,#4635,.T.);
#3213=ORIENTED_EDGE('',*,*,#4638,.F.);
#3214=ORIENTED_EDGE('',*,*,#4639,.F.);
#3215=ORIENTED_EDGE('',*,*,#4152,.T.);
#3216=ORIENTED_EDGE('',*,*,#4637,.T.);
#3217=ORIENTED_EDGE('',*,*,#4640,.F.);
#3218=ORIENTED_EDGE('',*,*,#4641,.F.);
#3219=ORIENTED_EDGE('',*,*,#4153,.T.);
#3220=ORIENTED_EDGE('',*,*,#4639,.T.);
#3221=ORIENTED_EDGE('',*,*,#4642,.F.);
#3222=ORIENTED_EDGE('',*,*,#4643,.F.);
#3223=ORIENTED_EDGE('',*,*,#4154,.T.);
#3224=ORIENTED_EDGE('',*,*,#4641,.T.);
#3225=ORIENTED_EDGE('',*,*,#4644,.F.);
#3226=ORIENTED_EDGE('',*,*,#4645,.F.);
#3227=ORIENTED_EDGE('',*,*,#4147,.T.);
#3228=ORIENTED_EDGE('',*,*,#4643,.T.);
#3229=ORIENTED_EDGE('',*,*,#4646,.F.);
#3230=ORIENTED_EDGE('',*,*,#4633,.F.);
#3231=ORIENTED_EDGE('',*,*,#4148,.T.);
#3232=ORIENTED_EDGE('',*,*,#4645,.T.);
#3233=ORIENTED_EDGE('',*,*,#4647,.F.);
#3234=ORIENTED_EDGE('',*,*,#4648,.F.);
#3235=ORIENTED_EDGE('',*,*,#4157,.T.);
#3236=ORIENTED_EDGE('',*,*,#4649,.T.);
#3237=ORIENTED_EDGE('',*,*,#4650,.F.);
#3238=ORIENTED_EDGE('',*,*,#4651,.F.);
#3239=ORIENTED_EDGE('',*,*,#4158,.T.);
#3240=ORIENTED_EDGE('',*,*,#4648,.T.);
#3241=ORIENTED_EDGE('',*,*,#4652,.F.);
#3242=ORIENTED_EDGE('',*,*,#4653,.F.);
#3243=ORIENTED_EDGE('',*,*,#4159,.T.);
#3244=ORIENTED_EDGE('',*,*,#4651,.T.);
#3245=ORIENTED_EDGE('',*,*,#4654,.F.);
#3246=ORIENTED_EDGE('',*,*,#4655,.F.);
#3247=ORIENTED_EDGE('',*,*,#4160,.T.);
#3248=ORIENTED_EDGE('',*,*,#4653,.T.);
#3249=ORIENTED_EDGE('',*,*,#4656,.F.);
#3250=ORIENTED_EDGE('',*,*,#4657,.F.);
#3251=ORIENTED_EDGE('',*,*,#4161,.T.);
#3252=ORIENTED_EDGE('',*,*,#4655,.T.);
#3253=ORIENTED_EDGE('',*,*,#4658,.F.);
#3254=ORIENTED_EDGE('',*,*,#4659,.F.);
#3255=ORIENTED_EDGE('',*,*,#4162,.T.);
#3256=ORIENTED_EDGE('',*,*,#4657,.T.);
#3257=ORIENTED_EDGE('',*,*,#4660,.F.);
#3258=ORIENTED_EDGE('',*,*,#4661,.F.);
#3259=ORIENTED_EDGE('',*,*,#4163,.T.);
#3260=ORIENTED_EDGE('',*,*,#4659,.T.);
#3261=ORIENTED_EDGE('',*,*,#4662,.F.);
#3262=ORIENTED_EDGE('',*,*,#4663,.F.);
#3263=ORIENTED_EDGE('',*,*,#4164,.T.);
#3264=ORIENTED_EDGE('',*,*,#4661,.T.);
#3265=ORIENTED_EDGE('',*,*,#4664,.F.);
#3266=ORIENTED_EDGE('',*,*,#4665,.F.);
#3267=ORIENTED_EDGE('',*,*,#4165,.T.);
#3268=ORIENTED_EDGE('',*,*,#4663,.T.);
#3269=ORIENTED_EDGE('',*,*,#4666,.F.);
#3270=ORIENTED_EDGE('',*,*,#4667,.F.);
#3271=ORIENTED_EDGE('',*,*,#4166,.T.);
#3272=ORIENTED_EDGE('',*,*,#4665,.T.);
#3273=ORIENTED_EDGE('',*,*,#4668,.F.);
#3274=ORIENTED_EDGE('',*,*,#4669,.F.);
#3275=ORIENTED_EDGE('',*,*,#4167,.T.);
#3276=ORIENTED_EDGE('',*,*,#4667,.T.);
#3277=ORIENTED_EDGE('',*,*,#4670,.F.);
#3278=ORIENTED_EDGE('',*,*,#4671,.F.);
#3279=ORIENTED_EDGE('',*,*,#4168,.T.);
#3280=ORIENTED_EDGE('',*,*,#4669,.T.);
#3281=ORIENTED_EDGE('',*,*,#4672,.F.);
#3282=ORIENTED_EDGE('',*,*,#4673,.F.);
#3283=ORIENTED_EDGE('',*,*,#4169,.T.);
#3284=ORIENTED_EDGE('',*,*,#4671,.T.);
#3285=ORIENTED_EDGE('',*,*,#4674,.F.);
#3286=ORIENTED_EDGE('',*,*,#4675,.F.);
#3287=ORIENTED_EDGE('',*,*,#4170,.T.);
#3288=ORIENTED_EDGE('',*,*,#4673,.T.);
#3289=ORIENTED_EDGE('',*,*,#4676,.F.);
#3290=ORIENTED_EDGE('',*,*,#4677,.F.);
#3291=ORIENTED_EDGE('',*,*,#4155,.T.);
#3292=ORIENTED_EDGE('',*,*,#4675,.T.);
#3293=ORIENTED_EDGE('',*,*,#4678,.F.);
#3294=ORIENTED_EDGE('',*,*,#4649,.F.);
#3295=ORIENTED_EDGE('',*,*,#4156,.T.);
#3296=ORIENTED_EDGE('',*,*,#4677,.T.);
#3297=ORIENTED_EDGE('',*,*,#4679,.F.);
#3298=ORIENTED_EDGE('',*,*,#4680,.F.);
#3299=ORIENTED_EDGE('',*,*,#4173,.T.);
#3300=ORIENTED_EDGE('',*,*,#4681,.T.);
#3301=ORIENTED_EDGE('',*,*,#4682,.F.);
#3302=ORIENTED_EDGE('',*,*,#4683,.F.);
#3303=ORIENTED_EDGE('',*,*,#4174,.T.);
#3304=ORIENTED_EDGE('',*,*,#4680,.T.);
#3305=ORIENTED_EDGE('',*,*,#4684,.F.);
#3306=ORIENTED_EDGE('',*,*,#4685,.F.);
#3307=ORIENTED_EDGE('',*,*,#4175,.T.);
#3308=ORIENTED_EDGE('',*,*,#4683,.T.);
#3309=ORIENTED_EDGE('',*,*,#4686,.F.);
#3310=ORIENTED_EDGE('',*,*,#4687,.F.);
#3311=ORIENTED_EDGE('',*,*,#4176,.T.);
#3312=ORIENTED_EDGE('',*,*,#4685,.T.);
#3313=ORIENTED_EDGE('',*,*,#4688,.F.);
#3314=ORIENTED_EDGE('',*,*,#4689,.F.);
#3315=ORIENTED_EDGE('',*,*,#4177,.T.);
#3316=ORIENTED_EDGE('',*,*,#4687,.T.);
#3317=ORIENTED_EDGE('',*,*,#4690,.F.);
#3318=ORIENTED_EDGE('',*,*,#4691,.F.);
#3319=ORIENTED_EDGE('',*,*,#4178,.T.);
#3320=ORIENTED_EDGE('',*,*,#4689,.T.);
#3321=ORIENTED_EDGE('',*,*,#4692,.F.);
#3322=ORIENTED_EDGE('',*,*,#4693,.F.);
#3323=ORIENTED_EDGE('',*,*,#4179,.T.);
#3324=ORIENTED_EDGE('',*,*,#4691,.T.);
#3325=ORIENTED_EDGE('',*,*,#4694,.F.);
#3326=ORIENTED_EDGE('',*,*,#4695,.F.);
#3327=ORIENTED_EDGE('',*,*,#4180,.T.);
#3328=ORIENTED_EDGE('',*,*,#4693,.T.);
#3329=ORIENTED_EDGE('',*,*,#4696,.F.);
#3330=ORIENTED_EDGE('',*,*,#4697,.F.);
#3331=ORIENTED_EDGE('',*,*,#4181,.T.);
#3332=ORIENTED_EDGE('',*,*,#4695,.T.);
#3333=ORIENTED_EDGE('',*,*,#4698,.F.);
#3334=ORIENTED_EDGE('',*,*,#4699,.F.);
#3335=ORIENTED_EDGE('',*,*,#4182,.T.);
#3336=ORIENTED_EDGE('',*,*,#4697,.T.);
#3337=ORIENTED_EDGE('',*,*,#4700,.F.);
#3338=ORIENTED_EDGE('',*,*,#4701,.F.);
#3339=ORIENTED_EDGE('',*,*,#4171,.T.);
#3340=ORIENTED_EDGE('',*,*,#4699,.T.);
#3341=ORIENTED_EDGE('',*,*,#4702,.F.);
#3342=ORIENTED_EDGE('',*,*,#4681,.F.);
#3343=ORIENTED_EDGE('',*,*,#4172,.T.);
#3344=ORIENTED_EDGE('',*,*,#4701,.T.);
#3345=ORIENTED_EDGE('',*,*,#4702,.T.);
#3346=ORIENTED_EDGE('',*,*,#4700,.T.);
#3347=ORIENTED_EDGE('',*,*,#4698,.T.);
#3348=ORIENTED_EDGE('',*,*,#4696,.T.);
#3349=ORIENTED_EDGE('',*,*,#4694,.T.);
#3350=ORIENTED_EDGE('',*,*,#4692,.T.);
#3351=ORIENTED_EDGE('',*,*,#4690,.T.);
#3352=ORIENTED_EDGE('',*,*,#4688,.T.);
#3353=ORIENTED_EDGE('',*,*,#4686,.T.);
#3354=ORIENTED_EDGE('',*,*,#4684,.T.);
#3355=ORIENTED_EDGE('',*,*,#4682,.T.);
#3356=ORIENTED_EDGE('',*,*,#4679,.T.);
#3357=ORIENTED_EDGE('',*,*,#4678,.T.);
#3358=ORIENTED_EDGE('',*,*,#4676,.T.);
#3359=ORIENTED_EDGE('',*,*,#4674,.T.);
#3360=ORIENTED_EDGE('',*,*,#4672,.T.);
#3361=ORIENTED_EDGE('',*,*,#4670,.T.);
#3362=ORIENTED_EDGE('',*,*,#4668,.T.);
#3363=ORIENTED_EDGE('',*,*,#4666,.T.);
#3364=ORIENTED_EDGE('',*,*,#4664,.T.);
#3365=ORIENTED_EDGE('',*,*,#4662,.T.);
#3366=ORIENTED_EDGE('',*,*,#4660,.T.);
#3367=ORIENTED_EDGE('',*,*,#4658,.T.);
#3368=ORIENTED_EDGE('',*,*,#4656,.T.);
#3369=ORIENTED_EDGE('',*,*,#4654,.T.);
#3370=ORIENTED_EDGE('',*,*,#4652,.T.);
#3371=ORIENTED_EDGE('',*,*,#4650,.T.);
#3372=ORIENTED_EDGE('',*,*,#4647,.T.);
#3373=ORIENTED_EDGE('',*,*,#4646,.T.);
#3374=ORIENTED_EDGE('',*,*,#4644,.T.);
#3375=ORIENTED_EDGE('',*,*,#4642,.T.);
#3376=ORIENTED_EDGE('',*,*,#4640,.T.);
#3377=ORIENTED_EDGE('',*,*,#4638,.T.);
#3378=ORIENTED_EDGE('',*,*,#4636,.T.);
#3379=ORIENTED_EDGE('',*,*,#4634,.T.);
#3380=ORIENTED_EDGE('',*,*,#4631,.T.);
#3381=ORIENTED_EDGE('',*,*,#4630,.T.);
#3382=ORIENTED_EDGE('',*,*,#4628,.T.);
#3383=ORIENTED_EDGE('',*,*,#4626,.T.);
#3384=ORIENTED_EDGE('',*,*,#4624,.T.);
#3385=ORIENTED_EDGE('',*,*,#4622,.T.);
#3386=ORIENTED_EDGE('',*,*,#4620,.T.);
#3387=ORIENTED_EDGE('',*,*,#4618,.T.);
#3388=ORIENTED_EDGE('',*,*,#4616,.T.);
#3389=ORIENTED_EDGE('',*,*,#4614,.T.);
#3390=ORIENTED_EDGE('',*,*,#4612,.T.);
#3391=ORIENTED_EDGE('',*,*,#4610,.T.);
#3392=ORIENTED_EDGE('',*,*,#4608,.T.);
#3393=ORIENTED_EDGE('',*,*,#4606,.T.);
#3394=ORIENTED_EDGE('',*,*,#4604,.T.);
#3395=ORIENTED_EDGE('',*,*,#4602,.T.);
#3396=ORIENTED_EDGE('',*,*,#4600,.T.);
#3397=ORIENTED_EDGE('',*,*,#4598,.T.);
#3398=ORIENTED_EDGE('',*,*,#4596,.T.);
#3399=ORIENTED_EDGE('',*,*,#4594,.T.);
#3400=ORIENTED_EDGE('',*,*,#4592,.T.);
#3401=ORIENTED_EDGE('',*,*,#4590,.T.);
#3402=ORIENTED_EDGE('',*,*,#4588,.T.);
#3403=ORIENTED_EDGE('',*,*,#4586,.T.);
#3404=ORIENTED_EDGE('',*,*,#4584,.T.);
#3405=ORIENTED_EDGE('',*,*,#4582,.T.);
#3406=ORIENTED_EDGE('',*,*,#4580,.T.);
#3407=ORIENTED_EDGE('',*,*,#4578,.T.);
#3408=ORIENTED_EDGE('',*,*,#4576,.T.);
#3409=ORIENTED_EDGE('',*,*,#4574,.T.);
#3410=ORIENTED_EDGE('',*,*,#4572,.T.);
#3411=ORIENTED_EDGE('',*,*,#4570,.T.);
#3412=ORIENTED_EDGE('',*,*,#4568,.T.);
#3413=ORIENTED_EDGE('',*,*,#4565,.T.);
#3414=ORIENTED_EDGE('',*,*,#4564,.T.);
#3415=ORIENTED_EDGE('',*,*,#4562,.T.);
#3416=ORIENTED_EDGE('',*,*,#4560,.T.);
#3417=ORIENTED_EDGE('',*,*,#4558,.T.);
#3418=ORIENTED_EDGE('',*,*,#4556,.T.);
#3419=ORIENTED_EDGE('',*,*,#4554,.T.);
#3420=ORIENTED_EDGE('',*,*,#4552,.T.);
#3421=ORIENTED_EDGE('',*,*,#4550,.T.);
#3422=ORIENTED_EDGE('',*,*,#4548,.T.);
#3423=ORIENTED_EDGE('',*,*,#4546,.T.);
#3424=ORIENTED_EDGE('',*,*,#4544,.T.);
#3425=ORIENTED_EDGE('',*,*,#4542,.T.);
#3426=ORIENTED_EDGE('',*,*,#4540,.T.);
#3427=ORIENTED_EDGE('',*,*,#4538,.T.);
#3428=ORIENTED_EDGE('',*,*,#4536,.T.);
#3429=ORIENTED_EDGE('',*,*,#4534,.T.);
#3430=ORIENTED_EDGE('',*,*,#4532,.T.);
#3431=ORIENTED_EDGE('',*,*,#4530,.T.);
#3432=ORIENTED_EDGE('',*,*,#4528,.T.);
#3433=ORIENTED_EDGE('',*,*,#4526,.T.);
#3434=ORIENTED_EDGE('',*,*,#4524,.T.);
#3435=ORIENTED_EDGE('',*,*,#4522,.T.);
#3436=ORIENTED_EDGE('',*,*,#4520,.T.);
#3437=ORIENTED_EDGE('',*,*,#4518,.T.);
#3438=ORIENTED_EDGE('',*,*,#4516,.T.);
#3439=ORIENTED_EDGE('',*,*,#4514,.T.);
#3440=ORIENTED_EDGE('',*,*,#4511,.T.);
#3441=ORIENTED_EDGE('',*,*,#4510,.T.);
#3442=ORIENTED_EDGE('',*,*,#4508,.T.);
#3443=ORIENTED_EDGE('',*,*,#4506,.T.);
#3444=ORIENTED_EDGE('',*,*,#4504,.T.);
#3445=ORIENTED_EDGE('',*,*,#4502,.T.);
#3446=ORIENTED_EDGE('',*,*,#4500,.T.);
#3447=ORIENTED_EDGE('',*,*,#4498,.T.);
#3448=ORIENTED_EDGE('',*,*,#4496,.T.);
#3449=ORIENTED_EDGE('',*,*,#4494,.T.);
#3450=ORIENTED_EDGE('',*,*,#4492,.T.);
#3451=ORIENTED_EDGE('',*,*,#4490,.T.);
#3452=ORIENTED_EDGE('',*,*,#4488,.T.);
#3453=ORIENTED_EDGE('',*,*,#4486,.T.);
#3454=ORIENTED_EDGE('',*,*,#4484,.T.);
#3455=ORIENTED_EDGE('',*,*,#4482,.T.);
#3456=ORIENTED_EDGE('',*,*,#4480,.T.);
#3457=ORIENTED_EDGE('',*,*,#4478,.T.);
#3458=ORIENTED_EDGE('',*,*,#4476,.T.);
#3459=ORIENTED_EDGE('',*,*,#4474,.T.);
#3460=ORIENTED_EDGE('',*,*,#4472,.T.);
#3461=ORIENTED_EDGE('',*,*,#4470,.T.);
#3462=ORIENTED_EDGE('',*,*,#4467,.T.);
#3463=ORIENTED_EDGE('',*,*,#4466,.T.);
#3464=ORIENTED_EDGE('',*,*,#4464,.T.);
#3465=ORIENTED_EDGE('',*,*,#4462,.T.);
#3466=ORIENTED_EDGE('',*,*,#4460,.T.);
#3467=ORIENTED_EDGE('',*,*,#4458,.T.);
#3468=ORIENTED_EDGE('',*,*,#4456,.T.);
#3469=ORIENTED_EDGE('',*,*,#4454,.T.);
#3470=ORIENTED_EDGE('',*,*,#4452,.T.);
#3471=ORIENTED_EDGE('',*,*,#4450,.T.);
#3472=ORIENTED_EDGE('',*,*,#4448,.T.);
#3473=ORIENTED_EDGE('',*,*,#4446,.T.);
#3474=ORIENTED_EDGE('',*,*,#4444,.T.);
#3475=ORIENTED_EDGE('',*,*,#4442,.T.);
#3476=ORIENTED_EDGE('',*,*,#4440,.T.);
#3477=ORIENTED_EDGE('',*,*,#4438,.T.);
#3478=ORIENTED_EDGE('',*,*,#4436,.T.);
#3479=ORIENTED_EDGE('',*,*,#4434,.T.);
#3480=ORIENTED_EDGE('',*,*,#4432,.T.);
#3481=ORIENTED_EDGE('',*,*,#4430,.T.);
#3482=ORIENTED_EDGE('',*,*,#4428,.T.);
#3483=ORIENTED_EDGE('',*,*,#4426,.T.);
#3484=ORIENTED_EDGE('',*,*,#4423,.T.);
#3485=ORIENTED_EDGE('',*,*,#4422,.T.);
#3486=ORIENTED_EDGE('',*,*,#4420,.T.);
#3487=ORIENTED_EDGE('',*,*,#4418,.T.);
#3488=ORIENTED_EDGE('',*,*,#4416,.T.);
#3489=ORIENTED_EDGE('',*,*,#4414,.T.);
#3490=ORIENTED_EDGE('',*,*,#4412,.T.);
#3491=ORIENTED_EDGE('',*,*,#4410,.T.);
#3492=ORIENTED_EDGE('',*,*,#4408,.T.);
#3493=ORIENTED_EDGE('',*,*,#4406,.T.);
#3494=ORIENTED_EDGE('',*,*,#4404,.T.);
#3495=ORIENTED_EDGE('',*,*,#4402,.T.);
#3496=ORIENTED_EDGE('',*,*,#4400,.T.);
#3497=ORIENTED_EDGE('',*,*,#4398,.T.);
#3498=ORIENTED_EDGE('',*,*,#4396,.T.);
#3499=ORIENTED_EDGE('',*,*,#4394,.T.);
#3500=ORIENTED_EDGE('',*,*,#4391,.T.);
#3501=ORIENTED_EDGE('',*,*,#4390,.T.);
#3502=ORIENTED_EDGE('',*,*,#4388,.T.);
#3503=ORIENTED_EDGE('',*,*,#4386,.T.);
#3504=ORIENTED_EDGE('',*,*,#4384,.T.);
#3505=ORIENTED_EDGE('',*,*,#4382,.T.);
#3506=ORIENTED_EDGE('',*,*,#4380,.T.);
#3507=ORIENTED_EDGE('',*,*,#4378,.T.);
#3508=ORIENTED_EDGE('',*,*,#4376,.T.);
#3509=ORIENTED_EDGE('',*,*,#4374,.T.);
#3510=ORIENTED_EDGE('',*,*,#4372,.T.);
#3511=ORIENTED_EDGE('',*,*,#4370,.T.);
#3512=ORIENTED_EDGE('',*,*,#4368,.T.);
#3513=ORIENTED_EDGE('',*,*,#4366,.T.);
#3514=ORIENTED_EDGE('',*,*,#4364,.T.);
#3515=ORIENTED_EDGE('',*,*,#4362,.T.);
#3516=ORIENTED_EDGE('',*,*,#4360,.T.);
#3517=ORIENTED_EDGE('',*,*,#4358,.T.);
#3518=ORIENTED_EDGE('',*,*,#4356,.T.);
#3519=ORIENTED_EDGE('',*,*,#4354,.T.);
#3520=ORIENTED_EDGE('',*,*,#4352,.T.);
#3521=ORIENTED_EDGE('',*,*,#4349,.T.);
#3522=ORIENTED_EDGE('',*,*,#4703,.F.);
#3523=ORIENTED_EDGE('',*,*,#4704,.T.);
#3524=ORIENTED_EDGE('',*,*,#4705,.T.);
#3525=ORIENTED_EDGE('',*,*,#4706,.T.);
#3526=ORIENTED_EDGE('',*,*,#4348,.T.);
#3527=ORIENTED_EDGE('',*,*,#4346,.T.);
#3528=ORIENTED_EDGE('',*,*,#4344,.T.);
#3529=ORIENTED_EDGE('',*,*,#4342,.T.);
#3530=ORIENTED_EDGE('',*,*,#4340,.T.);
#3531=ORIENTED_EDGE('',*,*,#4338,.T.);
#3532=ORIENTED_EDGE('',*,*,#4336,.T.);
#3533=ORIENTED_EDGE('',*,*,#4334,.T.);
#3534=ORIENTED_EDGE('',*,*,#4332,.T.);
#3535=ORIENTED_EDGE('',*,*,#4330,.T.);
#3536=ORIENTED_EDGE('',*,*,#4328,.T.);
#3537=ORIENTED_EDGE('',*,*,#4326,.T.);
#3538=ORIENTED_EDGE('',*,*,#4324,.T.);
#3539=ORIENTED_EDGE('',*,*,#4322,.T.);
#3540=ORIENTED_EDGE('',*,*,#4320,.T.);
#3541=ORIENTED_EDGE('',*,*,#4318,.T.);
#3542=ORIENTED_EDGE('',*,*,#4316,.T.);
#3543=ORIENTED_EDGE('',*,*,#4314,.T.);
#3544=ORIENTED_EDGE('',*,*,#4312,.T.);
#3545=ORIENTED_EDGE('',*,*,#4310,.T.);
#3546=ORIENTED_EDGE('',*,*,#4308,.T.);
#3547=ORIENTED_EDGE('',*,*,#4306,.T.);
#3548=ORIENTED_EDGE('',*,*,#4304,.T.);
#3549=ORIENTED_EDGE('',*,*,#4301,.T.);
#3550=ORIENTED_EDGE('',*,*,#4300,.T.);
#3551=ORIENTED_EDGE('',*,*,#4298,.T.);
#3552=ORIENTED_EDGE('',*,*,#4296,.T.);
#3553=ORIENTED_EDGE('',*,*,#4294,.T.);
#3554=ORIENTED_EDGE('',*,*,#4292,.T.);
#3555=ORIENTED_EDGE('',*,*,#4290,.T.);
#3556=ORIENTED_EDGE('',*,*,#4288,.T.);
#3557=ORIENTED_EDGE('',*,*,#4286,.T.);
#3558=ORIENTED_EDGE('',*,*,#4284,.T.);
#3559=ORIENTED_EDGE('',*,*,#4282,.T.);
#3560=ORIENTED_EDGE('',*,*,#4280,.T.);
#3561=ORIENTED_EDGE('',*,*,#4278,.T.);
#3562=ORIENTED_EDGE('',*,*,#4276,.T.);
#3563=ORIENTED_EDGE('',*,*,#4274,.T.);
#3564=ORIENTED_EDGE('',*,*,#4272,.T.);
#3565=ORIENTED_EDGE('',*,*,#4269,.T.);
#3566=ORIENTED_EDGE('',*,*,#4268,.T.);
#3567=ORIENTED_EDGE('',*,*,#4266,.T.);
#3568=ORIENTED_EDGE('',*,*,#4264,.T.);
#3569=ORIENTED_EDGE('',*,*,#4262,.T.);
#3570=ORIENTED_EDGE('',*,*,#4260,.T.);
#3571=ORIENTED_EDGE('',*,*,#4258,.T.);
#3572=ORIENTED_EDGE('',*,*,#4256,.T.);
#3573=ORIENTED_EDGE('',*,*,#4254,.T.);
#3574=ORIENTED_EDGE('',*,*,#4252,.T.);
#3575=ORIENTED_EDGE('',*,*,#4250,.T.);
#3576=ORIENTED_EDGE('',*,*,#4248,.T.);
#3577=ORIENTED_EDGE('',*,*,#4246,.T.);
#3578=ORIENTED_EDGE('',*,*,#4244,.T.);
#3579=ORIENTED_EDGE('',*,*,#4242,.T.);
#3580=ORIENTED_EDGE('',*,*,#4240,.T.);
#3581=ORIENTED_EDGE('',*,*,#4238,.T.);
#3582=ORIENTED_EDGE('',*,*,#4236,.T.);
#3583=ORIENTED_EDGE('',*,*,#4234,.T.);
#3584=ORIENTED_EDGE('',*,*,#4232,.T.);
#3585=ORIENTED_EDGE('',*,*,#4230,.T.);
#3586=ORIENTED_EDGE('',*,*,#4227,.T.);
#3587=ORIENTED_EDGE('',*,*,#4226,.T.);
#3588=ORIENTED_EDGE('',*,*,#4224,.T.);
#3589=ORIENTED_EDGE('',*,*,#4222,.T.);
#3590=ORIENTED_EDGE('',*,*,#4220,.T.);
#3591=ORIENTED_EDGE('',*,*,#4218,.T.);
#3592=ORIENTED_EDGE('',*,*,#4216,.T.);
#3593=ORIENTED_EDGE('',*,*,#4214,.T.);
#3594=ORIENTED_EDGE('',*,*,#4212,.T.);
#3595=ORIENTED_EDGE('',*,*,#4210,.T.);
#3596=ORIENTED_EDGE('',*,*,#4208,.T.);
#3597=ORIENTED_EDGE('',*,*,#4206,.T.);
#3598=ORIENTED_EDGE('',*,*,#4204,.T.);
#3599=ORIENTED_EDGE('',*,*,#4202,.T.);
#3600=ORIENTED_EDGE('',*,*,#4200,.T.);
#3601=ORIENTED_EDGE('',*,*,#4198,.T.);
#3602=ORIENTED_EDGE('',*,*,#4196,.T.);
#3603=ORIENTED_EDGE('',*,*,#4194,.T.);
#3604=ORIENTED_EDGE('',*,*,#4192,.T.);
#3605=ORIENTED_EDGE('',*,*,#4190,.T.);
#3606=ORIENTED_EDGE('',*,*,#4188,.T.);
#3607=ORIENTED_EDGE('',*,*,#4186,.T.);
#3608=ORIENTED_EDGE('',*,*,#4183,.T.);
#3609=ORIENTED_EDGE('',*,*,#4707,.F.);
#3610=ORIENTED_EDGE('',*,*,#4704,.F.);
#3611=ORIENTED_EDGE('',*,*,#4708,.F.);
#3612=ORIENTED_EDGE('',*,*,#4709,.F.);
#3613=ORIENTED_EDGE('',*,*,#4710,.F.);
#3614=ORIENTED_EDGE('',*,*,#4711,.F.);
#3615=ORIENTED_EDGE('',*,*,#4712,.F.);
#3616=ORIENTED_EDGE('',*,*,#4706,.F.);
#3617=ORIENTED_EDGE('',*,*,#4713,.F.);
#3618=ORIENTED_EDGE('',*,*,#4714,.T.);
#3619=ORIENTED_EDGE('',*,*,#4715,.T.);
#3620=ORIENTED_EDGE('',*,*,#4716,.F.);
#3621=ORIENTED_EDGE('',*,*,#4717,.F.);
#3622=ORIENTED_EDGE('',*,*,#4718,.T.);
#3623=ORIENTED_EDGE('',*,*,#4719,.F.);
#3624=ORIENTED_EDGE('',*,*,#4720,.T.);
#3625=ORIENTED_EDGE('',*,*,#4721,.F.);
#3626=ORIENTED_EDGE('',*,*,#4713,.T.);
#3627=ORIENTED_EDGE('',*,*,#4722,.F.);
#3628=ORIENTED_EDGE('',*,*,#4723,.T.);
#3629=ORIENTED_EDGE('',*,*,#4719,.T.);
#3630=ORIENTED_EDGE('',*,*,#4718,.F.);
#3631=ORIENTED_EDGE('',*,*,#4724,.F.);
#3632=ORIENTED_EDGE('',*,*,#4725,.F.);
#3633=ORIENTED_EDGE('',*,*,#4715,.F.);
#3634=ORIENTED_EDGE('',*,*,#4726,.T.);
#3635=ORIENTED_EDGE('',*,*,#4725,.T.);
#3636=ORIENTED_EDGE('',*,*,#4727,.T.);
#3637=ORIENTED_EDGE('',*,*,#4728,.F.);
#3638=ORIENTED_EDGE('',*,*,#4716,.T.);
#3639=ORIENTED_EDGE('',*,*,#4729,.F.);
#3640=ORIENTED_EDGE('',*,*,#4726,.F.);
#3641=ORIENTED_EDGE('',*,*,#4714,.F.);
#3642=ORIENTED_EDGE('',*,*,#4721,.T.);
#3643=ORIENTED_EDGE('',*,*,#4730,.T.);
#3644=ORIENTED_EDGE('',*,*,#4731,.T.);
#3645=ORIENTED_EDGE('',*,*,#4732,.F.);
#3646=ORIENTED_EDGE('',*,*,#4709,.T.);
#3647=ORIENTED_EDGE('',*,*,#4733,.F.);
#3648=ORIENTED_EDGE('',*,*,#4734,.F.);
#3649=ORIENTED_EDGE('',*,*,#4711,.T.);
#3650=ORIENTED_EDGE('',*,*,#4735,.T.);
#3651=ORIENTED_EDGE('',*,*,#4734,.T.);
#3652=ORIENTED_EDGE('',*,*,#4736,.T.);
#3653=ORIENTED_EDGE('',*,*,#4730,.F.);
#3654=ORIENTED_EDGE('',*,*,#4708,.T.);
#3655=ORIENTED_EDGE('',*,*,#4703,.T.);
#3656=ORIENTED_EDGE('',*,*,#4712,.T.);
#3657=ORIENTED_EDGE('',*,*,#4737,.F.);
#3658=ORIENTED_EDGE('',*,*,#4735,.F.);
#3659=ORIENTED_EDGE('',*,*,#4710,.T.);
#3660=ORIENTED_EDGE('',*,*,#4705,.F.);
#3661=ORIENTED_EDGE('',*,*,#4707,.T.);
#3662=ORIENTED_EDGE('',*,*,#4732,.T.);
#3663=ORIENTED_EDGE('',*,*,#4738,.F.);
#3664=ORIENTED_EDGE('',*,*,#4722,.T.);
#3665=ORIENTED_EDGE('',*,*,#4717,.T.);
#3666=ORIENTED_EDGE('',*,*,#4728,.T.);
#3667=ORIENTED_EDGE('',*,*,#4733,.T.);
#3668=ORIENTED_EDGE('',*,*,#4737,.T.);
#3669=ORIENTED_EDGE('',*,*,#4727,.F.);
#3670=ORIENTED_EDGE('',*,*,#4724,.T.);
#3671=ORIENTED_EDGE('',*,*,#4729,.T.);
#3672=ORIENTED_EDGE('',*,*,#4720,.F.);
#3673=ORIENTED_EDGE('',*,*,#4723,.F.);
#3674=ORIENTED_EDGE('',*,*,#4738,.T.);
#3675=ORIENTED_EDGE('',*,*,#4731,.F.);
#3676=ORIENTED_EDGE('',*,*,#4736,.F.);
#3677=EDGE_CURVE('',#4739,#4740,#5447,.T.);
#3678=EDGE_CURVE('',#4740,#4741,#233,.T.);
#3679=EDGE_CURVE('',#4741,#4742,#5448,.T.);
#3680=EDGE_CURVE('',#4742,#4743,#5449,.T.);
#3681=EDGE_CURVE('',#4743,#4744,#234,.T.);
#3682=EDGE_CURVE('',#4744,#4745,#5450,.T.);
#3683=EDGE_CURVE('',#4745,#4746,#5451,.T.);
#3684=EDGE_CURVE('',#4746,#4747,#235,.T.);
#3685=EDGE_CURVE('',#4747,#4748,#5452,.T.);
#3686=EDGE_CURVE('',#4748,#4739,#236,.T.);
#3687=EDGE_CURVE('',#4749,#4750,#5453,.T.);
#3688=EDGE_CURVE('',#4750,#4751,#237,.T.);
#3689=EDGE_CURVE('',#4751,#4752,#5454,.T.);
#3690=EDGE_CURVE('',#4752,#4753,#238,.T.);
#3691=EDGE_CURVE('',#4753,#4754,#5455,.T.);
#3692=EDGE_CURVE('',#4754,#4755,#5456,.T.);
#3693=EDGE_CURVE('',#4755,#4756,#239,.T.);
#3694=EDGE_CURVE('',#4756,#4757,#5457,.T.);
#3695=EDGE_CURVE('',#4757,#4758,#5458,.T.);
#3696=EDGE_CURVE('',#4758,#4749,#240,.T.);
#3697=EDGE_CURVE('',#4759,#4760,#5459,.T.);
#3698=EDGE_CURVE('',#4760,#4761,#241,.T.);
#3699=EDGE_CURVE('',#4761,#4762,#5460,.T.);
#3700=EDGE_CURVE('',#4762,#4763,#242,.T.);
#3701=EDGE_CURVE('',#4763,#4764,#5461,.T.);
#3702=EDGE_CURVE('',#4764,#4765,#5462,.T.);
#3703=EDGE_CURVE('',#4765,#4766,#243,.T.);
#3704=EDGE_CURVE('',#4766,#4767,#5463,.T.);
#3705=EDGE_CURVE('',#4767,#4768,#5464,.T.);
#3706=EDGE_CURVE('',#4768,#4759,#244,.T.);
#3707=EDGE_CURVE('',#4769,#4770,#5465,.T.);
#3708=EDGE_CURVE('',#4770,#4771,#245,.T.);
#3709=EDGE_CURVE('',#4771,#4772,#5466,.T.);
#3710=EDGE_CURVE('',#4772,#4773,#246,.T.);
#3711=EDGE_CURVE('',#4773,#4774,#5467,.T.);
#3712=EDGE_CURVE('',#4774,#4775,#5468,.T.);
#3713=EDGE_CURVE('',#4775,#4776,#247,.T.);
#3714=EDGE_CURVE('',#4776,#4777,#5469,.T.);
#3715=EDGE_CURVE('',#4777,#4778,#5470,.T.);
#3716=EDGE_CURVE('',#4778,#4769,#248,.T.);
#3717=EDGE_CURVE('',#4779,#4780,#5471,.T.);
#3718=EDGE_CURVE('',#4780,#4781,#249,.T.);
#3719=EDGE_CURVE('',#4781,#4782,#5472,.T.);
#3720=EDGE_CURVE('',#4782,#4783,#5473,.T.);
#3721=EDGE_CURVE('',#4783,#4784,#250,.T.);
#3722=EDGE_CURVE('',#4784,#4785,#5474,.T.);
#3723=EDGE_CURVE('',#4785,#4786,#5475,.T.);
#3724=EDGE_CURVE('',#4786,#4787,#251,.T.);
#3725=EDGE_CURVE('',#4787,#4788,#5476,.T.);
#3726=EDGE_CURVE('',#4788,#4779,#252,.T.);
#3727=EDGE_CURVE('',#4789,#4790,#5477,.T.);
#3728=EDGE_CURVE('',#4790,#4791,#253,.T.);
#3729=EDGE_CURVE('',#4791,#4792,#5478,.T.);
#3730=EDGE_CURVE('',#4792,#4793,#5479,.T.);
#3731=EDGE_CURVE('',#4793,#4794,#254,.T.);
#3732=EDGE_CURVE('',#4794,#4795,#5480,.T.);
#3733=EDGE_CURVE('',#4795,#4796,#5481,.T.);
#3734=EDGE_CURVE('',#4796,#4797,#255,.T.);
#3735=EDGE_CURVE('',#4797,#4798,#5482,.T.);
#3736=EDGE_CURVE('',#4798,#4789,#256,.T.);
#3737=EDGE_CURVE('',#4799,#4800,#5483,.T.);
#3738=EDGE_CURVE('',#4800,#4801,#257,.T.);
#3739=EDGE_CURVE('',#4801,#4802,#5484,.T.);
#3740=EDGE_CURVE('',#4802,#4803,#5485,.T.);
#3741=EDGE_CURVE('',#4803,#4804,#258,.T.);
#3742=EDGE_CURVE('',#4804,#4805,#5486,.T.);
#3743=EDGE_CURVE('',#4805,#4806,#5487,.T.);
#3744=EDGE_CURVE('',#4806,#4807,#259,.T.);
#3745=EDGE_CURVE('',#4807,#4808,#5488,.T.);
#3746=EDGE_CURVE('',#4808,#4799,#260,.T.);
#3747=EDGE_CURVE('',#4809,#4810,#5489,.T.);
#3748=EDGE_CURVE('',#4810,#4811,#261,.T.);
#3749=EDGE_CURVE('',#4811,#4812,#5490,.T.);
#3750=EDGE_CURVE('',#4812,#4813,#5491,.T.);
#3751=EDGE_CURVE('',#4813,#4814,#262,.T.);
#3752=EDGE_CURVE('',#4814,#4815,#5492,.T.);
#3753=EDGE_CURVE('',#4815,#4816,#5493,.T.);
#3754=EDGE_CURVE('',#4816,#4817,#263,.T.);
#3755=EDGE_CURVE('',#4817,#4818,#5494,.T.);
#3756=EDGE_CURVE('',#4818,#4819,#5495,.T.);
#3757=EDGE_CURVE('',#4819,#4820,#264,.T.);
#3758=EDGE_CURVE('',#4820,#4809,#5496,.T.);
#3759=EDGE_CURVE('',#4821,#4741,#265,.T.);
#3760=EDGE_CURVE('',#4821,#4822,#5497,.T.);
#3761=EDGE_CURVE('',#4822,#4742,#266,.T.);
#3762=EDGE_CURVE('',#4822,#4823,#5498,.T.);
#3763=EDGE_CURVE('',#4823,#4743,#267,.T.);
#3764=EDGE_CURVE('',#4823,#4824,#268,.T.);
#3765=EDGE_CURVE('',#4824,#4744,#269,.T.);
#3766=EDGE_CURVE('',#4824,#4825,#5499,.T.);
#3767=EDGE_CURVE('',#4825,#4745,#270,.T.);
#3768=EDGE_CURVE('',#4825,#4826,#5500,.T.);
#3769=EDGE_CURVE('',#4826,#4746,#271,.T.);
#3770=EDGE_CURVE('',#4826,#4827,#272,.T.);
#3771=EDGE_CURVE('',#4827,#4747,#273,.T.);
#3772=EDGE_CURVE('',#4827,#4828,#5501,.T.);
#3773=EDGE_CURVE('',#4828,#4748,#274,.T.);
#3774=EDGE_CURVE('',#4828,#4829,#275,.T.);
#3775=EDGE_CURVE('',#4829,#4739,#276,.T.);
#3776=EDGE_CURVE('',#4829,#4830,#5502,.T.);
#3777=EDGE_CURVE('',#4830,#4740,#277,.T.);
#3778=EDGE_CURVE('',#4830,#4821,#278,.T.);
#3779=EDGE_CURVE('',#4831,#4751,#279,.T.);
#3780=EDGE_CURVE('',#4831,#4832,#5503,.T.);
#3781=EDGE_CURVE('',#4832,#4752,#280,.T.);
#3782=EDGE_CURVE('',#4832,#4833,#281,.T.);
#3783=EDGE_CURVE('',#4833,#4753,#282,.T.);
#3784=EDGE_CURVE('',#4833,#4834,#5504,.T.);
#3785=EDGE_CURVE('',#4834,#4754,#283,.T.);
#3786=EDGE_CURVE('',#4834,#4835,#5505,.T.);
#3787=EDGE_CURVE('',#4835,#4755,#284,.T.);
#3788=EDGE_CURVE('',#4835,#4836,#285,.T.);
#3789=EDGE_CURVE('',#4836,#4756,#286,.T.);
#3790=EDGE_CURVE('',#4836,#4837,#5506,.T.);
#3791=EDGE_CURVE('',#4837,#4757,#287,.T.);
#3792=EDGE_CURVE('',#4837,#4838,#5507,.T.);
#3793=EDGE_CURVE('',#4838,#4758,#288,.T.);
#3794=EDGE_CURVE('',#4838,#4839,#289,.T.);
#3795=EDGE_CURVE('',#4839,#4749,#290,.T.);
#3796=EDGE_CURVE('',#4839,#4840,#5508,.T.);
#3797=EDGE_CURVE('',#4840,#4750,#291,.T.);
#3798=EDGE_CURVE('',#4840,#4831,#292,.T.);
#3799=EDGE_CURVE('',#4841,#4761,#293,.T.);
#3800=EDGE_CURVE('',#4841,#4842,#5509,.T.);
#3801=EDGE_CURVE('',#4842,#4762,#294,.T.);
#3802=EDGE_CURVE('',#4842,#4843,#295,.T.);
#3803=EDGE_CURVE('',#4843,#4763,#296,.T.);
#3804=EDGE_CURVE('',#4843,#4844,#5510,.T.);
#3805=EDGE_CURVE('',#4844,#4764,#297,.T.);
#3806=EDGE_CURVE('',#4844,#4845,#5511,.T.);
#3807=EDGE_CURVE('',#4845,#4765,#298,.T.);
#3808=EDGE_CURVE('',#4845,#4846,#299,.T.);
#3809=EDGE_CURVE('',#4846,#4766,#300,.T.);
#3810=EDGE_CURVE('',#4846,#4847,#5512,.T.);
#3811=EDGE_CURVE('',#4847,#4767,#301,.T.);
#3812=EDGE_CURVE('',#4847,#4848,#5513,.T.);
#3813=EDGE_CURVE('',#4848,#4768,#302,.T.);
#3814=EDGE_CURVE('',#4848,#4849,#303,.T.);
#3815=EDGE_CURVE('',#4849,#4759,#304,.T.);
#3816=EDGE_CURVE('',#4849,#4850,#5514,.T.);
#3817=EDGE_CURVE('',#4850,#4760,#305,.T.);
#3818=EDGE_CURVE('',#4850,#4841,#306,.T.);
#3819=EDGE_CURVE('',#4851,#4771,#307,.T.);
#3820=EDGE_CURVE('',#4851,#4852,#5515,.T.);
#3821=EDGE_CURVE('',#4852,#4772,#308,.T.);
#3822=EDGE_CURVE('',#4852,#4853,#309,.T.);
#3823=EDGE_CURVE('',#4853,#4773,#310,.T.);
#3824=EDGE_CURVE('',#4853,#4854,#5516,.T.);
#3825=EDGE_CURVE('',#4854,#4774,#311,.T.);
#3826=EDGE_CURVE('',#4854,#4855,#5517,.T.);
#3827=EDGE_CURVE('',#4855,#4775,#312,.T.);
#3828=EDGE_CURVE('',#4855,#4856,#313,.T.);
#3829=EDGE_CURVE('',#4856,#4776,#314,.T.);
#3830=EDGE_CURVE('',#4856,#4857,#5518,.T.);
#3831=EDGE_CURVE('',#4857,#4777,#315,.T.);
#3832=EDGE_CURVE('',#4857,#4858,#5519,.T.);
#3833=EDGE_CURVE('',#4858,#4778,#316,.T.);
#3834=EDGE_CURVE('',#4858,#4859,#317,.T.);
#3835=EDGE_CURVE('',#4859,#4769,#318,.T.);
#3836=EDGE_CURVE('',#4859,#4860,#5520,.T.);
#3837=EDGE_CURVE('',#4860,#4770,#319,.T.);
#3838=EDGE_CURVE('',#4860,#4851,#320,.T.);
#3839=EDGE_CURVE('',#4861,#4781,#321,.T.);
#3840=EDGE_CURVE('',#4861,#4862,#5521,.T.);
#3841=EDGE_CURVE('',#4862,#4782,#322,.T.);
#3842=EDGE_CURVE('',#4862,#4863,#5522,.T.);
#3843=EDGE_CURVE('',#4863,#4783,#323,.T.);
#3844=EDGE_CURVE('',#4863,#4864,#324,.T.);
#3845=EDGE_CURVE('',#4864,#4784,#325,.T.);
#3846=EDGE_CURVE('',#4864,#4865,#5523,.T.);
#3847=EDGE_CURVE('',#4865,#4785,#326,.T.);
#3848=EDGE_CURVE('',#4865,#4866,#5524,.T.);
#3849=EDGE_CURVE('',#4866,#4786,#327,.T.);
#3850=EDGE_CURVE('',#4866,#4867,#328,.T.);
#3851=EDGE_CURVE('',#4867,#4787,#329,.T.);
#3852=EDGE_CURVE('',#4867,#4868,#5525,.T.);
#3853=EDGE_CURVE('',#4868,#4788,#330,.T.);
#3854=EDGE_CURVE('',#4868,#4869,#331,.T.);
#3855=EDGE_CURVE('',#4869,#4779,#332,.T.);
#3856=EDGE_CURVE('',#4869,#4870,#5526,.T.);
#3857=EDGE_CURVE('',#4870,#4780,#333,.T.);
#3858=EDGE_CURVE('',#4870,#4861,#334,.T.);
#3859=EDGE_CURVE('',#4871,#4791,#335,.T.);
#3860=EDGE_CURVE('',#4871,#4872,#5527,.T.);
#3861=EDGE_CURVE('',#4872,#4792,#336,.T.);
#3862=EDGE_CURVE('',#4872,#4873,#5528,.T.);
#3863=EDGE_CURVE('',#4873,#4793,#337,.T.);
#3864=EDGE_CURVE('',#4873,#4874,#338,.T.);
#3865=EDGE_CURVE('',#4874,#4794,#339,.T.);
#3866=EDGE_CURVE('',#4874,#4875,#5529,.T.);
#3867=EDGE_CURVE('',#4875,#4795,#340,.T.);
#3868=EDGE_CURVE('',#4875,#4876,#5530,.T.);
#3869=EDGE_CURVE('',#4876,#4796,#341,.T.);
#3870=EDGE_CURVE('',#4876,#4877,#342,.T.);
#3871=EDGE_CURVE('',#4877,#4797,#343,.T.);
#3872=EDGE_CURVE('',#4877,#4878,#5531,.T.);
#3873=EDGE_CURVE('',#4878,#4798,#344,.T.);
#3874=EDGE_CURVE('',#4878,#4879,#345,.T.);
#3875=EDGE_CURVE('',#4879,#4789,#346,.T.);
#3876=EDGE_CURVE('',#4879,#4880,#5532,.T.);
#3877=EDGE_CURVE('',#4880,#4790,#347,.T.);
#3878=EDGE_CURVE('',#4880,#4871,#348,.T.);
#3879=EDGE_CURVE('',#4881,#4801,#349,.T.);
#3880=EDGE_CURVE('',#4881,#4882,#5533,.T.);
#3881=EDGE_CURVE('',#4882,#4802,#350,.T.);
#3882=EDGE_CURVE('',#4882,#4883,#5534,.T.);
#3883=EDGE_CURVE('',#4883,#4803,#351,.T.);
#3884=EDGE_CURVE('',#4883,#4884,#352,.T.);
#3885=EDGE_CURVE('',#4884,#4804,#353,.T.);
#3886=EDGE_CURVE('',#4884,#4885,#5535,.T.);
#3887=EDGE_CURVE('',#4885,#4805,#354,.T.);
#3888=EDGE_CURVE('',#4885,#4886,#5536,.T.);
#3889=EDGE_CURVE('',#4886,#4806,#355,.T.);
#3890=EDGE_CURVE('',#4886,#4887,#356,.T.);
#3891=EDGE_CURVE('',#4887,#4807,#357,.T.);
#3892=EDGE_CURVE('',#4887,#4888,#5537,.T.);
#3893=EDGE_CURVE('',#4888,#4808,#358,.T.);
#3894=EDGE_CURVE('',#4888,#4889,#359,.T.);
#3895=EDGE_CURVE('',#4889,#4799,#360,.T.);
#3896=EDGE_CURVE('',#4889,#4890,#5538,.T.);
#3897=EDGE_CURVE('',#4890,#4800,#361,.T.);
#3898=EDGE_CURVE('',#4890,#4881,#362,.T.);
#3899=EDGE_CURVE('',#4891,#4811,#363,.T.);
#3900=EDGE_CURVE('',#4891,#4892,#5539,.T.);
#3901=EDGE_CURVE('',#4892,#4812,#364,.T.);
#3902=EDGE_CURVE('',#4892,#4893,#5540,.T.);
#3903=EDGE_CURVE('',#4893,#4813,#365,.T.);
#3904=EDGE_CURVE('',#4893,#4894,#366,.T.);
#3905=EDGE_CURVE('',#4894,#4814,#367,.T.);
#3906=EDGE_CURVE('',#4894,#4895,#5541,.T.);
#3907=EDGE_CURVE('',#4895,#4815,#368,.T.);
#3908=EDGE_CURVE('',#4895,#4896,#5542,.T.);
#3909=EDGE_CURVE('',#4896,#4816,#369,.T.);
#3910=EDGE_CURVE('',#4896,#4897,#370,.T.);
#3911=EDGE_CURVE('',#4897,#4817,#371,.T.);
#3912=EDGE_CURVE('',#4897,#4898,#5543,.T.);
#3913=EDGE_CURVE('',#4898,#4818,#372,.T.);
#3914=EDGE_CURVE('',#4898,#4899,#5544,.T.);
#3915=EDGE_CURVE('',#4899,#4819,#373,.T.);
#3916=EDGE_CURVE('',#4899,#4900,#374,.T.);
#3917=EDGE_CURVE('',#4900,#4820,#375,.T.);
#3918=EDGE_CURVE('',#4900,#4901,#5545,.T.);
#3919=EDGE_CURVE('',#4901,#4809,#376,.T.);
#3920=EDGE_CURVE('',#4901,#4902,#5546,.T.);
#3921=EDGE_CURVE('',#4902,#4810,#377,.T.);
#3922=EDGE_CURVE('',#4902,#4891,#378,.T.);
#3923=EDGE_CURVE('',#4903,#4904,#379,.T.);
#3924=EDGE_CURVE('',#4905,#4903,#5547,.T.);
#3925=EDGE_CURVE('',#4906,#4905,#380,.T.);
#3926=EDGE_CURVE('',#4907,#4906,#381,.T.);
#3927=EDGE_CURVE('',#4908,#4907,#5548,.T.);
#3928=EDGE_CURVE('',#4909,#4908,#22,.F.);
#3929=EDGE_CURVE('',#4910,#4909,#382,.T.);
#3930=EDGE_CURVE('',#4911,#4910,#5549,.T.);
#3931=EDGE_CURVE('',#4912,#4911,#5550,.T.);
#3932=EDGE_CURVE('',#4913,#4912,#383,.T.);
#3933=EDGE_CURVE('',#4914,#4913,#5551,.T.);
#3934=EDGE_CURVE('',#4915,#4914,#5552,.T.);
#3935=EDGE_CURVE('',#4916,#4915,#384,.T.);
#3936=EDGE_CURVE('',#4917,#4916,#23,.F.);
#3937=EDGE_CURVE('',#4918,#4917,#5553,.T.);
#3938=EDGE_CURVE('',#4919,#4918,#385,.T.);
#3939=EDGE_CURVE('',#4920,#4919,#386,.T.);
#3940=EDGE_CURVE('',#4921,#4920,#5554,.T.);
#3941=EDGE_CURVE('',#4922,#4921,#387,.T.);
#3942=EDGE_CURVE('',#4923,#4922,#5555,.T.);
#3943=EDGE_CURVE('',#4924,#4923,#388,.T.);
#3944=EDGE_CURVE('',#4904,#4924,#5556,.T.);
#3945=EDGE_CURVE('',#4925,#4926,#389,.T.);
#3946=EDGE_CURVE('',#4927,#4925,#5557,.T.);
#3947=EDGE_CURVE('',#4928,#4927,#5558,.T.);
#3948=EDGE_CURVE('',#4929,#4928,#390,.T.);
#3949=EDGE_CURVE('',#4930,#4929,#5559,.T.);
#3950=EDGE_CURVE('',#4931,#4930,#391,.T.);
#3951=EDGE_CURVE('',#4932,#4931,#5560,.T.);
#3952=EDGE_CURVE('',#4933,#4932,#5561,.T.);
#3953=EDGE_CURVE('',#4934,#4933,#392,.T.);
#3954=EDGE_CURVE('',#4935,#4934,#5562,.T.);
#3955=EDGE_CURVE('',#4936,#4935,#393,.T.);
#3956=EDGE_CURVE('',#4937,#4936,#5563,.T.);
#3957=EDGE_CURVE('',#4938,#4937,#394,.T.);
#3958=EDGE_CURVE('',#4939,#4938,#5564,.T.);
#3959=EDGE_CURVE('',#4940,#4939,#5565,.T.);
#3960=EDGE_CURVE('',#4941,#4940,#395,.T.);
#3961=EDGE_CURVE('',#4942,#4941,#5566,.T.);
#3962=EDGE_CURVE('',#4943,#4942,#5567,.T.);
#3963=EDGE_CURVE('',#4944,#4943,#396,.T.);
#3964=EDGE_CURVE('',#4945,#4944,#5568,.T.);
#3965=EDGE_CURVE('',#4926,#4945,#5569,.T.);
#3966=EDGE_CURVE('',#4946,#4947,#397,.T.);
#3967=EDGE_CURVE('',#4948,#4946,#24,.F.);
#3968=EDGE_CURVE('',#4949,#4948,#5570,.T.);
#3969=EDGE_CURVE('',#4950,#4949,#398,.T.);
#3970=EDGE_CURVE('',#4951,#4950,#399,.T.);
#3971=EDGE_CURVE('',#4952,#4951,#5571,.T.);
#3972=EDGE_CURVE('',#4953,#4952,#400,.T.);
#3973=EDGE_CURVE('',#4954,#4953,#5572,.T.);
#3974=EDGE_CURVE('',#4955,#4954,#401,.T.);
#3975=EDGE_CURVE('',#4956,#4955,#5573,.T.);
#3976=EDGE_CURVE('',#4957,#4956,#402,.T.);
#3977=EDGE_CURVE('',#4958,#4957,#5574,.T.);
#3978=EDGE_CURVE('',#4959,#4958,#5575,.T.);
#3979=EDGE_CURVE('',#4960,#4959,#403,.T.);
#3980=EDGE_CURVE('',#4961,#4960,#5576,.T.);
#3981=EDGE_CURVE('',#4947,#4961,#5577,.T.);
#3982=EDGE_CURVE('',#4962,#4963,#404,.T.);
#3983=EDGE_CURVE('',#4964,#4962,#25,.F.);
#3984=EDGE_CURVE('',#4965,#4964,#5578,.T.);
#3985=EDGE_CURVE('',#4966,#4965,#405,.T.);
#3986=EDGE_CURVE('',#4967,#4966,#406,.T.);
#3987=EDGE_CURVE('',#4968,#4967,#5579,.T.);
#3988=EDGE_CURVE('',#4969,#4968,#407,.T.);
#3989=EDGE_CURVE('',#4970,#4969,#5580,.T.);
#3990=EDGE_CURVE('',#4971,#4970,#408,.T.);
#3991=EDGE_CURVE('',#4972,#4971,#5581,.T.);
#3992=EDGE_CURVE('',#4973,#4972,#409,.T.);
#3993=EDGE_CURVE('',#4974,#4973,#5582,.T.);
#3994=EDGE_CURVE('',#4975,#4974,#410,.T.);
#3995=EDGE_CURVE('',#4976,#4975,#5583,.T.);
#3996=EDGE_CURVE('',#4977,#4976,#411,.T.);
#3997=EDGE_CURVE('',#4978,#4977,#5584,.T.);
#3998=EDGE_CURVE('',#4979,#4978,#5585,.T.);
#3999=EDGE_CURVE('',#4980,#4979,#412,.T.);
#4000=EDGE_CURVE('',#4981,#4980,#5586,.T.);
#4001=EDGE_CURVE('',#4982,#4981,#413,.T.);
#4002=EDGE_CURVE('',#4983,#4982,#5587,.T.);
#4003=EDGE_CURVE('',#4984,#4983,#414,.T.);
#4004=EDGE_CURVE('',#4985,#4984,#5588,.T.);
#4005=EDGE_CURVE('',#4963,#4985,#5589,.T.);
#4006=EDGE_CURVE('',#4986,#4987,#415,.T.);
#4007=EDGE_CURVE('',#4988,#4986,#5590,.T.);
#4008=EDGE_CURVE('',#4989,#4988,#5591,.T.);
#4009=EDGE_CURVE('',#4990,#4989,#416,.T.);
#4010=EDGE_CURVE('',#4991,#4990,#5592,.T.);
#4011=EDGE_CURVE('',#4992,#4991,#417,.T.);
#4012=EDGE_CURVE('',#4993,#4992,#5593,.T.);
#4013=EDGE_CURVE('',#4994,#4993,#5594,.T.);
#4014=EDGE_CURVE('',#4995,#4994,#418,.T.);
#4015=EDGE_CURVE('',#4996,#4995,#5595,.T.);
#4016=EDGE_CURVE('',#4997,#4996,#419,.T.);
#4017=EDGE_CURVE('',#4998,#4997,#5596,.T.);
#4018=EDGE_CURVE('',#4999,#4998,#420,.T.);
#4019=EDGE_CURVE('',#5000,#4999,#5597,.T.);
#4020=EDGE_CURVE('',#5001,#5000,#5598,.T.);
#4021=EDGE_CURVE('',#5002,#5001,#421,.T.);
#4022=EDGE_CURVE('',#5003,#5002,#5599,.T.);
#4023=EDGE_CURVE('',#5004,#5003,#5600,.T.);
#4024=EDGE_CURVE('',#5005,#5004,#422,.T.);
#4025=EDGE_CURVE('',#5006,#5005,#5601,.T.);
#4026=EDGE_CURVE('',#4987,#5006,#5602,.T.);
#4027=EDGE_CURVE('',#5007,#5008,#423,.T.);
#4028=EDGE_CURVE('',#5009,#5007,#5603,.T.);
#4029=EDGE_CURVE('',#5010,#5009,#424,.T.);
#4030=EDGE_CURVE('',#5011,#5010,#5604,.T.);
#4031=EDGE_CURVE('',#5012,#5011,#5605,.T.);
#4032=EDGE_CURVE('',#5013,#5012,#425,.T.);
#4033=EDGE_CURVE('',#5014,#5013,#5606,.T.);
#4034=EDGE_CURVE('',#5015,#5014,#5607,.T.);
#4035=EDGE_CURVE('',#5016,#5015,#426,.T.);
#4036=EDGE_CURVE('',#5017,#5016,#26,.F.);
#4037=EDGE_CURVE('',#5018,#5017,#5608,.T.);
#4038=EDGE_CURVE('',#5019,#5018,#427,.T.);
#4039=EDGE_CURVE('',#5020,#5019,#428,.T.);
#4040=EDGE_CURVE('',#5021,#5020,#5609,.T.);
#4041=EDGE_CURVE('',#5022,#5021,#429,.T.);
#4042=EDGE_CURVE('',#5008,#5022,#5610,.T.);
#4043=EDGE_CURVE('',#5023,#5024,#430,.T.);
#4044=EDGE_CURVE('',#5025,#5023,#5611,.T.);
#4045=EDGE_CURVE('',#5026,#5025,#431,.T.);
#4046=EDGE_CURVE('',#5027,#5026,#432,.T.);
#4047=EDGE_CURVE('',#5028,#5027,#5612,.T.);
#4048=EDGE_CURVE('',#5029,#5028,#27,.F.);
#4049=EDGE_CURVE('',#5030,#5029,#433,.T.);
#4050=EDGE_CURVE('',#5031,#5030,#5613,.T.);
#4051=EDGE_CURVE('',#5032,#5031,#5614,.T.);
#4052=EDGE_CURVE('',#5033,#5032,#434,.T.);
#4053=EDGE_CURVE('',#5034,#5033,#5615,.T.);
#4054=EDGE_CURVE('',#5035,#5034,#5616,.T.);
#4055=EDGE_CURVE('',#5036,#5035,#435,.T.);
#4056=EDGE_CURVE('',#5037,#5036,#28,.F.);
#4057=EDGE_CURVE('',#5038,#5037,#5617,.T.);
#4058=EDGE_CURVE('',#5039,#5038,#436,.T.);
#4059=EDGE_CURVE('',#5040,#5039,#437,.T.);
#4060=EDGE_CURVE('',#5041,#5040,#5618,.T.);
#4061=EDGE_CURVE('',#5042,#5041,#438,.T.);
#4062=EDGE_CURVE('',#5043,#5042,#5619,.T.);
#4063=EDGE_CURVE('',#5044,#5043,#439,.T.);
#4064=EDGE_CURVE('',#5024,#5044,#5620,.T.);
#4065=EDGE_CURVE('',#5045,#5046,#440,.T.);
#4066=EDGE_CURVE('',#5047,#5045,#5621,.T.);
#4067=EDGE_CURVE('',#5048,#5047,#441,.T.);
#4068=EDGE_CURVE('',#5049,#5048,#5622,.T.);
#4069=EDGE_CURVE('',#5050,#5049,#442,.T.);
#4070=EDGE_CURVE('',#5051,#5050,#5623,.T.);
#4071=EDGE_CURVE('',#5052,#5051,#5624,.T.);
#4072=EDGE_CURVE('',#5053,#5052,#443,.T.);
#4073=EDGE_CURVE('',#5054,#5053,#5625,.T.);
#4074=EDGE_CURVE('',#5055,#5054,#444,.T.);
#4075=EDGE_CURVE('',#5056,#5055,#5626,.T.);
#4076=EDGE_CURVE('',#5057,#5056,#445,.T.);
#4077=EDGE_CURVE('',#5058,#5057,#5627,.T.);
#4078=EDGE_CURVE('',#5059,#5058,#446,.T.);
#4079=EDGE_CURVE('',#5060,#5059,#5628,.T.);
#4080=EDGE_CURVE('',#5061,#5060,#447,.T.);
#4081=EDGE_CURVE('',#5062,#5061,#448,.T.);
#4082=EDGE_CURVE('',#5063,#5062,#5629,.T.);
#4083=EDGE_CURVE('',#5064,#5063,#449,.T.);
#4084=EDGE_CURVE('',#5065,#5064,#5630,.T.);
#4085=EDGE_CURVE('',#5066,#5065,#450,.T.);
#4086=EDGE_CURVE('',#5046,#5066,#5631,.T.);
#4087=EDGE_CURVE('',#5067,#5068,#451,.T.);
#4088=EDGE_CURVE('',#5069,#5067,#5632,.T.);
#4089=EDGE_CURVE('',#5070,#5069,#5633,.T.);
#4090=EDGE_CURVE('',#5071,#5070,#5634,.T.);
#4091=EDGE_CURVE('',#5072,#5071,#452,.T.);
#4092=EDGE_CURVE('',#5073,#5072,#5635,.T.);
#4093=EDGE_CURVE('',#5074,#5073,#453,.T.);
#4094=EDGE_CURVE('',#5075,#5074,#5636,.T.);
#4095=EDGE_CURVE('',#5076,#5075,#454,.T.);
#4096=EDGE_CURVE('',#5077,#5076,#5637,.T.);
#4097=EDGE_CURVE('',#5078,#5077,#5638,.T.);
#4098=EDGE_CURVE('',#5079,#5078,#455,.T.);
#4099=EDGE_CURVE('',#5080,#5079,#5639,.T.);
#4100=EDGE_CURVE('',#5081,#5080,#456,.T.);
#4101=EDGE_CURVE('',#5082,#5081,#5640,.T.);
#4102=EDGE_CURVE('',#5083,#5082,#5641,.T.);
#4103=EDGE_CURVE('',#5084,#5083,#5642,.T.);
#4104=EDGE_CURVE('',#5085,#5084,#5643,.T.);
#4105=EDGE_CURVE('',#5086,#5085,#457,.T.);
#4106=EDGE_CURVE('',#5087,#5086,#5644,.T.);
#4107=EDGE_CURVE('',#5088,#5087,#458,.T.);
#4108=EDGE_CURVE('',#5089,#5088,#5645,.T.);
#4109=EDGE_CURVE('',#5090,#5089,#459,.T.);
#4110=EDGE_CURVE('',#5091,#5090,#5646,.T.);
#4111=EDGE_CURVE('',#5092,#5091,#5647,.T.);
#4112=EDGE_CURVE('',#5093,#5092,#460,.T.);
#4113=EDGE_CURVE('',#5068,#5093,#5648,.T.);
#4114=EDGE_CURVE('',#5094,#5095,#461,.T.);
#4115=EDGE_CURVE('',#5096,#5094,#5649,.T.);
#4116=EDGE_CURVE('',#5097,#5096,#462,.T.);
#4117=EDGE_CURVE('',#5098,#5097,#5650,.T.);
#4118=EDGE_CURVE('',#5099,#5098,#5651,.T.);
#4119=EDGE_CURVE('',#5100,#5099,#463,.T.);
#4120=EDGE_CURVE('',#5101,#5100,#5652,.T.);
#4121=EDGE_CURVE('',#5102,#5101,#5653,.T.);
#4122=EDGE_CURVE('',#5103,#5102,#464,.T.);
#4123=EDGE_CURVE('',#5104,#5103,#5654,.T.);
#4124=EDGE_CURVE('',#5105,#5104,#465,.T.);
#4125=EDGE_CURVE('',#5106,#5105,#5655,.T.);
#4126=EDGE_CURVE('',#5107,#5106,#5656,.T.);
#4127=EDGE_CURVE('',#5108,#5107,#466,.T.);
#4128=EDGE_CURVE('',#5109,#5108,#5657,.T.);
#4129=EDGE_CURVE('',#5110,#5109,#467,.T.);
#4130=EDGE_CURVE('',#5111,#5110,#5658,.T.);
#4131=EDGE_CURVE('',#5112,#5111,#5659,.T.);
#4132=EDGE_CURVE('',#5113,#5112,#468,.T.);
#4133=EDGE_CURVE('',#5114,#5113,#5660,.T.);
#4134=EDGE_CURVE('',#5115,#5114,#469,.T.);
#4135=EDGE_CURVE('',#5116,#5115,#5661,.T.);
#4136=EDGE_CURVE('',#5117,#5116,#470,.T.);
#4137=EDGE_CURVE('',#5118,#5117,#5662,.T.);
#4138=EDGE_CURVE('',#5119,#5118,#471,.T.);
#4139=EDGE_CURVE('',#5120,#5119,#5663,.T.);
#4140=EDGE_CURVE('',#5121,#5120,#472,.T.);
#4141=EDGE_CURVE('',#5122,#5121,#5664,.T.);
#4142=EDGE_CURVE('',#5123,#5122,#473,.T.);
#4143=EDGE_CURVE('',#5124,#5123,#5665,.T.);
#4144=EDGE_CURVE('',#5125,#5124,#474,.T.);
#4145=EDGE_CURVE('',#5126,#5125,#5666,.T.);
#4146=EDGE_CURVE('',#5095,#5126,#5667,.T.);
#4147=EDGE_CURVE('',#5127,#5128,#475,.T.);
#4148=EDGE_CURVE('',#5129,#5127,#5668,.T.);
#4149=EDGE_CURVE('',#5130,#5129,#476,.T.);
#4150=EDGE_CURVE('',#5131,#5130,#5669,.T.);
#4151=EDGE_CURVE('',#5132,#5131,#477,.T.);
#4152=EDGE_CURVE('',#5133,#5132,#5670,.T.);
#4153=EDGE_CURVE('',#5134,#5133,#478,.T.);
#4154=EDGE_CURVE('',#5128,#5134,#5671,.T.);
#4155=EDGE_CURVE('',#5135,#5136,#479,.T.);
#4156=EDGE_CURVE('',#5137,#5135,#5672,.T.);
#4157=EDGE_CURVE('',#5138,#5137,#480,.T.);
#4158=EDGE_CURVE('',#5139,#5138,#5673,.T.);
#4159=EDGE_CURVE('',#5140,#5139,#5674,.T.);
#4160=EDGE_CURVE('',#5141,#5140,#481,.T.);
#4161=EDGE_CURVE('',#5142,#5141,#5675,.T.);
#4162=EDGE_CURVE('',#5143,#5142,#5676,.T.);
#4163=EDGE_CURVE('',#5144,#5143,#482,.T.);
#4164=EDGE_CURVE('',#5145,#5144,#29,.F.);
#4165=EDGE_CURVE('',#5146,#5145,#5677,.T.);
#4166=EDGE_CURVE('',#5147,#5146,#483,.T.);
#4167=EDGE_CURVE('',#5148,#5147,#484,.T.);
#4168=EDGE_CURVE('',#5149,#5148,#5678,.T.);
#4169=EDGE_CURVE('',#5150,#5149,#485,.T.);
#4170=EDGE_CURVE('',#5136,#5150,#5679,.T.);
#4171=EDGE_CURVE('',#5151,#5152,#486,.T.);
#4172=EDGE_CURVE('',#5153,#5151,#5680,.T.);
#4173=EDGE_CURVE('',#5154,#5153,#5681,.T.);
#4174=EDGE_CURVE('',#5155,#5154,#487,.T.);
#4175=EDGE_CURVE('',#5156,#5155,#5682,.T.);
#4176=EDGE_CURVE('',#5157,#5156,#5683,.T.);
#4177=EDGE_CURVE('',#5158,#5157,#488,.T.);
#4178=EDGE_CURVE('',#5159,#5158,#5684,.T.);
#4179=EDGE_CURVE('',#5160,#5159,#5685,.T.);
#4180=EDGE_CURVE('',#5161,#5160,#489,.T.);
#4181=EDGE_CURVE('',#5162,#5161,#5686,.T.);
#4182=EDGE_CURVE('',#5152,#5162,#5687,.T.);
#4183=EDGE_CURVE('',#5163,#5164,#490,.T.);
#4184=EDGE_CURVE('',#4906,#5163,#491,.T.);
#4185=EDGE_CURVE('',#4905,#5164,#492,.T.);
#4186=EDGE_CURVE('',#5165,#5163,#493,.T.);
#4187=EDGE_CURVE('',#4907,#5165,#494,.T.);
#4188=EDGE_CURVE('',#5166,#5165,#5688,.T.);
#4189=EDGE_CURVE('',#4908,#5166,#495,.T.);
#4190=EDGE_CURVE('',#5167,#5166,#30,.F.);
#4191=EDGE_CURVE('',#4909,#5167,#496,.T.);
#4192=EDGE_CURVE('',#5168,#5167,#497,.T.);
#4193=EDGE_CURVE('',#4910,#5168,#498,.T.);
#4194=EDGE_CURVE('',#5169,#5168,#5689,.T.);
#4195=EDGE_CURVE('',#4911,#5169,#499,.T.);
#4196=EDGE_CURVE('',#5170,#5169,#5690,.T.);
#4197=EDGE_CURVE('',#4912,#5170,#500,.T.);
#4198=EDGE_CURVE('',#5171,#5170,#501,.T.);
#4199=EDGE_CURVE('',#4913,#5171,#502,.T.);
#4200=EDGE_CURVE('',#5172,#5171,#5691,.T.);
#4201=EDGE_CURVE('',#4914,#5172,#503,.T.);
#4202=EDGE_CURVE('',#5173,#5172,#5692,.T.);
#4203=EDGE_CURVE('',#4915,#5173,#504,.T.);
#4204=EDGE_CURVE('',#5174,#5173,#505,.T.);
#4205=EDGE_CURVE('',#4916,#5174,#506,.T.);
#4206=EDGE_CURVE('',#5175,#5174,#31,.F.);
#4207=EDGE_CURVE('',#4917,#5175,#507,.T.);
#4208=EDGE_CURVE('',#5176,#5175,#5693,.T.);
#4209=EDGE_CURVE('',#4918,#5176,#508,.T.);
#4210=EDGE_CURVE('',#5177,#5176,#509,.T.);
#4211=EDGE_CURVE('',#4919,#5177,#510,.T.);
#4212=EDGE_CURVE('',#5178,#5177,#511,.T.);
#4213=EDGE_CURVE('',#4920,#5178,#512,.T.);
#4214=EDGE_CURVE('',#5179,#5178,#5694,.T.);
#4215=EDGE_CURVE('',#4921,#5179,#513,.T.);
#4216=EDGE_CURVE('',#5180,#5179,#514,.T.);
#4217=EDGE_CURVE('',#4922,#5180,#515,.T.);
#4218=EDGE_CURVE('',#5181,#5180,#5695,.T.);
#4219=EDGE_CURVE('',#4923,#5181,#516,.T.);
#4220=EDGE_CURVE('',#5182,#5181,#517,.T.);
#4221=EDGE_CURVE('',#4924,#5182,#518,.T.);
#4222=EDGE_CURVE('',#5183,#5182,#5696,.T.);
#4223=EDGE_CURVE('',#4904,#5183,#519,.T.);
#4224=EDGE_CURVE('',#5184,#5183,#520,.T.);
#4225=EDGE_CURVE('',#4903,#5184,#521,.T.);
#4226=EDGE_CURVE('',#5164,#5184,#5697,.T.);
#4227=EDGE_CURVE('',#5185,#5186,#5698,.T.);
#4228=EDGE_CURVE('',#4928,#5185,#522,.T.);
#4229=EDGE_CURVE('',#4927,#5186,#523,.T.);
#4230=EDGE_CURVE('',#5187,#5185,#524,.T.);
#4231=EDGE_CURVE('',#4929,#5187,#525,.T.);
#4232=EDGE_CURVE('',#5188,#5187,#5699,.T.);
#4233=EDGE_CURVE('',#4930,#5188,#526,.T.);
#4234=EDGE_CURVE('',#5189,#5188,#527,.T.);
#4235=EDGE_CURVE('',#4931,#5189,#528,.T.);
#4236=EDGE_CURVE('',#5190,#5189,#5700,.T.);
#4237=EDGE_CURVE('',#4932,#5190,#529,.T.);
#4238=EDGE_CURVE('',#5191,#5190,#5701,.T.);
#4239=EDGE_CURVE('',#4933,#5191,#530,.T.);
#4240=EDGE_CURVE('',#5192,#5191,#531,.T.);
#4241=EDGE_CURVE('',#4934,#5192,#532,.T.);
#4242=EDGE_CURVE('',#5193,#5192,#5702,.T.);
#4243=EDGE_CURVE('',#4935,#5193,#533,.T.);
#4244=EDGE_CURVE('',#5194,#5193,#534,.T.);
#4245=EDGE_CURVE('',#4936,#5194,#535,.T.);
#4246=EDGE_CURVE('',#5195,#5194,#5703,.T.);
#4247=EDGE_CURVE('',#4937,#5195,#536,.T.);
#4248=EDGE_CURVE('',#5196,#5195,#537,.T.);
#4249=EDGE_CURVE('',#4938,#5196,#538,.T.);
#4250=EDGE_CURVE('',#5197,#5196,#5704,.T.);
#4251=EDGE_CURVE('',#4939,#5197,#539,.T.);
#4252=EDGE_CURVE('',#5198,#5197,#5705,.T.);
#4253=EDGE_CURVE('',#4940,#5198,#540,.T.);
#4254=EDGE_CURVE('',#5199,#5198,#541,.T.);
#4255=EDGE_CURVE('',#4941,#5199,#542,.T.);
#4256=EDGE_CURVE('',#5200,#5199,#5706,.T.);
#4257=EDGE_CURVE('',#4942,#5200,#543,.T.);
#4258=EDGE_CURVE('',#5201,#5200,#5707,.T.);
#4259=EDGE_CURVE('',#4943,#5201,#544,.T.);
#4260=EDGE_CURVE('',#5202,#5201,#545,.T.);
#4261=EDGE_CURVE('',#4944,#5202,#546,.T.);
#4262=EDGE_CURVE('',#5203,#5202,#5708,.T.);
#4263=EDGE_CURVE('',#4945,#5203,#547,.T.);
#4264=EDGE_CURVE('',#5204,#5203,#5709,.T.);
#4265=EDGE_CURVE('',#4926,#5204,#548,.T.);
#4266=EDGE_CURVE('',#5205,#5204,#549,.T.);
#4267=EDGE_CURVE('',#4925,#5205,#550,.T.);
#4268=EDGE_CURVE('',#5186,#5205,#5710,.T.);
#4269=EDGE_CURVE('',#5206,#5207,#5711,.T.);
#4270=EDGE_CURVE('',#4949,#5206,#551,.T.);
#4271=EDGE_CURVE('',#4948,#5207,#552,.T.);
#4272=EDGE_CURVE('',#5208,#5206,#553,.T.);
#4273=EDGE_CURVE('',#4950,#5208,#554,.T.);
#4274=EDGE_CURVE('',#5209,#5208,#555,.T.);
#4275=EDGE_CURVE('',#4951,#5209,#556,.T.);
#4276=EDGE_CURVE('',#5210,#5209,#5712,.T.);
#4277=EDGE_CURVE('',#4952,#5210,#557,.T.);
#4278=EDGE_CURVE('',#5211,#5210,#558,.T.);
#4279=EDGE_CURVE('',#4953,#5211,#559,.T.);
#4280=EDGE_CURVE('',#5212,#5211,#5713,.T.);
#4281=EDGE_CURVE('',#4954,#5212,#560,.T.);
#4282=EDGE_CURVE('',#5213,#5212,#561,.T.);
#4283=EDGE_CURVE('',#4955,#5213,#562,.T.);
#4284=EDGE_CURVE('',#5214,#5213,#5714,.T.);
#4285=EDGE_CURVE('',#4956,#5214,#563,.T.);
#4286=EDGE_CURVE('',#5215,#5214,#564,.T.);
#4287=EDGE_CURVE('',#4957,#5215,#565,.T.);
#4288=EDGE_CURVE('',#5216,#5215,#5715,.T.);
#4289=EDGE_CURVE('',#4958,#5216,#566,.T.);
#4290=EDGE_CURVE('',#5217,#5216,#5716,.T.);
#4291=EDGE_CURVE('',#4959,#5217,#567,.T.);
#4292=EDGE_CURVE('',#5218,#5217,#568,.T.);
#4293=EDGE_CURVE('',#4960,#5218,#569,.T.);
#4294=EDGE_CURVE('',#5219,#5218,#5717,.T.);
#4295=EDGE_CURVE('',#4961,#5219,#570,.T.);
#4296=EDGE_CURVE('',#5220,#5219,#5718,.T.);
#4297=EDGE_CURVE('',#4947,#5220,#571,.T.);
#4298=EDGE_CURVE('',#5221,#5220,#572,.T.);
#4299=EDGE_CURVE('',#4946,#5221,#573,.T.);
#4300=EDGE_CURVE('',#5207,#5221,#32,.F.);
#4301=EDGE_CURVE('',#5222,#5223,#5719,.T.);
#4302=EDGE_CURVE('',#4965,#5222,#574,.T.);
#4303=EDGE_CURVE('',#4964,#5223,#575,.T.);
#4304=EDGE_CURVE('',#5224,#5222,#576,.T.);
#4305=EDGE_CURVE('',#4966,#5224,#577,.T.);
#4306=EDGE_CURVE('',#5225,#5224,#578,.T.);
#4307=EDGE_CURVE('',#4967,#5225,#579,.T.);
#4308=EDGE_CURVE('',#5226,#5225,#5720,.T.);
#4309=EDGE_CURVE('',#4968,#5226,#580,.T.);
#4310=EDGE_CURVE('',#5227,#5226,#581,.T.);
#4311=EDGE_CURVE('',#4969,#5227,#582,.T.);
#4312=EDGE_CURVE('',#5228,#5227,#5721,.T.);
#4313=EDGE_CURVE('',#4970,#5228,#583,.T.);
#4314=EDGE_CURVE('',#5229,#5228,#584,.T.);
#4315=EDGE_CURVE('',#4971,#5229,#585,.T.);
#4316=EDGE_CURVE('',#5230,#5229,#5722,.T.);
#4317=EDGE_CURVE('',#4972,#5230,#586,.T.);
#4318=EDGE_CURVE('',#5231,#5230,#587,.T.);
#4319=EDGE_CURVE('',#4973,#5231,#588,.T.);
#4320=EDGE_CURVE('',#5232,#5231,#5723,.T.);
#4321=EDGE_CURVE('',#4974,#5232,#589,.T.);
#4322=EDGE_CURVE('',#5233,#5232,#590,.T.);
#4323=EDGE_CURVE('',#4975,#5233,#591,.T.);
#4324=EDGE_CURVE('',#5234,#5233,#5724,.T.);
#4325=EDGE_CURVE('',#4976,#5234,#592,.T.);
#4326=EDGE_CURVE('',#5235,#5234,#593,.T.);
#4327=EDGE_CURVE('',#4977,#5235,#594,.T.);
#4328=EDGE_CURVE('',#5236,#5235,#5725,.T.);
#4329=EDGE_CURVE('',#4978,#5236,#595,.T.);
#4330=EDGE_CURVE('',#5237,#5236,#5726,.T.);
#4331=EDGE_CURVE('',#4979,#5237,#596,.T.);
#4332=EDGE_CURVE('',#5238,#5237,#597,.T.);
#4333=EDGE_CURVE('',#4980,#5238,#598,.T.);
#4334=EDGE_CURVE('',#5239,#5238,#5727,.T.);
#4335=EDGE_CURVE('',#4981,#5239,#599,.T.);
#4336=EDGE_CURVE('',#5240,#5239,#600,.T.);
#4337=EDGE_CURVE('',#4982,#5240,#601,.T.);
#4338=EDGE_CURVE('',#5241,#5240,#5728,.T.);
#4339=EDGE_CURVE('',#4983,#5241,#602,.T.);
#4340=EDGE_CURVE('',#5242,#5241,#603,.T.);
#4341=EDGE_CURVE('',#4984,#5242,#604,.T.);
#4342=EDGE_CURVE('',#5243,#5242,#5729,.T.);
#4343=EDGE_CURVE('',#4985,#5243,#605,.T.);
#4344=EDGE_CURVE('',#5244,#5243,#5730,.T.);
#4345=EDGE_CURVE('',#4963,#5244,#606,.T.);
#4346=EDGE_CURVE('',#5245,#5244,#607,.T.);
#4347=EDGE_CURVE('',#4962,#5245,#608,.T.);
#4348=EDGE_CURVE('',#5223,#5245,#33,.F.);
#4349=EDGE_CURVE('',#5246,#5247,#5731,.T.);
#4350=EDGE_CURVE('',#4989,#5246,#609,.T.);
#4351=EDGE_CURVE('',#4988,#5247,#610,.T.);
#4352=EDGE_CURVE('',#5248,#5246,#611,.T.);
#4353=EDGE_CURVE('',#4990,#5248,#612,.T.);
#4354=EDGE_CURVE('',#5249,#5248,#5732,.T.);
#4355=EDGE_CURVE('',#4991,#5249,#613,.T.);
#4356=EDGE_CURVE('',#5250,#5249,#614,.T.);
#4357=EDGE_CURVE('',#4992,#5250,#615,.T.);
#4358=EDGE_CURVE('',#5251,#5250,#5733,.T.);
#4359=EDGE_CURVE('',#4993,#5251,#616,.T.);
#4360=EDGE_CURVE('',#5252,#5251,#5734,.T.);
#4361=EDGE_CURVE('',#4994,#5252,#617,.T.);
#4362=EDGE_CURVE('',#5253,#5252,#618,.T.);
#4363=EDGE_CURVE('',#4995,#5253,#619,.T.);
#4364=EDGE_CURVE('',#5254,#5253,#5735,.T.);
#4365=EDGE_CURVE('',#4996,#5254,#620,.T.);
#4366=EDGE_CURVE('',#5255,#5254,#621,.T.);
#4367=EDGE_CURVE('',#4997,#5255,#622,.T.);
#4368=EDGE_CURVE('',#5256,#5255,#5736,.T.);
#4369=EDGE_CURVE('',#4998,#5256,#623,.T.);
#4370=EDGE_CURVE('',#5257,#5256,#624,.T.);
#4371=EDGE_CURVE('',#4999,#5257,#625,.T.);
#4372=EDGE_CURVE('',#5258,#5257,#5737,.T.);
#4373=EDGE_CURVE('',#5000,#5258,#626,.T.);
#4374=EDGE_CURVE('',#5259,#5258,#5738,.T.);
#4375=EDGE_CURVE('',#5001,#5259,#627,.T.);
#4376=EDGE_CURVE('',#5260,#5259,#628,.T.);
#4377=EDGE_CURVE('',#5002,#5260,#629,.T.);
#4378=EDGE_CURVE('',#5261,#5260,#5739,.T.);
#4379=EDGE_CURVE('',#5003,#5261,#630,.T.);
#4380=EDGE_CURVE('',#5262,#5261,#5740,.T.);
#4381=EDGE_CURVE('',#5004,#5262,#631,.T.);
#4382=EDGE_CURVE('',#5263,#5262,#632,.T.);
#4383=EDGE_CURVE('',#5005,#5263,#633,.T.);
#4384=EDGE_CURVE('',#5264,#5263,#5741,.T.);
#4385=EDGE_CURVE('',#5006,#5264,#634,.T.);
#4386=EDGE_CURVE('',#5265,#5264,#5742,.T.);
#4387=EDGE_CURVE('',#4987,#5265,#635,.T.);
#4388=EDGE_CURVE('',#5266,#5265,#636,.T.);
#4389=EDGE_CURVE('',#4986,#5266,#637,.T.);
#4390=EDGE_CURVE('',#5247,#5266,#5743,.T.);
#4391=EDGE_CURVE('',#5267,#5268,#638,.T.);
#4392=EDGE_CURVE('',#5010,#5267,#639,.T.);
#4393=EDGE_CURVE('',#5009,#5268,#640,.T.);
#4394=EDGE_CURVE('',#5269,#5267,#5744,.T.);
#4395=EDGE_CURVE('',#5011,#5269,#641,.T.);
#4396=EDGE_CURVE('',#5270,#5269,#5745,.T.);
#4397=EDGE_CURVE('',#5012,#5270,#642,.T.);
#4398=EDGE_CURVE('',#5271,#5270,#643,.T.);
#4399=EDGE_CURVE('',#5013,#5271,#644,.T.);
#4400=EDGE_CURVE('',#5272,#5271,#5746,.T.);
#4401=EDGE_CURVE('',#5014,#5272,#645,.T.);
#4402=EDGE_CURVE('',#5273,#5272,#5747,.T.);
#4403=EDGE_CURVE('',#5015,#5273,#646,.T.);
#4404=EDGE_CURVE('',#5274,#5273,#647,.T.);
#4405=EDGE_CURVE('',#5016,#5274,#648,.T.);
#4406=EDGE_CURVE('',#5275,#5274,#34,.F.);
#4407=EDGE_CURVE('',#5017,#5275,#649,.T.);
#4408=EDGE_CURVE('',#5276,#5275,#5748,.T.);
#4409=EDGE_CURVE('',#5018,#5276,#650,.T.);
#4410=EDGE_CURVE('',#5277,#5276,#651,.T.);
#4411=EDGE_CURVE('',#5019,#5277,#652,.T.);
#4412=EDGE_CURVE('',#5278,#5277,#653,.T.);
#4413=EDGE_CURVE('',#5020,#5278,#654,.T.);
#4414=EDGE_CURVE('',#5279,#5278,#5749,.T.);
#4415=EDGE_CURVE('',#5021,#5279,#655,.T.);
#4416=EDGE_CURVE('',#5280,#5279,#656,.T.);
#4417=EDGE_CURVE('',#5022,#5280,#657,.T.);
#4418=EDGE_CURVE('',#5281,#5280,#5750,.T.);
#4419=EDGE_CURVE('',#5008,#5281,#658,.T.);
#4420=EDGE_CURVE('',#5282,#5281,#659,.T.);
#4421=EDGE_CURVE('',#5007,#5282,#660,.T.);
#4422=EDGE_CURVE('',#5268,#5282,#5751,.T.);
#4423=EDGE_CURVE('',#5283,#5284,#661,.T.);
#4424=EDGE_CURVE('',#5026,#5283,#662,.T.);
#4425=EDGE_CURVE('',#5025,#5284,#663,.T.);
#4426=EDGE_CURVE('',#5285,#5283,#664,.T.);
#4427=EDGE_CURVE('',#5027,#5285,#665,.T.);
#4428=EDGE_CURVE('',#5286,#5285,#5752,.T.);
#4429=EDGE_CURVE('',#5028,#5286,#666,.T.);
#4430=EDGE_CURVE('',#5287,#5286,#35,.F.);
#4431=EDGE_CURVE('',#5029,#5287,#667,.T.);
#4432=EDGE_CURVE('',#5288,#5287,#668,.T.);
#4433=EDGE_CURVE('',#5030,#5288,#669,.T.);
#4434=EDGE_CURVE('',#5289,#5288,#5753,.T.);
#4435=EDGE_CURVE('',#5031,#5289,#670,.T.);
#4436=EDGE_CURVE('',#5290,#5289,#5754,.T.);
#4437=EDGE_CURVE('',#5032,#5290,#671,.T.);
#4438=EDGE_CURVE('',#5291,#5290,#672,.T.);
#4439=EDGE_CURVE('',#5033,#5291,#673,.T.);
#4440=EDGE_CURVE('',#5292,#5291,#5755,.T.);
#4441=EDGE_CURVE('',#5034,#5292,#674,.T.);
#4442=EDGE_CURVE('',#5293,#5292,#5756,.T.);
#4443=EDGE_CURVE('',#5035,#5293,#675,.T.);
#4444=EDGE_CURVE('',#5294,#5293,#676,.T.);
#4445=EDGE_CURVE('',#5036,#5294,#677,.T.);
#4446=EDGE_CURVE('',#5295,#5294,#36,.F.);
#4447=EDGE_CURVE('',#5037,#5295,#678,.T.);
#4448=EDGE_CURVE('',#5296,#5295,#5757,.T.);
#4449=EDGE_CURVE('',#5038,#5296,#679,.T.);
#4450=EDGE_CURVE('',#5297,#5296,#680,.T.);
#4451=EDGE_CURVE('',#5039,#5297,#681,.T.);
#4452=EDGE_CURVE('',#5298,#5297,#682,.T.);
#4453=EDGE_CURVE('',#5040,#5298,#683,.T.);
#4454=EDGE_CURVE('',#5299,#5298,#5758,.T.);
#4455=EDGE_CURVE('',#5041,#5299,#684,.T.);
#4456=EDGE_CURVE('',#5300,#5299,#685,.T.);
#4457=EDGE_CURVE('',#5042,#5300,#686,.T.);
#4458=EDGE_CURVE('',#5301,#5300,#5759,.T.);
#4459=EDGE_CURVE('',#5043,#5301,#687,.T.);
#4460=EDGE_CURVE('',#5302,#5301,#688,.T.);
#4461=EDGE_CURVE('',#5044,#5302,#689,.T.);
#4462=EDGE_CURVE('',#5303,#5302,#5760,.T.);
#4463=EDGE_CURVE('',#5024,#5303,#690,.T.);
#4464=EDGE_CURVE('',#5304,#5303,#691,.T.);
#4465=EDGE_CURVE('',#5023,#5304,#692,.T.);
#4466=EDGE_CURVE('',#5284,#5304,#5761,.T.);
#4467=EDGE_CURVE('',#5305,#5306,#693,.T.);
#4468=EDGE_CURVE('',#5048,#5305,#694,.T.);
#4469=EDGE_CURVE('',#5047,#5306,#695,.T.);
#4470=EDGE_CURVE('',#5307,#5305,#5762,.T.);
#4471=EDGE_CURVE('',#5049,#5307,#696,.T.);
#4472=EDGE_CURVE('',#5308,#5307,#697,.T.);
#4473=EDGE_CURVE('',#5050,#5308,#698,.T.);
#4474=EDGE_CURVE('',#5309,#5308,#5763,.T.);
#4475=EDGE_CURVE('',#5051,#5309,#699,.T.);
#4476=EDGE_CURVE('',#5310,#5309,#5764,.T.);
#4477=EDGE_CURVE('',#5052,#5310,#700,.T.);
#4478=EDGE_CURVE('',#5311,#5310,#701,.T.);
#4479=EDGE_CURVE('',#5053,#5311,#702,.T.);
#4480=EDGE_CURVE('',#5312,#5311,#5765,.T.);
#4481=EDGE_CURVE('',#5054,#5312,#703,.T.);
#4482=EDGE_CURVE('',#5313,#5312,#704,.T.);
#4483=EDGE_CURVE('',#5055,#5313,#705,.T.);
#4484=EDGE_CURVE('',#5314,#5313,#5766,.T.);
#4485=EDGE_CURVE('',#5056,#5314,#706,.T.);
#4486=EDGE_CURVE('',#5315,#5314,#707,.T.);
#4487=EDGE_CURVE('',#5057,#5315,#708,.T.);
#4488=EDGE_CURVE('',#5316,#5315,#5767,.T.);
#4489=EDGE_CURVE('',#5058,#5316,#709,.T.);
#4490=EDGE_CURVE('',#5317,#5316,#710,.T.);
#4491=EDGE_CURVE('',#5059,#5317,#711,.T.);
#4492=EDGE_CURVE('',#5318,#5317,#5768,.T.);
#4493=EDGE_CURVE('',#5060,#5318,#712,.T.);
#4494=EDGE_CURVE('',#5319,#5318,#713,.T.);
#4495=EDGE_CURVE('',#5061,#5319,#714,.T.);
#4496=EDGE_CURVE('',#5320,#5319,#715,.T.);
#4497=EDGE_CURVE('',#5062,#5320,#716,.T.);
#4498=EDGE_CURVE('',#5321,#5320,#5769,.T.);
#4499=EDGE_CURVE('',#5063,#5321,#717,.T.);
#4500=EDGE_CURVE('',#5322,#5321,#718,.T.);
#4501=EDGE_CURVE('',#5064,#5322,#719,.T.);
#4502=EDGE_CURVE('',#5323,#5322,#5770,.T.);
#4503=EDGE_CURVE('',#5065,#5323,#720,.T.);
#4504=EDGE_CURVE('',#5324,#5323,#721,.T.);
#4505=EDGE_CURVE('',#5066,#5324,#722,.T.);
#4506=EDGE_CURVE('',#5325,#5324,#5771,.T.);
#4507=EDGE_CURVE('',#5046,#5325,#723,.T.);
#4508=EDGE_CURVE('',#5326,#5325,#724,.T.);
#4509=EDGE_CURVE('',#5045,#5326,#725,.T.);
#4510=EDGE_CURVE('',#5306,#5326,#5772,.T.);
#4511=EDGE_CURVE('',#5327,#5328,#5773,.T.);
#4512=EDGE_CURVE('',#5070,#5327,#726,.T.);
#4513=EDGE_CURVE('',#5069,#5328,#727,.T.);
#4514=EDGE_CURVE('',#5329,#5327,#5774,.T.);
#4515=EDGE_CURVE('',#5071,#5329,#728,.T.);
#4516=EDGE_CURVE('',#5330,#5329,#729,.T.);
#4517=EDGE_CURVE('',#5072,#5330,#730,.T.);
#4518=EDGE_CURVE('',#5331,#5330,#5775,.T.);
#4519=EDGE_CURVE('',#5073,#5331,#731,.T.);
#4520=EDGE_CURVE('',#5332,#5331,#732,.T.);
#4521=EDGE_CURVE('',#5074,#5332,#733,.T.);
#4522=EDGE_CURVE('',#5333,#5332,#5776,.T.);
#4523=EDGE_CURVE('',#5075,#5333,#734,.T.);
#4524=EDGE_CURVE('',#5334,#5333,#735,.T.);
#4525=EDGE_CURVE('',#5076,#5334,#736,.T.);
#4526=EDGE_CURVE('',#5335,#5334,#5777,.T.);
#4527=EDGE_CURVE('',#5077,#5335,#737,.T.);
#4528=EDGE_CURVE('',#5336,#5335,#5778,.T.);
#4529=EDGE_CURVE('',#5078,#5336,#738,.T.);
#4530=EDGE_CURVE('',#5337,#5336,#739,.T.);
#4531=EDGE_CURVE('',#5079,#5337,#740,.T.);
#4532=EDGE_CURVE('',#5338,#5337,#5779,.T.);
#4533=EDGE_CURVE('',#5080,#5338,#741,.T.);
#4534=EDGE_CURVE('',#5339,#5338,#742,.T.);
#4535=EDGE_CURVE('',#5081,#5339,#743,.T.);
#4536=EDGE_CURVE('',#5340,#5339,#5780,.T.);
#4537=EDGE_CURVE('',#5082,#5340,#744,.T.);
#4538=EDGE_CURVE('',#5341,#5340,#5781,.T.);
#4539=EDGE_CURVE('',#5083,#5341,#745,.T.);
#4540=EDGE_CURVE('',#5342,#5341,#5782,.T.);
#4541=EDGE_CURVE('',#5084,#5342,#746,.T.);
#4542=EDGE_CURVE('',#5343,#5342,#5783,.T.);
#4543=EDGE_CURVE('',#5085,#5343,#747,.T.);
#4544=EDGE_CURVE('',#5344,#5343,#748,.T.);
#4545=EDGE_CURVE('',#5086,#5344,#749,.T.);
#4546=EDGE_CURVE('',#5345,#5344,#5784,.T.);
#4547=EDGE_CURVE('',#5087,#5345,#750,.T.);
#4548=EDGE_CURVE('',#5346,#5345,#751,.T.);
#4549=EDGE_CURVE('',#5088,#5346,#752,.T.);
#4550=EDGE_CURVE('',#5347,#5346,#5785,.T.);
#4551=EDGE_CURVE('',#5089,#5347,#753,.T.);
#4552=EDGE_CURVE('',#5348,#5347,#754,.T.);
#4553=EDGE_CURVE('',#5090,#5348,#755,.T.);
#4554=EDGE_CURVE('',#5349,#5348,#5786,.T.);
#4555=EDGE_CURVE('',#5091,#5349,#756,.T.);
#4556=EDGE_CURVE('',#5350,#5349,#5787,.T.);
#4557=EDGE_CURVE('',#5092,#5350,#757,.T.);
#4558=EDGE_CURVE('',#5351,#5350,#758,.T.);
#4559=EDGE_CURVE('',#5093,#5351,#759,.T.);
#4560=EDGE_CURVE('',#5352,#5351,#5788,.T.);
#4561=EDGE_CURVE('',#5068,#5352,#760,.T.);
#4562=EDGE_CURVE('',#5353,#5352,#761,.T.);
#4563=EDGE_CURVE('',#5067,#5353,#762,.T.);
#4564=EDGE_CURVE('',#5328,#5353,#5789,.T.);
#4565=EDGE_CURVE('',#5354,#5355,#763,.T.);
#4566=EDGE_CURVE('',#5097,#5354,#764,.T.);
#4567=EDGE_CURVE('',#5096,#5355,#765,.T.);
#4568=EDGE_CURVE('',#5356,#5354,#5790,.T.);
#4569=EDGE_CURVE('',#5098,#5356,#766,.T.);
#4570=EDGE_CURVE('',#5357,#5356,#5791,.T.);
#4571=EDGE_CURVE('',#5099,#5357,#767,.T.);
#4572=EDGE_CURVE('',#5358,#5357,#768,.T.);
#4573=EDGE_CURVE('',#5100,#5358,#769,.T.);
#4574=EDGE_CURVE('',#5359,#5358,#5792,.T.);
#4575=EDGE_CURVE('',#5101,#5359,#770,.T.);
#4576=EDGE_CURVE('',#5360,#5359,#5793,.T.);
#4577=EDGE_CURVE('',#5102,#5360,#771,.T.);
#4578=EDGE_CURVE('',#5361,#5360,#772,.T.);
#4579=EDGE_CURVE('',#5103,#5361,#773,.T.);
#4580=EDGE_CURVE('',#5362,#5361,#5794,.T.);
#4581=EDGE_CURVE('',#5104,#5362,#774,.T.);
#4582=EDGE_CURVE('',#5363,#5362,#775,.T.);
#4583=EDGE_CURVE('',#5105,#5363,#776,.T.);
#4584=EDGE_CURVE('',#5364,#5363,#5795,.T.);
#4585=EDGE_CURVE('',#5106,#5364,#777,.T.);
#4586=EDGE_CURVE('',#5365,#5364,#5796,.T.);
#4587=EDGE_CURVE('',#5107,#5365,#778,.T.);
#4588=EDGE_CURVE('',#5366,#5365,#779,.T.);
#4589=EDGE_CURVE('',#5108,#5366,#780,.T.);
#4590=EDGE_CURVE('',#5367,#5366,#5797,.T.);
#4591=EDGE_CURVE('',#5109,#5367,#781,.T.);
#4592=EDGE_CURVE('',#5368,#5367,#782,.T.);
#4593=EDGE_CURVE('',#5110,#5368,#783,.T.);
#4594=EDGE_CURVE('',#5369,#5368,#5798,.T.);
#4595=EDGE_CURVE('',#5111,#5369,#784,.T.);
#4596=EDGE_CURVE('',#5370,#5369,#5799,.T.);
#4597=EDGE_CURVE('',#5112,#5370,#785,.T.);
#4598=EDGE_CURVE('',#5371,#5370,#786,.T.);
#4599=EDGE_CURVE('',#5113,#5371,#787,.T.);
#4600=EDGE_CURVE('',#5372,#5371,#5800,.T.);
#4601=EDGE_CURVE('',#5114,#5372,#788,.T.);
#4602=EDGE_CURVE('',#5373,#5372,#789,.T.);
#4603=EDGE_CURVE('',#5115,#5373,#790,.T.);
#4604=EDGE_CURVE('',#5374,#5373,#5801,.T.);
#4605=EDGE_CURVE('',#5116,#5374,#791,.T.);
#4606=EDGE_CURVE('',#5375,#5374,#792,.T.);
#4607=EDGE_CURVE('',#5117,#5375,#793,.T.);
#4608=EDGE_CURVE('',#5376,#5375,#5802,.T.);
#4609=EDGE_CURVE('',#5118,#5376,#794,.T.);
#4610=EDGE_CURVE('',#5377,#5376,#795,.T.);
#4611=EDGE_CURVE('',#5119,#5377,#796,.T.);
#4612=EDGE_CURVE('',#5378,#5377,#5803,.T.);
#4613=EDGE_CURVE('',#5120,#5378,#797,.T.);
#4614=EDGE_CURVE('',#5379,#5378,#798,.T.);
#4615=EDGE_CURVE('',#5121,#5379,#799,.T.);
#4616=EDGE_CURVE('',#5380,#5379,#5804,.T.);
#4617=EDGE_CURVE('',#5122,#5380,#800,.T.);
#4618=EDGE_CURVE('',#5381,#5380,#801,.T.);
#4619=EDGE_CURVE('',#5123,#5381,#802,.T.);
#4620=EDGE_CURVE('',#5382,#5381,#5805,.T.);
#4621=EDGE_CURVE('',#5124,#5382,#803,.T.);
#4622=EDGE_CURVE('',#5383,#5382,#804,.T.);
#4623=EDGE_CURVE('',#5125,#5383,#805,.T.);
#4624=EDGE_CURVE('',#5384,#5383,#5806,.T.);
#4625=EDGE_CURVE('',#5126,#5384,#806,.T.);
#4626=EDGE_CURVE('',#5385,#5384,#5807,.T.);
#4627=EDGE_CURVE('',#5095,#5385,#807,.T.);
#4628=EDGE_CURVE('',#5386,#5385,#808,.T.);
#4629=EDGE_CURVE('',#5094,#5386,#809,.T.);
#4630=EDGE_CURVE('',#5355,#5386,#5808,.T.);
#4631=EDGE_CURVE('',#5387,#5388,#810,.T.);
#4632=EDGE_CURVE('',#5130,#5387,#811,.T.);
#4633=EDGE_CURVE('',#5129,#5388,#812,.T.);
#4634=EDGE_CURVE('',#5389,#5387,#5809,.T.);
#4635=EDGE_CURVE('',#5131,#5389,#813,.T.);
#4636=EDGE_CURVE('',#5390,#5389,#814,.T.);
#4637=EDGE_CURVE('',#5132,#5390,#815,.T.);
#4638=EDGE_CURVE('',#5391,#5390,#5810,.T.);
#4639=EDGE_CURVE('',#5133,#5391,#816,.T.);
#4640=EDGE_CURVE('',#5392,#5391,#817,.T.);
#4641=EDGE_CURVE('',#5134,#5392,#818,.T.);
#4642=EDGE_CURVE('',#5393,#5392,#5811,.T.);
#4643=EDGE_CURVE('',#5128,#5393,#819,.T.);
#4644=EDGE_CURVE('',#5394,#5393,#820,.T.);
#4645=EDGE_CURVE('',#5127,#5394,#821,.T.);
#4646=EDGE_CURVE('',#5388,#5394,#5812,.T.);
#4647=EDGE_CURVE('',#5395,#5396,#822,.T.);
#4648=EDGE_CURVE('',#5138,#5395,#823,.T.);
#4649=EDGE_CURVE('',#5137,#5396,#824,.T.);
#4650=EDGE_CURVE('',#5397,#5395,#5813,.T.);
#4651=EDGE_CURVE('',#5139,#5397,#825,.T.);
#4652=EDGE_CURVE('',#5398,#5397,#5814,.T.);
#4653=EDGE_CURVE('',#5140,#5398,#826,.T.);
#4654=EDGE_CURVE('',#5399,#5398,#827,.T.);
#4655=EDGE_CURVE('',#5141,#5399,#828,.T.);
#4656=EDGE_CURVE('',#5400,#5399,#5815,.T.);
#4657=EDGE_CURVE('',#5142,#5400,#829,.T.);
#4658=EDGE_CURVE('',#5401,#5400,#5816,.T.);
#4659=EDGE_CURVE('',#5143,#5401,#830,.T.);
#4660=EDGE_CURVE('',#5402,#5401,#831,.T.);
#4661=EDGE_CURVE('',#5144,#5402,#832,.T.);
#4662=EDGE_CURVE('',#5403,#5402,#37,.F.);
#4663=EDGE_CURVE('',#5145,#5403,#833,.T.);
#4664=EDGE_CURVE('',#5404,#5403,#5817,.T.);
#4665=EDGE_CURVE('',#5146,#5404,#834,.T.);
#4666=EDGE_CURVE('',#5405,#5404,#835,.T.);
#4667=EDGE_CURVE('',#5147,#5405,#836,.T.);
#4668=EDGE_CURVE('',#5406,#5405,#837,.T.);
#4669=EDGE_CURVE('',#5148,#5406,#838,.T.);
#4670=EDGE_CURVE('',#5407,#5406,#5818,.T.);
#4671=EDGE_CURVE('',#5149,#5407,#839,.T.);
#4672=EDGE_CURVE('',#5408,#5407,#840,.T.);
#4673=EDGE_CURVE('',#5150,#5408,#841,.T.);
#4674=EDGE_CURVE('',#5409,#5408,#5819,.T.);
#4675=EDGE_CURVE('',#5136,#5409,#842,.T.);
#4676=EDGE_CURVE('',#5410,#5409,#843,.T.);
#4677=EDGE_CURVE('',#5135,#5410,#844,.T.);
#4678=EDGE_CURVE('',#5396,#5410,#5820,.T.);
#4679=EDGE_CURVE('',#5411,#5412,#5821,.T.);
#4680=EDGE_CURVE('',#5154,#5411,#845,.T.);
#4681=EDGE_CURVE('',#5153,#5412,#846,.T.);
#4682=EDGE_CURVE('',#5413,#5411,#847,.T.);
#4683=EDGE_CURVE('',#5155,#5413,#848,.T.);
#4684=EDGE_CURVE('',#5414,#5413,#5822,.T.);
#4685=EDGE_CURVE('',#5156,#5414,#849,.T.);
#4686=EDGE_CURVE('',#5415,#5414,#5823,.T.);
#4687=EDGE_CURVE('',#5157,#5415,#850,.T.);
#4688=EDGE_CURVE('',#5416,#5415,#851,.T.);
#4689=EDGE_CURVE('',#5158,#5416,#852,.T.);
#4690=EDGE_CURVE('',#5417,#5416,#5824,.T.);
#4691=EDGE_CURVE('',#5159,#5417,#853,.T.);
#4692=EDGE_CURVE('',#5418,#5417,#5825,.T.);
#4693=EDGE_CURVE('',#5160,#5418,#854,.T.);
#4694=EDGE_CURVE('',#5419,#5418,#855,.T.);
#4695=EDGE_CURVE('',#5161,#5419,#856,.T.);
#4696=EDGE_CURVE('',#5420,#5419,#5826,.T.);
#4697=EDGE_CURVE('',#5162,#5420,#857,.T.);
#4698=EDGE_CURVE('',#5421,#5420,#5827,.T.);
#4699=EDGE_CURVE('',#5152,#5421,#858,.T.);
#4700=EDGE_CURVE('',#5422,#5421,#859,.T.);
#4701=EDGE_CURVE('',#5151,#5422,#860,.T.);
#4702=EDGE_CURVE('',#5412,#5422,#5828,.T.);
#4703=EDGE_CURVE('',#5423,#5424,#861,.T.);
#4704=EDGE_CURVE('',#5423,#5425,#862,.F.);
#4705=EDGE_CURVE('',#5425,#5426,#863,.T.);
#4706=EDGE_CURVE('',#5426,#5424,#864,.T.);
#4707=EDGE_CURVE('',#5425,#5427,#38,.T.);
#4708=EDGE_CURVE('',#5428,#5423,#39,.F.);
#4709=EDGE_CURVE('',#5427,#5428,#865,.T.);
#4710=EDGE_CURVE('',#5429,#5426,#40,.T.);
#4711=EDGE_CURVE('',#5430,#5429,#866,.F.);
#4712=EDGE_CURVE('',#5424,#5430,#41,.F.);
#4713=EDGE_CURVE('',#5431,#5432,#867,.T.);
#4714=EDGE_CURVE('',#5431,#5433,#868,.T.);
#4715=EDGE_CURVE('',#5433,#5434,#869,.T.);
#4716=EDGE_CURVE('',#5435,#5434,#870,.T.);
#4717=EDGE_CURVE('',#5436,#5435,#871,.T.);
#4718=EDGE_CURVE('',#5436,#5432,#872,.T.);
#4719=EDGE_CURVE('',#5437,#5432,#873,.T.);
#4720=EDGE_CURVE('',#5437,#5438,#874,.T.);
#4721=EDGE_CURVE('',#5431,#5438,#875,.T.);
#4722=EDGE_CURVE('',#5439,#5436,#876,.T.);
#4723=EDGE_CURVE('',#5439,#5437,#877,.T.);
#4724=EDGE_CURVE('',#5440,#5441,#878,.T.);
#4725=EDGE_CURVE('',#5434,#5440,#879,.T.);
#4726=EDGE_CURVE('',#5433,#5441,#880,.T.);
#4727=EDGE_CURVE('',#5440,#5442,#881,.T.);
#4728=EDGE_CURVE('',#5435,#5442,#882,.T.);
#4729=EDGE_CURVE('',#5441,#5438,#883,.T.);
#4730=EDGE_CURVE('',#5428,#5443,#884,.T.);
#4731=EDGE_CURVE('',#5443,#5444,#885,.T.);
#4732=EDGE_CURVE('',#5427,#5444,#886,.T.);
#4733=EDGE_CURVE('',#5445,#5446,#887,.T.);
#4734=EDGE_CURVE('',#5430,#5445,#888,.T.);
#4735=EDGE_CURVE('',#5429,#5446,#889,.T.);
#4736=EDGE_CURVE('',#5445,#5443,#890,.T.);
#4737=EDGE_CURVE('',#5446,#5442,#891,.T.);
#4738=EDGE_CURVE('',#5439,#5444,#892,.T.);
#4739=VERTEX_POINT('',#8476);
#4740=VERTEX_POINT('',#8477);
#4741=VERTEX_POINT('',#8479);
#4742=VERTEX_POINT('',#8483);
#4743=VERTEX_POINT('',#8487);
#4744=VERTEX_POINT('',#8489);
#4745=VERTEX_POINT('',#8493);
#4746=VERTEX_POINT('',#8497);
#4747=VERTEX_POINT('',#8499);
#4748=VERTEX_POINT('',#8503);
#4749=VERTEX_POINT('',#8509);
#4750=VERTEX_POINT('',#8510);
#4751=VERTEX_POINT('',#8512);
#4752=VERTEX_POINT('',#8516);
#4753=VERTEX_POINT('',#8518);
#4754=VERTEX_POINT('',#8522);
#4755=VERTEX_POINT('',#8526);
#4756=VERTEX_POINT('',#8528);
#4757=VERTEX_POINT('',#8532);
#4758=VERTEX_POINT('',#8536);
#4759=VERTEX_POINT('',#8542);
#4760=VERTEX_POINT('',#8543);
#4761=VERTEX_POINT('',#8545);
#4762=VERTEX_POINT('',#8549);
#4763=VERTEX_POINT('',#8551);
#4764=VERTEX_POINT('',#8555);
#4765=VERTEX_POINT('',#8559);
#4766=VERTEX_POINT('',#8561);
#4767=VERTEX_POINT('',#8565);
#4768=VERTEX_POINT('',#8569);
#4769=VERTEX_POINT('',#8575);
#4770=VERTEX_POINT('',#8576);
#4771=VERTEX_POINT('',#8578);
#4772=VERTEX_POINT('',#8582);
#4773=VERTEX_POINT('',#8584);
#4774=VERTEX_POINT('',#8588);
#4775=VERTEX_POINT('',#8592);
#4776=VERTEX_POINT('',#8594);
#4777=VERTEX_POINT('',#8598);
#4778=VERTEX_POINT('',#8602);
#4779=VERTEX_POINT('',#8608);
#4780=VERTEX_POINT('',#8609);
#4781=VERTEX_POINT('',#8611);
#4782=VERTEX_POINT('',#8615);
#4783=VERTEX_POINT('',#8619);
#4784=VERTEX_POINT('',#8621);
#4785=VERTEX_POINT('',#8625);
#4786=VERTEX_POINT('',#8629);
#4787=VERTEX_POINT('',#8631);
#4788=VERTEX_POINT('',#8635);
#4789=VERTEX_POINT('',#8641);
#4790=VERTEX_POINT('',#8642);
#4791=VERTEX_POINT('',#8644);
#4792=VERTEX_POINT('',#8648);
#4793=VERTEX_POINT('',#8652);
#4794=VERTEX_POINT('',#8654);
#4795=VERTEX_POINT('',#8658);
#4796=VERTEX_POINT('',#8662);
#4797=VERTEX_POINT('',#8664);
#4798=VERTEX_POINT('',#8668);
#4799=VERTEX_POINT('',#8674);
#4800=VERTEX_POINT('',#8675);
#4801=VERTEX_POINT('',#8677);
#4802=VERTEX_POINT('',#8681);
#4803=VERTEX_POINT('',#8685);
#4804=VERTEX_POINT('',#8687);
#4805=VERTEX_POINT('',#8691);
#4806=VERTEX_POINT('',#8695);
#4807=VERTEX_POINT('',#8697);
#4808=VERTEX_POINT('',#8701);
#4809=VERTEX_POINT('',#8707);
#4810=VERTEX_POINT('',#8708);
#4811=VERTEX_POINT('',#8710);
#4812=VERTEX_POINT('',#8714);
#4813=VERTEX_POINT('',#8718);
#4814=VERTEX_POINT('',#8720);
#4815=VERTEX_POINT('',#8724);
#4816=VERTEX_POINT('',#8728);
#4817=VERTEX_POINT('',#8730);
#4818=VERTEX_POINT('',#8734);
#4819=VERTEX_POINT('',#8738);
#4820=VERTEX_POINT('',#8740);
#4821=VERTEX_POINT('',#8753);
#4822=VERTEX_POINT('',#8757);
#4823=VERTEX_POINT('',#8770);
#4824=VERTEX_POINT('',#8774);
#4825=VERTEX_POINT('',#8787);
#4826=VERTEX_POINT('',#8800);
#4827=VERTEX_POINT('',#8804);
#4828=VERTEX_POINT('',#8817);
#4829=VERTEX_POINT('',#8821);
#4830=VERTEX_POINT('',#8834);
#4831=VERTEX_POINT('',#8847);
#4832=VERTEX_POINT('',#8851);
#4833=VERTEX_POINT('',#8855);
#4834=VERTEX_POINT('',#8868);
#4835=VERTEX_POINT('',#8881);
#4836=VERTEX_POINT('',#8885);
#4837=VERTEX_POINT('',#8898);
#4838=VERTEX_POINT('',#8911);
#4839=VERTEX_POINT('',#8915);
#4840=VERTEX_POINT('',#8928);
#4841=VERTEX_POINT('',#8941);
#4842=VERTEX_POINT('',#8945);
#4843=VERTEX_POINT('',#8949);
#4844=VERTEX_POINT('',#8962);
#4845=VERTEX_POINT('',#8975);
#4846=VERTEX_POINT('',#8979);
#4847=VERTEX_POINT('',#8992);
#4848=VERTEX_POINT('',#9005);
#4849=VERTEX_POINT('',#9009);
#4850=VERTEX_POINT('',#9022);
#4851=VERTEX_POINT('',#9035);
#4852=VERTEX_POINT('',#9039);
#4853=VERTEX_POINT('',#9043);
#4854=VERTEX_POINT('',#9056);
#4855=VERTEX_POINT('',#9069);
#4856=VERTEX_POINT('',#9073);
#4857=VERTEX_POINT('',#9086);
#4858=VERTEX_POINT('',#9099);
#4859=VERTEX_POINT('',#9103);
#4860=VERTEX_POINT('',#9116);
#4861=VERTEX_POINT('',#9129);
#4862=VERTEX_POINT('',#9133);
#4863=VERTEX_POINT('',#9146);
#4864=VERTEX_POINT('',#9150);
#4865=VERTEX_POINT('',#9163);
#4866=VERTEX_POINT('',#9176);
#4867=VERTEX_POINT('',#9180);
#4868=VERTEX_POINT('',#9193);
#4869=VERTEX_POINT('',#9197);
#4870=VERTEX_POINT('',#9210);
#4871=VERTEX_POINT('',#9223);
#4872=VERTEX_POINT('',#9227);
#4873=VERTEX_POINT('',#9240);
#4874=VERTEX_POINT('',#9244);
#4875=VERTEX_POINT('',#9257);
#4876=VERTEX_POINT('',#9270);
#4877=VERTEX_POINT('',#9274);
#4878=VERTEX_POINT('',#9287);
#4879=VERTEX_POINT('',#9291);
#4880=VERTEX_POINT('',#9304);
#4881=VERTEX_POINT('',#9317);
#4882=VERTEX_POINT('',#9321);
#4883=VERTEX_POINT('',#9334);
#4884=VERTEX_POINT('',#9338);
#4885=VERTEX_POINT('',#9351);
#4886=VERTEX_POINT('',#9364);
#4887=VERTEX_POINT('',#9368);
#4888=VERTEX_POINT('',#9381);
#4889=VERTEX_POINT('',#9385);
#4890=VERTEX_POINT('',#9398);
#4891=VERTEX_POINT('',#9411);
#4892=VERTEX_POINT('',#9415);
#4893=VERTEX_POINT('',#9428);
#4894=VERTEX_POINT('',#9432);
#4895=VERTEX_POINT('',#9445);
#4896=VERTEX_POINT('',#9458);
#4897=VERTEX_POINT('',#9462);
#4898=VERTEX_POINT('',#9475);
#4899=VERTEX_POINT('',#9488);
#4900=VERTEX_POINT('',#9492);
#4901=VERTEX_POINT('',#9505);
#4902=VERTEX_POINT('',#9518);
#4903=VERTEX_POINT('',#9524);
#4904=VERTEX_POINT('',#9525);
#4905=VERTEX_POINT('',#9529);
#4906=VERTEX_POINT('',#9531);
#4907=VERTEX_POINT('',#9533);
#4908=VERTEX_POINT('',#9537);
#4909=VERTEX_POINT('',#9539);
#4910=VERTEX_POINT('',#9541);
#4911=VERTEX_POINT('',#9545);
#4912=VERTEX_POINT('',#9549);
#4913=VERTEX_POINT('',#9551);
#4914=VERTEX_POINT('',#9555);
#4915=VERTEX_POINT('',#9559);
#4916=VERTEX_POINT('',#9561);
#4917=VERTEX_POINT('',#9563);
#4918=VERTEX_POINT('',#9567);
#4919=VERTEX_POINT('',#9569);
#4920=VERTEX_POINT('',#9571);
#4921=VERTEX_POINT('',#9575);
#4922=VERTEX_POINT('',#9577);
#4923=VERTEX_POINT('',#9581);
#4924=VERTEX_POINT('',#9583);
#4925=VERTEX_POINT('',#9589);
#4926=VERTEX_POINT('',#9590);
#4927=VERTEX_POINT('',#9594);
#4928=VERTEX_POINT('',#9598);
#4929=VERTEX_POINT('',#9600);
#4930=VERTEX_POINT('',#9604);
#4931=VERTEX_POINT('',#9606);
#4932=VERTEX_POINT('',#9610);
#4933=VERTEX_POINT('',#9614);
#4934=VERTEX_POINT('',#9616);
#4935=VERTEX_POINT('',#9620);
#4936=VERTEX_POINT('',#9622);
#4937=VERTEX_POINT('',#9626);
#4938=VERTEX_POINT('',#9628);
#4939=VERTEX_POINT('',#9632);
#4940=VERTEX_POINT('',#9636);
#4941=VERTEX_POINT('',#9638);
#4942=VERTEX_POINT('',#9642);
#4943=VERTEX_POINT('',#9646);
#4944=VERTEX_POINT('',#9648);
#4945=VERTEX_POINT('',#9652);
#4946=VERTEX_POINT('',#9658);
#4947=VERTEX_POINT('',#9659);
#4948=VERTEX_POINT('',#9661);
#4949=VERTEX_POINT('',#9665);
#4950=VERTEX_POINT('',#9667);
#4951=VERTEX_POINT('',#9669);
#4952=VERTEX_POINT('',#9673);
#4953=VERTEX_POINT('',#9675);
#4954=VERTEX_POINT('',#9679);
#4955=VERTEX_POINT('',#9681);
#4956=VERTEX_POINT('',#9685);
#4957=VERTEX_POINT('',#9687);
#4958=VERTEX_POINT('',#9691);
#4959=VERTEX_POINT('',#9695);
#4960=VERTEX_POINT('',#9697);
#4961=VERTEX_POINT('',#9701);
#4962=VERTEX_POINT('',#9707);
#4963=VERTEX_POINT('',#9708);
#4964=VERTEX_POINT('',#9710);
#4965=VERTEX_POINT('',#9714);
#4966=VERTEX_POINT('',#9716);
#4967=VERTEX_POINT('',#9718);
#4968=VERTEX_POINT('',#9722);
#4969=VERTEX_POINT('',#9724);
#4970=VERTEX_POINT('',#9728);
#4971=VERTEX_POINT('',#9730);
#4972=VERTEX_POINT('',#9734);
#4973=VERTEX_POINT('',#9736);
#4974=VERTEX_POINT('',#9740);
#4975=VERTEX_POINT('',#9742);
#4976=VERTEX_POINT('',#9746);
#4977=VERTEX_POINT('',#9748);
#4978=VERTEX_POINT('',#9752);
#4979=VERTEX_POINT('',#9756);
#4980=VERTEX_POINT('',#9758);
#4981=VERTEX_POINT('',#9762);
#4982=VERTEX_POINT('',#9764);
#4983=VERTEX_POINT('',#9768);
#4984=VERTEX_POINT('',#9770);
#4985=VERTEX_POINT('',#9774);
#4986=VERTEX_POINT('',#9780);
#4987=VERTEX_POINT('',#9781);
#4988=VERTEX_POINT('',#9785);
#4989=VERTEX_POINT('',#9789);
#4990=VERTEX_POINT('',#9791);
#4991=VERTEX_POINT('',#9795);
#4992=VERTEX_POINT('',#9797);
#4993=VERTEX_POINT('',#9801);
#4994=VERTEX_POINT('',#9805);
#4995=VERTEX_POINT('',#9807);
#4996=VERTEX_POINT('',#9811);
#4997=VERTEX_POINT('',#9813);
#4998=VERTEX_POINT('',#9817);
#4999=VERTEX_POINT('',#9819);
#5000=VERTEX_POINT('',#9823);
#5001=VERTEX_POINT('',#9827);
#5002=VERTEX_POINT('',#9829);
#5003=VERTEX_POINT('',#9833);
#5004=VERTEX_POINT('',#9837);
#5005=VERTEX_POINT('',#9839);
#5006=VERTEX_POINT('',#9843);
#5007=VERTEX_POINT('',#9849);
#5008=VERTEX_POINT('',#9850);
#5009=VERTEX_POINT('',#9854);
#5010=VERTEX_POINT('',#9856);
#5011=VERTEX_POINT('',#9860);
#5012=VERTEX_POINT('',#9864);
#5013=VERTEX_POINT('',#9866);
#5014=VERTEX_POINT('',#9870);
#5015=VERTEX_POINT('',#9874);
#5016=VERTEX_POINT('',#9876);
#5017=VERTEX_POINT('',#9878);
#5018=VERTEX_POINT('',#9882);
#5019=VERTEX_POINT('',#9884);
#5020=VERTEX_POINT('',#9886);
#5021=VERTEX_POINT('',#9890);
#5022=VERTEX_POINT('',#9892);
#5023=VERTEX_POINT('',#9898);
#5024=VERTEX_POINT('',#9899);
#5025=VERTEX_POINT('',#9903);
#5026=VERTEX_POINT('',#9905);
#5027=VERTEX_POINT('',#9907);
#5028=VERTEX_POINT('',#9911);
#5029=VERTEX_POINT('',#9913);
#5030=VERTEX_POINT('',#9915);
#5031=VERTEX_POINT('',#9919);
#5032=VERTEX_POINT('',#9923);
#5033=VERTEX_POINT('',#9925);
#5034=VERTEX_POINT('',#9929);
#5035=VERTEX_POINT('',#9933);
#5036=VERTEX_POINT('',#9935);
#5037=VERTEX_POINT('',#9937);
#5038=VERTEX_POINT('',#9941);
#5039=VERTEX_POINT('',#9943);
#5040=VERTEX_POINT('',#9945);
#5041=VERTEX_POINT('',#9949);
#5042=VERTEX_POINT('',#9951);
#5043=VERTEX_POINT('',#9955);
#5044=VERTEX_POINT('',#9957);
#5045=VERTEX_POINT('',#9963);
#5046=VERTEX_POINT('',#9964);
#5047=VERTEX_POINT('',#9968);
#5048=VERTEX_POINT('',#9970);
#5049=VERTEX_POINT('',#9974);
#5050=VERTEX_POINT('',#9976);
#5051=VERTEX_POINT('',#9980);
#5052=VERTEX_POINT('',#9984);
#5053=VERTEX_POINT('',#9986);
#5054=VERTEX_POINT('',#9990);
#5055=VERTEX_POINT('',#9992);
#5056=VERTEX_POINT('',#9996);
#5057=VERTEX_POINT('',#9998);
#5058=VERTEX_POINT('',#10002);
#5059=VERTEX_POINT('',#10004);
#5060=VERTEX_POINT('',#10008);
#5061=VERTEX_POINT('',#10010);
#5062=VERTEX_POINT('',#10012);
#5063=VERTEX_POINT('',#10016);
#5064=VERTEX_POINT('',#10018);
#5065=VERTEX_POINT('',#10022);
#5066=VERTEX_POINT('',#10024);
#5067=VERTEX_POINT('',#10030);
#5068=VERTEX_POINT('',#10031);
#5069=VERTEX_POINT('',#10035);
#5070=VERTEX_POINT('',#10039);
#5071=VERTEX_POINT('',#10043);
#5072=VERTEX_POINT('',#10045);
#5073=VERTEX_POINT('',#10049);
#5074=VERTEX_POINT('',#10051);
#5075=VERTEX_POINT('',#10055);
#5076=VERTEX_POINT('',#10057);
#5077=VERTEX_POINT('',#10061);
#5078=VERTEX_POINT('',#10065);
#5079=VERTEX_POINT('',#10067);
#5080=VERTEX_POINT('',#10071);
#5081=VERTEX_POINT('',#10073);
#5082=VERTEX_POINT('',#10077);
#5083=VERTEX_POINT('',#10081);
#5084=VERTEX_POINT('',#10085);
#5085=VERTEX_POINT('',#10089);
#5086=VERTEX_POINT('',#10091);
#5087=VERTEX_POINT('',#10095);
#5088=VERTEX_POINT('',#10097);
#5089=VERTEX_POINT('',#10101);
#5090=VERTEX_POINT('',#10103);
#5091=VERTEX_POINT('',#10107);
#5092=VERTEX_POINT('',#10111);
#5093=VERTEX_POINT('',#10113);
#5094=VERTEX_POINT('',#10119);
#5095=VERTEX_POINT('',#10120);
#5096=VERTEX_POINT('',#10124);
#5097=VERTEX_POINT('',#10126);
#5098=VERTEX_POINT('',#10130);
#5099=VERTEX_POINT('',#10134);
#5100=VERTEX_POINT('',#10136);
#5101=VERTEX_POINT('',#10140);
#5102=VERTEX_POINT('',#10144);
#5103=VERTEX_POINT('',#10146);
#5104=VERTEX_POINT('',#10150);
#5105=VERTEX_POINT('',#10152);
#5106=VERTEX_POINT('',#10156);
#5107=VERTEX_POINT('',#10160);
#5108=VERTEX_POINT('',#10162);
#5109=VERTEX_POINT('',#10166);
#5110=VERTEX_POINT('',#10168);
#5111=VERTEX_POINT('',#10172);
#5112=VERTEX_POINT('',#10176);
#5113=VERTEX_POINT('',#10178);
#5114=VERTEX_POINT('',#10182);
#5115=VERTEX_POINT('',#10184);
#5116=VERTEX_POINT('',#10188);
#5117=VERTEX_POINT('',#10190);
#5118=VERTEX_POINT('',#10194);
#5119=VERTEX_POINT('',#10196);
#5120=VERTEX_POINT('',#10200);
#5121=VERTEX_POINT('',#10202);
#5122=VERTEX_POINT('',#10206);
#5123=VERTEX_POINT('',#10208);
#5124=VERTEX_POINT('',#10212);
#5125=VERTEX_POINT('',#10214);
#5126=VERTEX_POINT('',#10218);
#5127=VERTEX_POINT('',#10224);
#5128=VERTEX_POINT('',#10225);
#5129=VERTEX_POINT('',#10229);
#5130=VERTEX_POINT('',#10231);
#5131=VERTEX_POINT('',#10235);
#5132=VERTEX_POINT('',#10237);
#5133=VERTEX_POINT('',#10241);
#5134=VERTEX_POINT('',#10243);
#5135=VERTEX_POINT('',#10249);
#5136=VERTEX_POINT('',#10250);
#5137=VERTEX_POINT('',#10254);
#5138=VERTEX_POINT('',#10256);
#5139=VERTEX_POINT('',#10260);
#5140=VERTEX_POINT('',#10264);
#5141=VERTEX_POINT('',#10266);
#5142=VERTEX_POINT('',#10270);
#5143=VERTEX_POINT('',#10274);
#5144=VERTEX_POINT('',#10276);
#5145=VERTEX_POINT('',#10278);
#5146=VERTEX_POINT('',#10282);
#5147=VERTEX_POINT('',#10284);
#5148=VERTEX_POINT('',#10286);
#5149=VERTEX_POINT('',#10290);
#5150=VERTEX_POINT('',#10292);
#5151=VERTEX_POINT('',#10298);
#5152=VERTEX_POINT('',#10299);
#5153=VERTEX_POINT('',#10303);
#5154=VERTEX_POINT('',#10307);
#5155=VERTEX_POINT('',#10309);
#5156=VERTEX_POINT('',#10313);
#5157=VERTEX_POINT('',#10317);
#5158=VERTEX_POINT('',#10319);
#5159=VERTEX_POINT('',#10323);
#5160=VERTEX_POINT('',#10327);
#5161=VERTEX_POINT('',#10329);
#5162=VERTEX_POINT('',#10333);
#5163=VERTEX_POINT('',#10339);
#5164=VERTEX_POINT('',#10340);
#5165=VERTEX_POINT('',#10345);
#5166=VERTEX_POINT('',#10358);
#5167=VERTEX_POINT('',#10362);
#5168=VERTEX_POINT('',#10366);
#5169=VERTEX_POINT('',#10379);
#5170=VERTEX_POINT('',#10392);
#5171=VERTEX_POINT('',#10396);
#5172=VERTEX_POINT('',#10409);
#5173=VERTEX_POINT('',#10422);
#5174=VERTEX_POINT('',#10426);
#5175=VERTEX_POINT('',#10430);
#5176=VERTEX_POINT('',#10443);
#5177=VERTEX_POINT('',#10447);
#5178=VERTEX_POINT('',#10451);
#5179=VERTEX_POINT('',#10464);
#5180=VERTEX_POINT('',#10468);
#5181=VERTEX_POINT('',#10481);
#5182=VERTEX_POINT('',#10485);
#5183=VERTEX_POINT('',#10498);
#5184=VERTEX_POINT('',#10502);
#5185=VERTEX_POINT('',#10526);
#5186=VERTEX_POINT('',#10527);
#5187=VERTEX_POINT('',#10532);
#5188=VERTEX_POINT('',#10545);
#5189=VERTEX_POINT('',#10549);
#5190=VERTEX_POINT('',#10562);
#5191=VERTEX_POINT('',#10575);
#5192=VERTEX_POINT('',#10579);
#5193=VERTEX_POINT('',#10592);
#5194=VERTEX_POINT('',#10596);
#5195=VERTEX_POINT('',#10609);
#5196=VERTEX_POINT('',#10613);
#5197=VERTEX_POINT('',#10626);
#5198=VERTEX_POINT('',#10639);
#5199=VERTEX_POINT('',#10643);
#5200=VERTEX_POINT('',#10656);
#5201=VERTEX_POINT('',#10669);
#5202=VERTEX_POINT('',#10673);
#5203=VERTEX_POINT('',#10686);
#5204=VERTEX_POINT('',#10699);
#5205=VERTEX_POINT('',#10703);
#5206=VERTEX_POINT('',#10727);
#5207=VERTEX_POINT('',#10728);
#5208=VERTEX_POINT('',#10733);
#5209=VERTEX_POINT('',#10737);
#5210=VERTEX_POINT('',#10750);
#5211=VERTEX_POINT('',#10754);
#5212=VERTEX_POINT('',#10767);
#5213=VERTEX_POINT('',#10771);
#5214=VERTEX_POINT('',#10784);
#5215=VERTEX_POINT('',#10788);
#5216=VERTEX_POINT('',#10801);
#5217=VERTEX_POINT('',#10814);
#5218=VERTEX_POINT('',#10818);
#5219=VERTEX_POINT('',#10831);
#5220=VERTEX_POINT('',#10844);
#5221=VERTEX_POINT('',#10848);
#5222=VERTEX_POINT('',#10863);
#5223=VERTEX_POINT('',#10864);
#5224=VERTEX_POINT('',#10869);
#5225=VERTEX_POINT('',#10873);
#5226=VERTEX_POINT('',#10886);
#5227=VERTEX_POINT('',#10890);
#5228=VERTEX_POINT('',#10903);
#5229=VERTEX_POINT('',#10907);
#5230=VERTEX_POINT('',#10920);
#5231=VERTEX_POINT('',#10924);
#5232=VERTEX_POINT('',#10937);
#5233=VERTEX_POINT('',#10941);
#5234=VERTEX_POINT('',#10954);
#5235=VERTEX_POINT('',#10958);
#5236=VERTEX_POINT('',#10971);
#5237=VERTEX_POINT('',#10984);
#5238=VERTEX_POINT('',#10988);
#5239=VERTEX_POINT('',#11001);
#5240=VERTEX_POINT('',#11005);
#5241=VERTEX_POINT('',#11018);
#5242=VERTEX_POINT('',#11022);
#5243=VERTEX_POINT('',#11035);
#5244=VERTEX_POINT('',#11048);
#5245=VERTEX_POINT('',#11052);
#5246=VERTEX_POINT('',#11067);
#5247=VERTEX_POINT('',#11068);
#5248=VERTEX_POINT('',#11073);
#5249=VERTEX_POINT('',#11086);
#5250=VERTEX_POINT('',#11090);
#5251=VERTEX_POINT('',#11103);
#5252=VERTEX_POINT('',#11116);
#5253=VERTEX_POINT('',#11120);
#5254=VERTEX_POINT('',#11133);
#5255=VERTEX_POINT('',#11137);
#5256=VERTEX_POINT('',#11150);
#5257=VERTEX_POINT('',#11154);
#5258=VERTEX_POINT('',#11167);
#5259=VERTEX_POINT('',#11180);
#5260=VERTEX_POINT('',#11184);
#5261=VERTEX_POINT('',#11197);
#5262=VERTEX_POINT('',#11210);
#5263=VERTEX_POINT('',#11214);
#5264=VERTEX_POINT('',#11227);
#5265=VERTEX_POINT('',#11240);
#5266=VERTEX_POINT('',#11244);
#5267=VERTEX_POINT('',#11259);
#5268=VERTEX_POINT('',#11260);
#5269=VERTEX_POINT('',#11274);
#5270=VERTEX_POINT('',#11287);
#5271=VERTEX_POINT('',#11291);
#5272=VERTEX_POINT('',#11304);
#5273=VERTEX_POINT('',#11317);
#5274=VERTEX_POINT('',#11321);
#5275=VERTEX_POINT('',#11325);
#5276=VERTEX_POINT('',#11338);
#5277=VERTEX_POINT('',#11342);
#5278=VERTEX_POINT('',#11346);
#5279=VERTEX_POINT('',#11359);
#5280=VERTEX_POINT('',#11363);
#5281=VERTEX_POINT('',#11376);
#5282=VERTEX_POINT('',#11380);
#5283=VERTEX_POINT('',#11395);
#5284=VERTEX_POINT('',#11396);
#5285=VERTEX_POINT('',#11401);
#5286=VERTEX_POINT('',#11414);
#5287=VERTEX_POINT('',#11418);
#5288=VERTEX_POINT('',#11422);
#5289=VERTEX_POINT('',#11435);
#5290=VERTEX_POINT('',#11448);
#5291=VERTEX_POINT('',#11452);
#5292=VERTEX_POINT('',#11465);
#5293=VERTEX_POINT('',#11478);
#5294=VERTEX_POINT('',#11482);
#5295=VERTEX_POINT('',#11486);
#5296=VERTEX_POINT('',#11499);
#5297=VERTEX_POINT('',#11503);
#5298=VERTEX_POINT('',#11507);
#5299=VERTEX_POINT('',#11520);
#5300=VERTEX_POINT('',#11524);
#5301=VERTEX_POINT('',#11537);
#5302=VERTEX_POINT('',#11541);
#5303=VERTEX_POINT('',#11554);
#5304=VERTEX_POINT('',#11558);
#5305=VERTEX_POINT('',#11573);
#5306=VERTEX_POINT('',#11574);
#5307=VERTEX_POINT('',#11588);
#5308=VERTEX_POINT('',#11592);
#5309=VERTEX_POINT('',#11605);
#5310=VERTEX_POINT('',#11618);
#5311=VERTEX_POINT('',#11622);
#5312=VERTEX_POINT('',#11635);
#5313=VERTEX_POINT('',#11639);
#5314=VERTEX_POINT('',#11652);
#5315=VERTEX_POINT('',#11656);
#5316=VERTEX_POINT('',#11669);
#5317=VERTEX_POINT('',#11673);
#5318=VERTEX_POINT('',#11686);
#5319=VERTEX_POINT('',#11690);
#5320=VERTEX_POINT('',#11694);
#5321=VERTEX_POINT('',#11707);
#5322=VERTEX_POINT('',#11711);
#5323=VERTEX_POINT('',#11724);
#5324=VERTEX_POINT('',#11728);
#5325=VERTEX_POINT('',#11741);
#5326=VERTEX_POINT('',#11745);
#5327=VERTEX_POINT('',#11769);
#5328=VERTEX_POINT('',#11770);
#5329=VERTEX_POINT('',#11784);
#5330=VERTEX_POINT('',#11788);
#5331=VERTEX_POINT('',#11801);
#5332=VERTEX_POINT('',#11805);
#5333=VERTEX_POINT('',#11818);
#5334=VERTEX_POINT('',#11822);
#5335=VERTEX_POINT('',#11835);
#5336=VERTEX_POINT('',#11848);
#5337=VERTEX_POINT('',#11852);
#5338=VERTEX_POINT('',#11865);
#5339=VERTEX_POINT('',#11869);
#5340=VERTEX_POINT('',#11882);
#5341=VERTEX_POINT('',#11895);
#5342=VERTEX_POINT('',#11908);
#5343=VERTEX_POINT('',#11921);
#5344=VERTEX_POINT('',#11925);
#5345=VERTEX_POINT('',#11938);
#5346=VERTEX_POINT('',#11942);
#5347=VERTEX_POINT('',#11955);
#5348=VERTEX_POINT('',#11959);
#5349=VERTEX_POINT('',#11972);
#5350=VERTEX_POINT('',#11985);
#5351=VERTEX_POINT('',#11989);
#5352=VERTEX_POINT('',#12002);
#5353=VERTEX_POINT('',#12006);
#5354=VERTEX_POINT('',#12021);
#5355=VERTEX_POINT('',#12022);
#5356=VERTEX_POINT('',#12036);
#5357=VERTEX_POINT('',#12049);
#5358=VERTEX_POINT('',#12053);
#5359=VERTEX_POINT('',#12066);
#5360=VERTEX_POINT('',#12079);
#5361=VERTEX_POINT('',#12083);
#5362=VERTEX_POINT('',#12096);
#5363=VERTEX_POINT('',#12100);
#5364=VERTEX_POINT('',#12113);
#5365=VERTEX_POINT('',#12126);
#5366=VERTEX_POINT('',#12130);
#5367=VERTEX_POINT('',#12143);
#5368=VERTEX_POINT('',#12147);
#5369=VERTEX_POINT('',#12160);
#5370=VERTEX_POINT('',#12173);
#5371=VERTEX_POINT('',#12177);
#5372=VERTEX_POINT('',#12190);
#5373=VERTEX_POINT('',#12194);
#5374=VERTEX_POINT('',#12207);
#5375=VERTEX_POINT('',#12211);
#5376=VERTEX_POINT('',#12224);
#5377=VERTEX_POINT('',#12228);
#5378=VERTEX_POINT('',#12241);
#5379=VERTEX_POINT('',#12245);
#5380=VERTEX_POINT('',#12258);
#5381=VERTEX_POINT('',#12262);
#5382=VERTEX_POINT('',#12275);
#5383=VERTEX_POINT('',#12279);
#5384=VERTEX_POINT('',#12292);
#5385=VERTEX_POINT('',#12305);
#5386=VERTEX_POINT('',#12309);
#5387=VERTEX_POINT('',#12324);
#5388=VERTEX_POINT('',#12325);
#5389=VERTEX_POINT('',#12339);
#5390=VERTEX_POINT('',#12343);
#5391=VERTEX_POINT('',#12356);
#5392=VERTEX_POINT('',#12360);
#5393=VERTEX_POINT('',#12373);
#5394=VERTEX_POINT('',#12377);
#5395=VERTEX_POINT('',#12392);
#5396=VERTEX_POINT('',#12393);
#5397=VERTEX_POINT('',#12407);
#5398=VERTEX_POINT('',#12420);
#5399=VERTEX_POINT('',#12424);
#5400=VERTEX_POINT('',#12437);
#5401=VERTEX_POINT('',#12450);
#5402=VERTEX_POINT('',#12454);
#5403=VERTEX_POINT('',#12458);
#5404=VERTEX_POINT('',#12471);
#5405=VERTEX_POINT('',#12475);
#5406=VERTEX_POINT('',#12479);
#5407=VERTEX_POINT('',#12492);
#5408=VERTEX_POINT('',#12496);
#5409=VERTEX_POINT('',#12509);
#5410=VERTEX_POINT('',#12513);
#5411=VERTEX_POINT('',#12537);
#5412=VERTEX_POINT('',#12538);
#5413=VERTEX_POINT('',#12543);
#5414=VERTEX_POINT('',#12556);
#5415=VERTEX_POINT('',#12569);
#5416=VERTEX_POINT('',#12573);
#5417=VERTEX_POINT('',#12586);
#5418=VERTEX_POINT('',#12599);
#5419=VERTEX_POINT('',#12603);
#5420=VERTEX_POINT('',#12616);
#5421=VERTEX_POINT('',#12629);
#5422=VERTEX_POINT('',#12633);
#5423=VERTEX_POINT('',#12648);
#5424=VERTEX_POINT('',#12649);
#5425=VERTEX_POINT('',#12651);
#5426=VERTEX_POINT('',#12653);
#5427=VERTEX_POINT('',#12657);
#5428=VERTEX_POINT('',#12659);
#5429=VERTEX_POINT('',#12663);
#5430=VERTEX_POINT('',#12665);
#5431=VERTEX_POINT('',#12669);
#5432=VERTEX_POINT('',#12670);
#5433=VERTEX_POINT('',#12672);
#5434=VERTEX_POINT('',#12674);
#5435=VERTEX_POINT('',#12676);
#5436=VERTEX_POINT('',#12678);
#5437=VERTEX_POINT('',#12682);
#5438=VERTEX_POINT('',#12684);
#5439=VERTEX_POINT('',#12688);
#5440=VERTEX_POINT('',#12692);
#5441=VERTEX_POINT('',#12693);
#5442=VERTEX_POINT('',#12698);
#5443=VERTEX_POINT('',#12704);
#5444=VERTEX_POINT('',#12706);
#5445=VERTEX_POINT('',#12710);
#5446=VERTEX_POINT('',#12711);
#5447=B_SPLINE_CURVE_WITH_KNOTS('',2,(#8473,#8474,#8475),.UNSPECIFIED.,
 .F.,.F.,(3,3),(0.,1.),.PIECEWISE_BEZIER_KNOTS.);
#5448=B_SPLINE_CURVE_WITH_KNOTS('',2,(#8480,#8481,#8482),.UNSPECIFIED.,
 .F.,.F.,(3,3),(0.,1.),.PIECEWISE_BEZIER_KNOTS.);
#5449=B_SPLINE_CURVE_WITH_KNOTS('',2,(#8484,#8485,#8486),.UNSPECIFIED.,
 .F.,.F.,(3,3),(0.,1.),.PIECEWISE_BEZIER_KNOTS.);
#5450=B_SPLINE_CURVE_WITH_KNOTS('',2,(#8490,#8491,#8492),.UNSPECIFIED.,
 .F.,.F.,(3,3),(0.,1.),.PIECEWISE_BEZIER_KNOTS.);
#5451=B_SPLINE_CURVE_WITH_KNOTS('',2,(#8494,#8495,#8496),.UNSPECIFIED.,
 .F.,.F.,(3,3),(0.,1.),.PIECEWISE_BEZIER_KNOTS.);
#5452=B_SPLINE_CURVE_WITH_KNOTS('',2,(#8500,#8501,#8502),.UNSPECIFIED.,
 .F.,.F.,(3,3),(0.,1.),.PIECEWISE_BEZIER_KNOTS.);
#5453=B_SPLINE_CURVE_WITH_KNOTS('',2,(#8506,#8507,#8508),.UNSPECIFIED.,
 .F.,.F.,(3,3),(0.,1.),.PIECEWISE_BEZIER_KNOTS.);
#5454=B_SPLINE_CURVE_WITH_KNOTS('',2,(#8513,#8514,#8515),.UNSPECIFIED.,
 .F.,.F.,(3,3),(0.,1.),.PIECEWISE_BEZIER_KNOTS.);
#5455=B_SPLINE_CURVE_WITH_KNOTS('',2,(#8519,#8520,#8521),.UNSPECIFIED.,
 .F.,.F.,(3,3),(0.,1.),.PIECEWISE_BEZIER_KNOTS.);
#5456=B_SPLINE_CURVE_WITH_KNOTS('',2,(#8523,#8524,#8525),.UNSPECIFIED.,
 .F.,.F.,(3,3),(0.,1.),.PIECEWISE_BEZIER_KNOTS.);
#5457=B_SPLINE_CURVE_WITH_KNOTS('',2,(#8529,#8530,#8531),.UNSPECIFIED.,
 .F.,.F.,(3,3),(0.,1.),.PIECEWISE_BEZIER_KNOTS.);
#5458=B_SPLINE_CURVE_WITH_KNOTS('',2,(#8533,#8534,#8535),.UNSPECIFIED.,
 .F.,.F.,(3,3),(0.,1.),.PIECEWISE_BEZIER_KNOTS.);
#5459=B_SPLINE_CURVE_WITH_KNOTS('',2,(#8539,#8540,#8541),.UNSPECIFIED.,
 .F.,.F.,(3,3),(0.,1.),.PIECEWISE_BEZIER_KNOTS.);
#5460=B_SPLINE_CURVE_WITH_KNOTS('',2,(#8546,#8547,#8548),.UNSPECIFIED.,
 .F.,.F.,(3,3),(0.,1.),.PIECEWISE_BEZIER_KNOTS.);
#5461=B_SPLINE_CURVE_WITH_KNOTS('',2,(#8552,#8553,#8554),.UNSPECIFIED.,
 .F.,.F.,(3,3),(0.,1.),.PIECEWISE_BEZIER_KNOTS.);
#5462=B_SPLINE_CURVE_WITH_KNOTS('',2,(#8556,#8557,#8558),.UNSPECIFIED.,
 .F.,.F.,(3,3),(0.,1.),.PIECEWISE_BEZIER_KNOTS.);
#5463=B_SPLINE_CURVE_WITH_KNOTS('',2,(#8562,#8563,#8564),.UNSPECIFIED.,
 .F.,.F.,(3,3),(0.,1.),.PIECEWISE_BEZIER_KNOTS.);
#5464=B_SPLINE_CURVE_WITH_KNOTS('',2,(#8566,#8567,#8568),.UNSPECIFIED.,
 .F.,.F.,(3,3),(0.,1.),.PIECEWISE_BEZIER_KNOTS.);
#5465=B_SPLINE_CURVE_WITH_KNOTS('',2,(#8572,#8573,#8574),.UNSPECIFIED.,
 .F.,.F.,(3,3),(0.,1.),.PIECEWISE_BEZIER_KNOTS.);
#5466=B_SPLINE_CURVE_WITH_KNOTS('',2,(#8579,#8580,#8581),.UNSPECIFIED.,
 .F.,.F.,(3,3),(0.,1.),.PIECEWISE_BEZIER_KNOTS.);
#5467=B_SPLINE_CURVE_WITH_KNOTS('',2,(#8585,#8586,#8587),.UNSPECIFIED.,
 .F.,.F.,(3,3),(0.,1.),.PIECEWISE_BEZIER_KNOTS.);
#5468=B_SPLINE_CURVE_WITH_KNOTS('',2,(#8589,#8590,#8591),.UNSPECIFIED.,
 .F.,.F.,(3,3),(0.,1.),.PIECEWISE_BEZIER_KNOTS.);
#5469=B_SPLINE_CURVE_WITH_KNOTS('',2,(#8595,#8596,#8597),.UNSPECIFIED.,
 .F.,.F.,(3,3),(0.,1.),.PIECEWISE_BEZIER_KNOTS.);
#5470=B_SPLINE_CURVE_WITH_KNOTS('',2,(#8599,#8600,#8601),.UNSPECIFIED.,
 .F.,.F.,(3,3),(0.,1.),.PIECEWISE_BEZIER_KNOTS.);
#5471=B_SPLINE_CURVE_WITH_KNOTS('',2,(#8605,#8606,#8607),.UNSPECIFIED.,
 .F.,.F.,(3,3),(0.,1.),.PIECEWISE_BEZIER_KNOTS.);
#5472=B_SPLINE_CURVE_WITH_KNOTS('',2,(#8612,#8613,#8614),.UNSPECIFIED.,
 .F.,.F.,(3,3),(0.,1.),.PIECEWISE_BEZIER_KNOTS.);
#5473=B_SPLINE_CURVE_WITH_KNOTS('',2,(#8616,#8617,#8618),.UNSPECIFIED.,
 .F.,.F.,(3,3),(0.,1.),.PIECEWISE_BEZIER_KNOTS.);
#5474=B_SPLINE_CURVE_WITH_KNOTS('',2,(#8622,#8623,#8624),.UNSPECIFIED.,
 .F.,.F.,(3,3),(0.,1.),.PIECEWISE_BEZIER_KNOTS.);
#5475=B_SPLINE_CURVE_WITH_KNOTS('',2,(#8626,#8627,#8628),.UNSPECIFIED.,
 .F.,.F.,(3,3),(0.,1.),.PIECEWISE_BEZIER_KNOTS.);
#5476=B_SPLINE_CURVE_WITH_KNOTS('',2,(#8632,#8633,#8634),.UNSPECIFIED.,
 .F.,.F.,(3,3),(0.,1.),.PIECEWISE_BEZIER_KNOTS.);
#5477=B_SPLINE_CURVE_WITH_KNOTS('',2,(#8638,#8639,#8640),.UNSPECIFIED.,
 .F.,.F.,(3,3),(0.,1.),.PIECEWISE_BEZIER_KNOTS.);
#5478=B_SPLINE_CURVE_WITH_KNOTS('',2,(#8645,#8646,#8647),.UNSPECIFIED.,
 .F.,.F.,(3,3),(0.,1.),.PIECEWISE_BEZIER_KNOTS.);
#5479=B_SPLINE_CURVE_WITH_KNOTS('',2,(#8649,#8650,#8651),.UNSPECIFIED.,
 .F.,.F.,(3,3),(0.,1.),.PIECEWISE_BEZIER_KNOTS.);
#5480=B_SPLINE_CURVE_WITH_KNOTS('',2,(#8655,#8656,#8657),.UNSPECIFIED.,
 .F.,.F.,(3,3),(0.,1.),.PIECEWISE_BEZIER_KNOTS.);
#5481=B_SPLINE_CURVE_WITH_KNOTS('',2,(#8659,#8660,#8661),.UNSPECIFIED.,
 .F.,.F.,(3,3),(0.,1.),.PIECEWISE_BEZIER_KNOTS.);
#5482=B_SPLINE_CURVE_WITH_KNOTS('',2,(#8665,#8666,#8667),.UNSPECIFIED.,
 .F.,.F.,(3,3),(0.,1.),.PIECEWISE_BEZIER_KNOTS.);
#5483=B_SPLINE_CURVE_WITH_KNOTS('',2,(#8671,#8672,#8673),.UNSPECIFIED.,
 .F.,.F.,(3,3),(0.,1.),.PIECEWISE_BEZIER_KNOTS.);
#5484=B_SPLINE_CURVE_WITH_KNOTS('',2,(#8678,#8679,#8680),.UNSPECIFIED.,
 .F.,.F.,(3,3),(0.,1.),.PIECEWISE_BEZIER_KNOTS.);
#5485=B_SPLINE_CURVE_WITH_KNOTS('',2,(#8682,#8683,#8684),.UNSPECIFIED.,
 .F.,.F.,(3,3),(0.,1.),.PIECEWISE_BEZIER_KNOTS.);
#5486=B_SPLINE_CURVE_WITH_KNOTS('',2,(#8688,#8689,#8690),.UNSPECIFIED.,
 .F.,.F.,(3,3),(0.,1.),.PIECEWISE_BEZIER_KNOTS.);
#5487=B_SPLINE_CURVE_WITH_KNOTS('',2,(#8692,#8693,#8694),.UNSPECIFIED.,
 .F.,.F.,(3,3),(0.,1.),.PIECEWISE_BEZIER_KNOTS.);
#5488=B_SPLINE_CURVE_WITH_KNOTS('',2,(#8698,#8699,#8700),.UNSPECIFIED.,
 .F.,.F.,(3,3),(0.,1.),.PIECEWISE_BEZIER_KNOTS.);
#5489=B_SPLINE_CURVE_WITH_KNOTS('',2,(#8704,#8705,#8706),.UNSPECIFIED.,
 .F.,.F.,(3,3),(0.,1.),.PIECEWISE_BEZIER_KNOTS.);
#5490=B_SPLINE_CURVE_WITH_KNOTS('',2,(#8711,#8712,#8713),.UNSPECIFIED.,
 .F.,.F.,(3,3),(0.,1.),.PIECEWISE_BEZIER_KNOTS.);
#5491=B_SPLINE_CURVE_WITH_KNOTS('',2,(#8715,#8716,#8717),.UNSPECIFIED.,
 .F.,.F.,(3,3),(0.,1.),.PIECEWISE_BEZIER_KNOTS.);
#5492=B_SPLINE_CURVE_WITH_KNOTS('',2,(#8721,#8722,#8723),.UNSPECIFIED.,
 .F.,.F.,(3,3),(0.,1.),.PIECEWISE_BEZIER_KNOTS.);
#5493=B_SPLINE_CURVE_WITH_KNOTS('',2,(#8725,#8726,#8727),.UNSPECIFIED.,
 .F.,.F.,(3,3),(0.,1.),.PIECEWISE_BEZIER_KNOTS.);
#5494=B_SPLINE_CURVE_WITH_KNOTS('',2,(#8731,#8732,#8733),.UNSPECIFIED.,
 .F.,.F.,(3,3),(0.,1.),.PIECEWISE_BEZIER_KNOTS.);
#5495=B_SPLINE_CURVE_WITH_KNOTS('',2,(#8735,#8736,#8737),.UNSPECIFIED.,
 .F.,.F.,(3,3),(0.,1.),.PIECEWISE_BEZIER_KNOTS.);
#5496=B_SPLINE_CURVE_WITH_KNOTS('',2,(#8741,#8742,#8743),.UNSPECIFIED.,
 .F.,.F.,(3,3),(0.,1.),.PIECEWISE_BEZIER_KNOTS.);
#5497=B_SPLINE_CURVE_WITH_KNOTS('',2,(#8754,#8755,#8756),.UNSPECIFIED.,
 .F.,.F.,(3,3),(0.,1.),.PIECEWISE_BEZIER_KNOTS.);
#5498=B_SPLINE_CURVE_WITH_KNOTS('',2,(#8767,#8768,#8769),.UNSPECIFIED.,
 .F.,.F.,(3,3),(0.,1.),.PIECEWISE_BEZIER_KNOTS.);
#5499=B_SPLINE_CURVE_WITH_KNOTS('',2,(#8784,#8785,#8786),.UNSPECIFIED.,
 .F.,.F.,(3,3),(0.,1.),.PIECEWISE_BEZIER_KNOTS.);
#5500=B_SPLINE_CURVE_WITH_KNOTS('',2,(#8797,#8798,#8799),.UNSPECIFIED.,
 .F.,.F.,(3,3),(0.,1.),.PIECEWISE_BEZIER_KNOTS.);
#5501=B_SPLINE_CURVE_WITH_KNOTS('',2,(#8814,#8815,#8816),.UNSPECIFIED.,
 .F.,.F.,(3,3),(0.,1.),.PIECEWISE_BEZIER_KNOTS.);
#5502=B_SPLINE_CURVE_WITH_KNOTS('',2,(#8831,#8832,#8833),.UNSPECIFIED.,
 .F.,.F.,(3,3),(0.,1.),.PIECEWISE_BEZIER_KNOTS.);
#5503=B_SPLINE_CURVE_WITH_KNOTS('',2,(#8848,#8849,#8850),.UNSPECIFIED.,
 .F.,.F.,(3,3),(0.,1.),.PIECEWISE_BEZIER_KNOTS.);
#5504=B_SPLINE_CURVE_WITH_KNOTS('',2,(#8865,#8866,#8867),.UNSPECIFIED.,
 .F.,.F.,(3,3),(0.,1.),.PIECEWISE_BEZIER_KNOTS.);
#5505=B_SPLINE_CURVE_WITH_KNOTS('',2,(#8878,#8879,#8880),.UNSPECIFIED.,
 .F.,.F.,(3,3),(0.,1.),.PIECEWISE_BEZIER_KNOTS.);
#5506=B_SPLINE_CURVE_WITH_KNOTS('',2,(#8895,#8896,#8897),.UNSPECIFIED.,
 .F.,.F.,(3,3),(0.,1.),.PIECEWISE_BEZIER_KNOTS.);
#5507=B_SPLINE_CURVE_WITH_KNOTS('',2,(#8908,#8909,#8910),.UNSPECIFIED.,
 .F.,.F.,(3,3),(0.,1.),.PIECEWISE_BEZIER_KNOTS.);
#5508=B_SPLINE_CURVE_WITH_KNOTS('',2,(#8925,#8926,#8927),.UNSPECIFIED.,
 .F.,.F.,(3,3),(0.,1.),.PIECEWISE_BEZIER_KNOTS.);
#5509=B_SPLINE_CURVE_WITH_KNOTS('',2,(#8942,#8943,#8944),.UNSPECIFIED.,
 .F.,.F.,(3,3),(0.,1.),.PIECEWISE_BEZIER_KNOTS.);
#5510=B_SPLINE_CURVE_WITH_KNOTS('',2,(#8959,#8960,#8961),.UNSPECIFIED.,
 .F.,.F.,(3,3),(0.,1.),.PIECEWISE_BEZIER_KNOTS.);
#5511=B_SPLINE_CURVE_WITH_KNOTS('',2,(#8972,#8973,#8974),.UNSPECIFIED.,
 .F.,.F.,(3,3),(0.,1.),.PIECEWISE_BEZIER_KNOTS.);
#5512=B_SPLINE_CURVE_WITH_KNOTS('',2,(#8989,#8990,#8991),.UNSPECIFIED.,
 .F.,.F.,(3,3),(0.,1.),.PIECEWISE_BEZIER_KNOTS.);
#5513=B_SPLINE_CURVE_WITH_KNOTS('',2,(#9002,#9003,#9004),.UNSPECIFIED.,
 .F.,.F.,(3,3),(0.,1.),.PIECEWISE_BEZIER_KNOTS.);
#5514=B_SPLINE_CURVE_WITH_KNOTS('',2,(#9019,#9020,#9021),.UNSPECIFIED.,
 .F.,.F.,(3,3),(0.,1.),.PIECEWISE_BEZIER_KNOTS.);
#5515=B_SPLINE_CURVE_WITH_KNOTS('',2,(#9036,#9037,#9038),.UNSPECIFIED.,
 .F.,.F.,(3,3),(0.,1.),.PIECEWISE_BEZIER_KNOTS.);
#5516=B_SPLINE_CURVE_WITH_KNOTS('',2,(#9053,#9054,#9055),.UNSPECIFIED.,
 .F.,.F.,(3,3),(0.,1.),.PIECEWISE_BEZIER_KNOTS.);
#5517=B_SPLINE_CURVE_WITH_KNOTS('',2,(#9066,#9067,#9068),.UNSPECIFIED.,
 .F.,.F.,(3,3),(0.,1.),.PIECEWISE_BEZIER_KNOTS.);
#5518=B_SPLINE_CURVE_WITH_KNOTS('',2,(#9083,#9084,#9085),.UNSPECIFIED.,
 .F.,.F.,(3,3),(0.,1.),.PIECEWISE_BEZIER_KNOTS.);
#5519=B_SPLINE_CURVE_WITH_KNOTS('',2,(#9096,#9097,#9098),.UNSPECIFIED.,
 .F.,.F.,(3,3),(0.,1.),.PIECEWISE_BEZIER_KNOTS.);
#5520=B_SPLINE_CURVE_WITH_KNOTS('',2,(#9113,#9114,#9115),.UNSPECIFIED.,
 .F.,.F.,(3,3),(0.,1.),.PIECEWISE_BEZIER_KNOTS.);
#5521=B_SPLINE_CURVE_WITH_KNOTS('',2,(#9130,#9131,#9132),.UNSPECIFIED.,
 .F.,.F.,(3,3),(0.,1.),.PIECEWISE_BEZIER_KNOTS.);
#5522=B_SPLINE_CURVE_WITH_KNOTS('',2,(#9143,#9144,#9145),.UNSPECIFIED.,
 .F.,.F.,(3,3),(0.,1.),.PIECEWISE_BEZIER_KNOTS.);
#5523=B_SPLINE_CURVE_WITH_KNOTS('',2,(#9160,#9161,#9162),.UNSPECIFIED.,
 .F.,.F.,(3,3),(0.,1.),.PIECEWISE_BEZIER_KNOTS.);
#5524=B_SPLINE_CURVE_WITH_KNOTS('',2,(#9173,#9174,#9175),.UNSPECIFIED.,
 .F.,.F.,(3,3),(0.,1.),.PIECEWISE_BEZIER_KNOTS.);
#5525=B_SPLINE_CURVE_WITH_KNOTS('',2,(#9190,#9191,#9192),.UNSPECIFIED.,
 .F.,.F.,(3,3),(0.,1.),.PIECEWISE_BEZIER_KNOTS.);
#5526=B_SPLINE_CURVE_WITH_KNOTS('',2,(#9207,#9208,#9209),.UNSPECIFIED.,
 .F.,.F.,(3,3),(0.,1.),.PIECEWISE_BEZIER_KNOTS.);
#5527=B_SPLINE_CURVE_WITH_KNOTS('',2,(#9224,#9225,#9226),.UNSPECIFIED.,
 .F.,.F.,(3,3),(0.,1.),.PIECEWISE_BEZIER_KNOTS.);
#5528=B_SPLINE_CURVE_WITH_KNOTS('',2,(#9237,#9238,#9239),.UNSPECIFIED.,
 .F.,.F.,(3,3),(0.,1.),.PIECEWISE_BEZIER_KNOTS.);
#5529=B_SPLINE_CURVE_WITH_KNOTS('',2,(#9254,#9255,#9256),.UNSPECIFIED.,
 .F.,.F.,(3,3),(0.,1.),.PIECEWISE_BEZIER_KNOTS.);
#5530=B_SPLINE_CURVE_WITH_KNOTS('',2,(#9267,#9268,#9269),.UNSPECIFIED.,
 .F.,.F.,(3,3),(0.,1.),.PIECEWISE_BEZIER_KNOTS.);
#5531=B_SPLINE_CURVE_WITH_KNOTS('',2,(#9284,#9285,#9286),.UNSPECIFIED.,
 .F.,.F.,(3,3),(0.,1.),.PIECEWISE_BEZIER_KNOTS.);
#5532=B_SPLINE_CURVE_WITH_KNOTS('',2,(#9301,#9302,#9303),.UNSPECIFIED.,
 .F.,.F.,(3,3),(0.,1.),.PIECEWISE_BEZIER_KNOTS.);
#5533=B_SPLINE_CURVE_WITH_KNOTS('',2,(#9318,#9319,#9320),.UNSPECIFIED.,
 .F.,.F.,(3,3),(0.,1.),.PIECEWISE_BEZIER_KNOTS.);
#5534=B_SPLINE_CURVE_WITH_KNOTS('',2,(#9331,#9332,#9333),.UNSPECIFIED.,
 .F.,.F.,(3,3),(0.,1.),.PIECEWISE_BEZIER_KNOTS.);
#5535=B_SPLINE_CURVE_WITH_KNOTS('',2,(#9348,#9349,#9350),.UNSPECIFIED.,
 .F.,.F.,(3,3),(0.,1.),.PIECEWISE_BEZIER_KNOTS.);
#5536=B_SPLINE_CURVE_WITH_KNOTS('',2,(#9361,#9362,#9363),.UNSPECIFIED.,
 .F.,.F.,(3,3),(0.,1.),.PIECEWISE_BEZIER_KNOTS.);
#5537=B_SPLINE_CURVE_WITH_KNOTS('',2,(#9378,#9379,#9380),.UNSPECIFIED.,
 .F.,.F.,(3,3),(0.,1.),.PIECEWISE_BEZIER_KNOTS.);
#5538=B_SPLINE_CURVE_WITH_KNOTS('',2,(#9395,#9396,#9397),.UNSPECIFIED.,
 .F.,.F.,(3,3),(0.,1.),.PIECEWISE_BEZIER_KNOTS.);
#5539=B_SPLINE_CURVE_WITH_KNOTS('',2,(#9412,#9413,#9414),.UNSPECIFIED.,
 .F.,.F.,(3,3),(0.,1.),.PIECEWISE_BEZIER_KNOTS.);
#5540=B_SPLINE_CURVE_WITH_KNOTS('',2,(#9425,#9426,#9427),.UNSPECIFIED.,
 .F.,.F.,(3,3),(0.,1.),.PIECEWISE_BEZIER_KNOTS.);
#5541=B_SPLINE_CURVE_WITH_KNOTS('',2,(#9442,#9443,#9444),.UNSPECIFIED.,
 .F.,.F.,(3,3),(0.,1.),.PIECEWISE_BEZIER_KNOTS.);
#5542=B_SPLINE_CURVE_WITH_KNOTS('',2,(#9455,#9456,#9457),.UNSPECIFIED.,
 .F.,.F.,(3,3),(0.,1.),.PIECEWISE_BEZIER_KNOTS.);
#5543=B_SPLINE_CURVE_WITH_KNOTS('',2,(#9472,#9473,#9474),.UNSPECIFIED.,
 .F.,.F.,(3,3),(0.,1.),.PIECEWISE_BEZIER_KNOTS.);
#5544=B_SPLINE_CURVE_WITH_KNOTS('',2,(#9485,#9486,#9487),.UNSPECIFIED.,
 .F.,.F.,(3,3),(0.,1.),.PIECEWISE_BEZIER_KNOTS.);
#5545=B_SPLINE_CURVE_WITH_KNOTS('',2,(#9502,#9503,#9504),.UNSPECIFIED.,
 .F.,.F.,(3,3),(0.,1.),.PIECEWISE_BEZIER_KNOTS.);
#5546=B_SPLINE_CURVE_WITH_KNOTS('',2,(#9515,#9516,#9517),.UNSPECIFIED.,
 .F.,.F.,(3,3),(0.,1.),.PIECEWISE_BEZIER_KNOTS.);
#5547=B_SPLINE_CURVE_WITH_KNOTS('',2,(#9526,#9527,#9528),.UNSPECIFIED.,
 .F.,.F.,(3,3),(0.,1.),.PIECEWISE_BEZIER_KNOTS.);
#5548=B_SPLINE_CURVE_WITH_KNOTS('',2,(#9534,#9535,#9536),.UNSPECIFIED.,
 .F.,.F.,(3,3),(0.,1.),.PIECEWISE_BEZIER_KNOTS.);
#5549=B_SPLINE_CURVE_WITH_KNOTS('',2,(#9542,#9543,#9544),.UNSPECIFIED.,
 .F.,.F.,(3,3),(0.,1.),.PIECEWISE_BEZIER_KNOTS.);
#5550=B_SPLINE_CURVE_WITH_KNOTS('',2,(#9546,#9547,#9548),.UNSPECIFIED.,
 .F.,.F.,(3,3),(0.,1.),.PIECEWISE_BEZIER_KNOTS.);
#5551=B_SPLINE_CURVE_WITH_KNOTS('',2,(#9552,#9553,#9554),.UNSPECIFIED.,
 .F.,.F.,(3,3),(0.,1.),.PIECEWISE_BEZIER_KNOTS.);
#5552=B_SPLINE_CURVE_WITH_KNOTS('',2,(#9556,#9557,#9558),.UNSPECIFIED.,
 .F.,.F.,(3,3),(0.,1.),.PIECEWISE_BEZIER_KNOTS.);
#5553=B_SPLINE_CURVE_WITH_KNOTS('',2,(#9564,#9565,#9566),.UNSPECIFIED.,
 .F.,.F.,(3,3),(0.,1.),.PIECEWISE_BEZIER_KNOTS.);
#5554=B_SPLINE_CURVE_WITH_KNOTS('',2,(#9572,#9573,#9574),.UNSPECIFIED.,
 .F.,.F.,(3,3),(0.,1.),.PIECEWISE_BEZIER_KNOTS.);
#5555=B_SPLINE_CURVE_WITH_KNOTS('',2,(#9578,#9579,#9580),.UNSPECIFIED.,
 .F.,.F.,(3,3),(0.,1.),.PIECEWISE_BEZIER_KNOTS.);
#5556=B_SPLINE_CURVE_WITH_KNOTS('',2,(#9584,#9585,#9586),.UNSPECIFIED.,
 .F.,.F.,(3,3),(0.,1.),.PIECEWISE_BEZIER_KNOTS.);
#5557=B_SPLINE_CURVE_WITH_KNOTS('',2,(#9591,#9592,#9593),.UNSPECIFIED.,
 .F.,.F.,(3,3),(0.,1.),.PIECEWISE_BEZIER_KNOTS.);
#5558=B_SPLINE_CURVE_WITH_KNOTS('',2,(#9595,#9596,#9597),.UNSPECIFIED.,
 .F.,.F.,(3,3),(0.,1.),.PIECEWISE_BEZIER_KNOTS.);
#5559=B_SPLINE_CURVE_WITH_KNOTS('',2,(#9601,#9602,#9603),.UNSPECIFIED.,
 .F.,.F.,(3,3),(0.,1.),.PIECEWISE_BEZIER_KNOTS.);
#5560=B_SPLINE_CURVE_WITH_KNOTS('',2,(#9607,#9608,#9609),.UNSPECIFIED.,
 .F.,.F.,(3,3),(0.,1.),.PIECEWISE_BEZIER_KNOTS.);
#5561=B_SPLINE_CURVE_WITH_KNOTS('',2,(#9611,#9612,#9613),.UNSPECIFIED.,
 .F.,.F.,(3,3),(0.,1.),.PIECEWISE_BEZIER_KNOTS.);
#5562=B_SPLINE_CURVE_WITH_KNOTS('',2,(#9617,#9618,#9619),.UNSPECIFIED.,
 .F.,.F.,(3,3),(0.,1.),.PIECEWISE_BEZIER_KNOTS.);
#5563=B_SPLINE_CURVE_WITH_KNOTS('',2,(#9623,#9624,#9625),.UNSPECIFIED.,
 .F.,.F.,(3,3),(0.,1.),.PIECEWISE_BEZIER_KNOTS.);
#5564=B_SPLINE_CURVE_WITH_KNOTS('',2,(#9629,#9630,#9631),.UNSPECIFIED.,
 .F.,.F.,(3,3),(0.,1.),.PIECEWISE_BEZIER_KNOTS.);
#5565=B_SPLINE_CURVE_WITH_KNOTS('',2,(#9633,#9634,#9635),.UNSPECIFIED.,
 .F.,.F.,(3,3),(0.,1.),.PIECEWISE_BEZIER_KNOTS.);
#5566=B_SPLINE_CURVE_WITH_KNOTS('',2,(#9639,#9640,#9641),.UNSPECIFIED.,
 .F.,.F.,(3,3),(0.,1.),.PIECEWISE_BEZIER_KNOTS.);
#5567=B_SPLINE_CURVE_WITH_KNOTS('',2,(#9643,#9644,#9645),.UNSPECIFIED.,
 .F.,.F.,(3,3),(0.,1.),.PIECEWISE_BEZIER_KNOTS.);
#5568=B_SPLINE_CURVE_WITH_KNOTS('',2,(#9649,#9650,#9651),.UNSPECIFIED.,
 .F.,.F.,(3,3),(0.,1.),.PIECEWISE_BEZIER_KNOTS.);
#5569=B_SPLINE_CURVE_WITH_KNOTS('',2,(#9653,#9654,#9655),.UNSPECIFIED.,
 .F.,.F.,(3,3),(0.,1.),.PIECEWISE_BEZIER_KNOTS.);
#5570=B_SPLINE_CURVE_WITH_KNOTS('',2,(#9662,#9663,#9664),.UNSPECIFIED.,
 .F.,.F.,(3,3),(0.,1.),.PIECEWISE_BEZIER_KNOTS.);
#5571=B_SPLINE_CURVE_WITH_KNOTS('',2,(#9670,#9671,#9672),.UNSPECIFIED.,
 .F.,.F.,(3,3),(0.,1.),.PIECEWISE_BEZIER_KNOTS.);
#5572=B_SPLINE_CURVE_WITH_KNOTS('',2,(#9676,#9677,#9678),.UNSPECIFIED.,
 .F.,.F.,(3,3),(0.,1.),.PIECEWISE_BEZIER_KNOTS.);
#5573=B_SPLINE_CURVE_WITH_KNOTS('',2,(#9682,#9683,#9684),.UNSPECIFIED.,
 .F.,.F.,(3,3),(0.,1.),.PIECEWISE_BEZIER_KNOTS.);
#5574=B_SPLINE_CURVE_WITH_KNOTS('',2,(#9688,#9689,#9690),.UNSPECIFIED.,
 .F.,.F.,(3,3),(0.,1.),.PIECEWISE_BEZIER_KNOTS.);
#5575=B_SPLINE_CURVE_WITH_KNOTS('',2,(#9692,#9693,#9694),.UNSPECIFIED.,
 .F.,.F.,(3,3),(0.,1.),.PIECEWISE_BEZIER_KNOTS.);
#5576=B_SPLINE_CURVE_WITH_KNOTS('',2,(#9698,#9699,#9700),.UNSPECIFIED.,
 .F.,.F.,(3,3),(0.,1.),.PIECEWISE_BEZIER_KNOTS.);
#5577=B_SPLINE_CURVE_WITH_KNOTS('',2,(#9702,#9703,#9704),.UNSPECIFIED.,
 .F.,.F.,(3,3),(0.,1.),.PIECEWISE_BEZIER_KNOTS.);
#5578=B_SPLINE_CURVE_WITH_KNOTS('',2,(#9711,#9712,#9713),.UNSPECIFIED.,
 .F.,.F.,(3,3),(0.,1.),.PIECEWISE_BEZIER_KNOTS.);
#5579=B_SPLINE_CURVE_WITH_KNOTS('',2,(#9719,#9720,#9721),.UNSPECIFIED.,
 .F.,.F.,(3,3),(0.,1.),.PIECEWISE_BEZIER_KNOTS.);
#5580=B_SPLINE_CURVE_WITH_KNOTS('',2,(#9725,#9726,#9727),.UNSPECIFIED.,
 .F.,.F.,(3,3),(0.,1.),.PIECEWISE_BEZIER_KNOTS.);
#5581=B_SPLINE_CURVE_WITH_KNOTS('',2,(#9731,#9732,#9733),.UNSPECIFIED.,
 .F.,.F.,(3,3),(0.,1.),.PIECEWISE_BEZIER_KNOTS.);
#5582=B_SPLINE_CURVE_WITH_KNOTS('',2,(#9737,#9738,#9739),.UNSPECIFIED.,
 .F.,.F.,(3,3),(0.,1.),.PIECEWISE_BEZIER_KNOTS.);
#5583=B_SPLINE_CURVE_WITH_KNOTS('',2,(#9743,#9744,#9745),.UNSPECIFIED.,
 .F.,.F.,(3,3),(0.,1.),.PIECEWISE_BEZIER_KNOTS.);
#5584=B_SPLINE_CURVE_WITH_KNOTS('',2,(#9749,#9750,#9751),.UNSPECIFIED.,
 .F.,.F.,(3,3),(0.,1.),.PIECEWISE_BEZIER_KNOTS.);
#5585=B_SPLINE_CURVE_WITH_KNOTS('',2,(#9753,#9754,#9755),.UNSPECIFIED.,
 .F.,.F.,(3,3),(0.,1.),.PIECEWISE_BEZIER_KNOTS.);
#5586=B_SPLINE_CURVE_WITH_KNOTS('',2,(#9759,#9760,#9761),.UNSPECIFIED.,
 .F.,.F.,(3,3),(0.,1.),.PIECEWISE_BEZIER_KNOTS.);
#5587=B_SPLINE_CURVE_WITH_KNOTS('',2,(#9765,#9766,#9767),.UNSPECIFIED.,
 .F.,.F.,(3,3),(0.,1.),.PIECEWISE_BEZIER_KNOTS.);
#5588=B_SPLINE_CURVE_WITH_KNOTS('',2,(#9771,#9772,#9773),.UNSPECIFIED.,
 .F.,.F.,(3,3),(0.,1.),.PIECEWISE_BEZIER_KNOTS.);
#5589=B_SPLINE_CURVE_WITH_KNOTS('',2,(#9775,#9776,#9777),.UNSPECIFIED.,
 .F.,.F.,(3,3),(0.,1.),.PIECEWISE_BEZIER_KNOTS.);
#5590=B_SPLINE_CURVE_WITH_KNOTS('',2,(#9782,#9783,#9784),.UNSPECIFIED.,
 .F.,.F.,(3,3),(0.,1.),.PIECEWISE_BEZIER_KNOTS.);
#5591=B_SPLINE_CURVE_WITH_KNOTS('',2,(#9786,#9787,#9788),.UNSPECIFIED.,
 .F.,.F.,(3,3),(0.,1.),.PIECEWISE_BEZIER_KNOTS.);
#5592=B_SPLINE_CURVE_WITH_KNOTS('',2,(#9792,#9793,#9794),.UNSPECIFIED.,
 .F.,.F.,(3,3),(0.,1.),.PIECEWISE_BEZIER_KNOTS.);
#5593=B_SPLINE_CURVE_WITH_KNOTS('',2,(#9798,#9799,#9800),.UNSPECIFIED.,
 .F.,.F.,(3,3),(0.,1.),.PIECEWISE_BEZIER_KNOTS.);
#5594=B_SPLINE_CURVE_WITH_KNOTS('',2,(#9802,#9803,#9804),.UNSPECIFIED.,
 .F.,.F.,(3,3),(0.,1.),.PIECEWISE_BEZIER_KNOTS.);
#5595=B_SPLINE_CURVE_WITH_KNOTS('',2,(#9808,#9809,#9810),.UNSPECIFIED.,
 .F.,.F.,(3,3),(0.,1.),.PIECEWISE_BEZIER_KNOTS.);
#5596=B_SPLINE_CURVE_WITH_KNOTS('',2,(#9814,#9815,#9816),.UNSPECIFIED.,
 .F.,.F.,(3,3),(0.,1.),.PIECEWISE_BEZIER_KNOTS.);
#5597=B_SPLINE_CURVE_WITH_KNOTS('',2,(#9820,#9821,#9822),.UNSPECIFIED.,
 .F.,.F.,(3,3),(0.,1.),.PIECEWISE_BEZIER_KNOTS.);
#5598=B_SPLINE_CURVE_WITH_KNOTS('',2,(#9824,#9825,#9826),.UNSPECIFIED.,
 .F.,.F.,(3,3),(0.,1.),.PIECEWISE_BEZIER_KNOTS.);
#5599=B_SPLINE_CURVE_WITH_KNOTS('',2,(#9830,#9831,#9832),.UNSPECIFIED.,
 .F.,.F.,(3,3),(0.,1.),.PIECEWISE_BEZIER_KNOTS.);
#5600=B_SPLINE_CURVE_WITH_KNOTS('',2,(#9834,#9835,#9836),.UNSPECIFIED.,
 .F.,.F.,(3,3),(0.,1.),.PIECEWISE_BEZIER_KNOTS.);
#5601=B_SPLINE_CURVE_WITH_KNOTS('',2,(#9840,#9841,#9842),.UNSPECIFIED.,
 .F.,.F.,(3,3),(0.,1.),.PIECEWISE_BEZIER_KNOTS.);
#5602=B_SPLINE_CURVE_WITH_KNOTS('',2,(#9844,#9845,#9846),.UNSPECIFIED.,
 .F.,.F.,(3,3),(0.,1.),.PIECEWISE_BEZIER_KNOTS.);
#5603=B_SPLINE_CURVE_WITH_KNOTS('',2,(#9851,#9852,#9853),.UNSPECIFIED.,
 .F.,.F.,(3,3),(0.,1.),.PIECEWISE_BEZIER_KNOTS.);
#5604=B_SPLINE_CURVE_WITH_KNOTS('',2,(#9857,#9858,#9859),.UNSPECIFIED.,
 .F.,.F.,(3,3),(0.,1.),.PIECEWISE_BEZIER_KNOTS.);
#5605=B_SPLINE_CURVE_WITH_KNOTS('',2,(#9861,#9862,#9863),.UNSPECIFIED.,
 .F.,.F.,(3,3),(0.,1.),.PIECEWISE_BEZIER_KNOTS.);
#5606=B_SPLINE_CURVE_WITH_KNOTS('',2,(#9867,#9868,#9869),.UNSPECIFIED.,
 .F.,.F.,(3,3),(0.,1.),.PIECEWISE_BEZIER_KNOTS.);
#5607=B_SPLINE_CURVE_WITH_KNOTS('',2,(#9871,#9872,#9873),.UNSPECIFIED.,
 .F.,.F.,(3,3),(0.,1.),.PIECEWISE_BEZIER_KNOTS.);
#5608=B_SPLINE_CURVE_WITH_KNOTS('',2,(#9879,#9880,#9881),.UNSPECIFIED.,
 .F.,.F.,(3,3),(0.,1.),.PIECEWISE_BEZIER_KNOTS.);
#5609=B_SPLINE_CURVE_WITH_KNOTS('',2,(#9887,#9888,#9889),.UNSPECIFIED.,
 .F.,.F.,(3,3),(0.,1.),.PIECEWISE_BEZIER_KNOTS.);
#5610=B_SPLINE_CURVE_WITH_KNOTS('',2,(#9893,#9894,#9895),.UNSPECIFIED.,
 .F.,.F.,(3,3),(0.,1.),.PIECEWISE_BEZIER_KNOTS.);
#5611=B_SPLINE_CURVE_WITH_KNOTS('',2,(#9900,#9901,#9902),.UNSPECIFIED.,
 .F.,.F.,(3,3),(0.,1.),.PIECEWISE_BEZIER_KNOTS.);
#5612=B_SPLINE_CURVE_WITH_KNOTS('',2,(#9908,#9909,#9910),.UNSPECIFIED.,
 .F.,.F.,(3,3),(0.,1.),.PIECEWISE_BEZIER_KNOTS.);
#5613=B_SPLINE_CURVE_WITH_KNOTS('',2,(#9916,#9917,#9918),.UNSPECIFIED.,
 .F.,.F.,(3,3),(0.,1.),.PIECEWISE_BEZIER_KNOTS.);
#5614=B_SPLINE_CURVE_WITH_KNOTS('',2,(#9920,#9921,#9922),.UNSPECIFIED.,
 .F.,.F.,(3,3),(0.,1.),.PIECEWISE_BEZIER_KNOTS.);
#5615=B_SPLINE_CURVE_WITH_KNOTS('',2,(#9926,#9927,#9928),.UNSPECIFIED.,
 .F.,.F.,(3,3),(0.,1.),.PIECEWISE_BEZIER_KNOTS.);
#5616=B_SPLINE_CURVE_WITH_KNOTS('',2,(#9930,#9931,#9932),.UNSPECIFIED.,
 .F.,.F.,(3,3),(0.,1.),.PIECEWISE_BEZIER_KNOTS.);
#5617=B_SPLINE_CURVE_WITH_KNOTS('',2,(#9938,#9939,#9940),.UNSPECIFIED.,
 .F.,.F.,(3,3),(0.,1.),.PIECEWISE_BEZIER_KNOTS.);
#5618=B_SPLINE_CURVE_WITH_KNOTS('',2,(#9946,#9947,#9948),.UNSPECIFIED.,
 .F.,.F.,(3,3),(0.,1.),.PIECEWISE_BEZIER_KNOTS.);
#5619=B_SPLINE_CURVE_WITH_KNOTS('',2,(#9952,#9953,#9954),.UNSPECIFIED.,
 .F.,.F.,(3,3),(0.,1.),.PIECEWISE_BEZIER_KNOTS.);
#5620=B_SPLINE_CURVE_WITH_KNOTS('',2,(#9958,#9959,#9960),.UNSPECIFIED.,
 .F.,.F.,(3,3),(0.,1.),.PIECEWISE_BEZIER_KNOTS.);
#5621=B_SPLINE_CURVE_WITH_KNOTS('',2,(#9965,#9966,#9967),.UNSPECIFIED.,
 .F.,.F.,(3,3),(0.,1.),.PIECEWISE_BEZIER_KNOTS.);
#5622=B_SPLINE_CURVE_WITH_KNOTS('',2,(#9971,#9972,#9973),.UNSPECIFIED.,
 .F.,.F.,(3,3),(0.,1.),.PIECEWISE_BEZIER_KNOTS.);
#5623=B_SPLINE_CURVE_WITH_KNOTS('',2,(#9977,#9978,#9979),.UNSPECIFIED.,
 .F.,.F.,(3,3),(0.,1.),.PIECEWISE_BEZIER_KNOTS.);
#5624=B_SPLINE_CURVE_WITH_KNOTS('',2,(#9981,#9982,#9983),.UNSPECIFIED.,
 .F.,.F.,(3,3),(0.,1.),.PIECEWISE_BEZIER_KNOTS.);
#5625=B_SPLINE_CURVE_WITH_KNOTS('',2,(#9987,#9988,#9989),.UNSPECIFIED.,
 .F.,.F.,(3,3),(0.,1.),.PIECEWISE_BEZIER_KNOTS.);
#5626=B_SPLINE_CURVE_WITH_KNOTS('',2,(#9993,#9994,#9995),.UNSPECIFIED.,
 .F.,.F.,(3,3),(0.,1.),.PIECEWISE_BEZIER_KNOTS.);
#5627=B_SPLINE_CURVE_WITH_KNOTS('',2,(#9999,#10000,#10001),
 .UNSPECIFIED.,.F.,.F.,(3,3),(0.,1.),.PIECEWISE_BEZIER_KNOTS.);
#5628=B_SPLINE_CURVE_WITH_KNOTS('',2,(#10005,#10006,#10007),
 .UNSPECIFIED.,.F.,.F.,(3,3),(0.,1.),.PIECEWISE_BEZIER_KNOTS.);
#5629=B_SPLINE_CURVE_WITH_KNOTS('',2,(#10013,#10014,#10015),
 .UNSPECIFIED.,.F.,.F.,(3,3),(0.,1.),.PIECEWISE_BEZIER_KNOTS.);
#5630=B_SPLINE_CURVE_WITH_KNOTS('',2,(#10019,#10020,#10021),
 .UNSPECIFIED.,.F.,.F.,(3,3),(0.,1.),.PIECEWISE_BEZIER_KNOTS.);
#5631=B_SPLINE_CURVE_WITH_KNOTS('',2,(#10025,#10026,#10027),
 .UNSPECIFIED.,.F.,.F.,(3,3),(0.,1.),.PIECEWISE_BEZIER_KNOTS.);
#5632=B_SPLINE_CURVE_WITH_KNOTS('',2,(#10032,#10033,#10034),
 .UNSPECIFIED.,.F.,.F.,(3,3),(0.,1.),.PIECEWISE_BEZIER_KNOTS.);
#5633=B_SPLINE_CURVE_WITH_KNOTS('',2,(#10036,#10037,#10038),
 .UNSPECIFIED.,.F.,.F.,(3,3),(0.,1.),.PIECEWISE_BEZIER_KNOTS.);
#5634=B_SPLINE_CURVE_WITH_KNOTS('',2,(#10040,#10041,#10042),
 .UNSPECIFIED.,.F.,.F.,(3,3),(0.,1.),.PIECEWISE_BEZIER_KNOTS.);
#5635=B_SPLINE_CURVE_WITH_KNOTS('',2,(#10046,#10047,#10048),
 .UNSPECIFIED.,.F.,.F.,(3,3),(0.,1.),.PIECEWISE_BEZIER_KNOTS.);
#5636=B_SPLINE_CURVE_WITH_KNOTS('',2,(#10052,#10053,#10054),
 .UNSPECIFIED.,.F.,.F.,(3,3),(0.,1.),.PIECEWISE_BEZIER_KNOTS.);
#5637=B_SPLINE_CURVE_WITH_KNOTS('',2,(#10058,#10059,#10060),
 .UNSPECIFIED.,.F.,.F.,(3,3),(0.,1.),.PIECEWISE_BEZIER_KNOTS.);
#5638=B_SPLINE_CURVE_WITH_KNOTS('',2,(#10062,#10063,#10064),
 .UNSPECIFIED.,.F.,.F.,(3,3),(0.,1.),.PIECEWISE_BEZIER_KNOTS.);
#5639=B_SPLINE_CURVE_WITH_KNOTS('',2,(#10068,#10069,#10070),
 .UNSPECIFIED.,.F.,.F.,(3,3),(0.,1.),.PIECEWISE_BEZIER_KNOTS.);
#5640=B_SPLINE_CURVE_WITH_KNOTS('',2,(#10074,#10075,#10076),
 .UNSPECIFIED.,.F.,.F.,(3,3),(0.,1.),.PIECEWISE_BEZIER_KNOTS.);
#5641=B_SPLINE_CURVE_WITH_KNOTS('',2,(#10078,#10079,#10080),
 .UNSPECIFIED.,.F.,.F.,(3,3),(0.,1.),.PIECEWISE_BEZIER_KNOTS.);
#5642=B_SPLINE_CURVE_WITH_KNOTS('',2,(#10082,#10083,#10084),
 .UNSPECIFIED.,.F.,.F.,(3,3),(0.,1.),.PIECEWISE_BEZIER_KNOTS.);
#5643=B_SPLINE_CURVE_WITH_KNOTS('',2,(#10086,#10087,#10088),
 .UNSPECIFIED.,.F.,.F.,(3,3),(0.,1.),.PIECEWISE_BEZIER_KNOTS.);
#5644=B_SPLINE_CURVE_WITH_KNOTS('',2,(#10092,#10093,#10094),
 .UNSPECIFIED.,.F.,.F.,(3,3),(0.,1.),.PIECEWISE_BEZIER_KNOTS.);
#5645=B_SPLINE_CURVE_WITH_KNOTS('',2,(#10098,#10099,#10100),
 .UNSPECIFIED.,.F.,.F.,(3,3),(0.,1.),.PIECEWISE_BEZIER_KNOTS.);
#5646=B_SPLINE_CURVE_WITH_KNOTS('',2,(#10104,#10105,#10106),
 .UNSPECIFIED.,.F.,.F.,(3,3),(0.,1.),.PIECEWISE_BEZIER_KNOTS.);
#5647=B_SPLINE_CURVE_WITH_KNOTS('',2,(#10108,#10109,#10110),
 .UNSPECIFIED.,.F.,.F.,(3,3),(0.,1.),.PIECEWISE_BEZIER_KNOTS.);
#5648=B_SPLINE_CURVE_WITH_KNOTS('',2,(#10114,#10115,#10116),
 .UNSPECIFIED.,.F.,.F.,(3,3),(0.,1.),.PIECEWISE_BEZIER_KNOTS.);
#5649=B_SPLINE_CURVE_WITH_KNOTS('',2,(#10121,#10122,#10123),
 .UNSPECIFIED.,.F.,.F.,(3,3),(0.,1.),.PIECEWISE_BEZIER_KNOTS.);
#5650=B_SPLINE_CURVE_WITH_KNOTS('',2,(#10127,#10128,#10129),
 .UNSPECIFIED.,.F.,.F.,(3,3),(0.,1.),.PIECEWISE_BEZIER_KNOTS.);
#5651=B_SPLINE_CURVE_WITH_KNOTS('',2,(#10131,#10132,#10133),
 .UNSPECIFIED.,.F.,.F.,(3,3),(0.,1.),.PIECEWISE_BEZIER_KNOTS.);
#5652=B_SPLINE_CURVE_WITH_KNOTS('',2,(#10137,#10138,#10139),
 .UNSPECIFIED.,.F.,.F.,(3,3),(0.,1.),.PIECEWISE_BEZIER_KNOTS.);
#5653=B_SPLINE_CURVE_WITH_KNOTS('',2,(#10141,#10142,#10143),
 .UNSPECIFIED.,.F.,.F.,(3,3),(0.,1.),.PIECEWISE_BEZIER_KNOTS.);
#5654=B_SPLINE_CURVE_WITH_KNOTS('',2,(#10147,#10148,#10149),
 .UNSPECIFIED.,.F.,.F.,(3,3),(0.,1.),.PIECEWISE_BEZIER_KNOTS.);
#5655=B_SPLINE_CURVE_WITH_KNOTS('',2,(#10153,#10154,#10155),
 .UNSPECIFIED.,.F.,.F.,(3,3),(0.,1.),.PIECEWISE_BEZIER_KNOTS.);
#5656=B_SPLINE_CURVE_WITH_KNOTS('',2,(#10157,#10158,#10159),
 .UNSPECIFIED.,.F.,.F.,(3,3),(0.,1.),.PIECEWISE_BEZIER_KNOTS.);
#5657=B_SPLINE_CURVE_WITH_KNOTS('',2,(#10163,#10164,#10165),
 .UNSPECIFIED.,.F.,.F.,(3,3),(0.,1.),.PIECEWISE_BEZIER_KNOTS.);
#5658=B_SPLINE_CURVE_WITH_KNOTS('',2,(#10169,#10170,#10171),
 .UNSPECIFIED.,.F.,.F.,(3,3),(0.,1.),.PIECEWISE_BEZIER_KNOTS.);
#5659=B_SPLINE_CURVE_WITH_KNOTS('',2,(#10173,#10174,#10175),
 .UNSPECIFIED.,.F.,.F.,(3,3),(0.,1.),.PIECEWISE_BEZIER_KNOTS.);
#5660=B_SPLINE_CURVE_WITH_KNOTS('',2,(#10179,#10180,#10181),
 .UNSPECIFIED.,.F.,.F.,(3,3),(0.,1.),.PIECEWISE_BEZIER_KNOTS.);
#5661=B_SPLINE_CURVE_WITH_KNOTS('',2,(#10185,#10186,#10187),
 .UNSPECIFIED.,.F.,.F.,(3,3),(0.,1.),.PIECEWISE_BEZIER_KNOTS.);
#5662=B_SPLINE_CURVE_WITH_KNOTS('',2,(#10191,#10192,#10193),
 .UNSPECIFIED.,.F.,.F.,(3,3),(0.,1.),.PIECEWISE_BEZIER_KNOTS.);
#5663=B_SPLINE_CURVE_WITH_KNOTS('',2,(#10197,#10198,#10199),
 .UNSPECIFIED.,.F.,.F.,(3,3),(0.,1.),.PIECEWISE_BEZIER_KNOTS.);
#5664=B_SPLINE_CURVE_WITH_KNOTS('',2,(#10203,#10204,#10205),
 .UNSPECIFIED.,.F.,.F.,(3,3),(0.,1.),.PIECEWISE_BEZIER_KNOTS.);
#5665=B_SPLINE_CURVE_WITH_KNOTS('',2,(#10209,#10210,#10211),
 .UNSPECIFIED.,.F.,.F.,(3,3),(0.,1.),.PIECEWISE_BEZIER_KNOTS.);
#5666=B_SPLINE_CURVE_WITH_KNOTS('',2,(#10215,#10216,#10217),
 .UNSPECIFIED.,.F.,.F.,(3,3),(0.,1.),.PIECEWISE_BEZIER_KNOTS.);
#5667=B_SPLINE_CURVE_WITH_KNOTS('',2,(#10219,#10220,#10221),
 .UNSPECIFIED.,.F.,.F.,(3,3),(0.,1.),.PIECEWISE_BEZIER_KNOTS.);
#5668=B_SPLINE_CURVE_WITH_KNOTS('',2,(#10226,#10227,#10228),
 .UNSPECIFIED.,.F.,.F.,(3,3),(0.,1.),.PIECEWISE_BEZIER_KNOTS.);
#5669=B_SPLINE_CURVE_WITH_KNOTS('',2,(#10232,#10233,#10234),
 .UNSPECIFIED.,.F.,.F.,(3,3),(0.,1.),.PIECEWISE_BEZIER_KNOTS.);
#5670=B_SPLINE_CURVE_WITH_KNOTS('',2,(#10238,#10239,#10240),
 .UNSPECIFIED.,.F.,.F.,(3,3),(0.,1.),.PIECEWISE_BEZIER_KNOTS.);
#5671=B_SPLINE_CURVE_WITH_KNOTS('',2,(#10244,#10245,#10246),
 .UNSPECIFIED.,.F.,.F.,(3,3),(0.,1.),.PIECEWISE_BEZIER_KNOTS.);
#5672=B_SPLINE_CURVE_WITH_KNOTS('',2,(#10251,#10252,#10253),
 .UNSPECIFIED.,.F.,.F.,(3,3),(0.,1.),.PIECEWISE_BEZIER_KNOTS.);
#5673=B_SPLINE_CURVE_WITH_KNOTS('',2,(#10257,#10258,#10259),
 .UNSPECIFIED.,.F.,.F.,(3,3),(0.,1.),.PIECEWISE_BEZIER_KNOTS.);
#5674=B_SPLINE_CURVE_WITH_KNOTS('',2,(#10261,#10262,#10263),
 .UNSPECIFIED.,.F.,.F.,(3,3),(0.,1.),.PIECEWISE_BEZIER_KNOTS.);
#5675=B_SPLINE_CURVE_WITH_KNOTS('',2,(#10267,#10268,#10269),
 .UNSPECIFIED.,.F.,.F.,(3,3),(0.,1.),.PIECEWISE_BEZIER_KNOTS.);
#5676=B_SPLINE_CURVE_WITH_KNOTS('',2,(#10271,#10272,#10273),
 .UNSPECIFIED.,.F.,.F.,(3,3),(0.,1.),.PIECEWISE_BEZIER_KNOTS.);
#5677=B_SPLINE_CURVE_WITH_KNOTS('',2,(#10279,#10280,#10281),
 .UNSPECIFIED.,.F.,.F.,(3,3),(0.,1.),.PIECEWISE_BEZIER_KNOTS.);
#5678=B_SPLINE_CURVE_WITH_KNOTS('',2,(#10287,#10288,#10289),
 .UNSPECIFIED.,.F.,.F.,(3,3),(0.,1.),.PIECEWISE_BEZIER_KNOTS.);
#5679=B_SPLINE_CURVE_WITH_KNOTS('',2,(#10293,#10294,#10295),
 .UNSPECIFIED.,.F.,.F.,(3,3),(0.,1.),.PIECEWISE_BEZIER_KNOTS.);
#5680=B_SPLINE_CURVE_WITH_KNOTS('',2,(#10300,#10301,#10302),
 .UNSPECIFIED.,.F.,.F.,(3,3),(0.,1.),.PIECEWISE_BEZIER_KNOTS.);
#5681=B_SPLINE_CURVE_WITH_KNOTS('',2,(#10304,#10305,#10306),
 .UNSPECIFIED.,.F.,.F.,(3,3),(0.,1.),.PIECEWISE_BEZIER_KNOTS.);
#5682=B_SPLINE_CURVE_WITH_KNOTS('',2,(#10310,#10311,#10312),
 .UNSPECIFIED.,.F.,.F.,(3,3),(0.,1.),.PIECEWISE_BEZIER_KNOTS.);
#5683=B_SPLINE_CURVE_WITH_KNOTS('',2,(#10314,#10315,#10316),
 .UNSPECIFIED.,.F.,.F.,(3,3),(0.,1.),.PIECEWISE_BEZIER_KNOTS.);
#5684=B_SPLINE_CURVE_WITH_KNOTS('',2,(#10320,#10321,#10322),
 .UNSPECIFIED.,.F.,.F.,(3,3),(0.,1.),.PIECEWISE_BEZIER_KNOTS.);
#5685=B_SPLINE_CURVE_WITH_KNOTS('',2,(#10324,#10325,#10326),
 .UNSPECIFIED.,.F.,.F.,(3,3),(0.,1.),.PIECEWISE_BEZIER_KNOTS.);
#5686=B_SPLINE_CURVE_WITH_KNOTS('',2,(#10330,#10331,#10332),
 .UNSPECIFIED.,.F.,.F.,(3,3),(0.,1.),.PIECEWISE_BEZIER_KNOTS.);
#5687=B_SPLINE_CURVE_WITH_KNOTS('',2,(#10334,#10335,#10336),
 .UNSPECIFIED.,.F.,.F.,(3,3),(0.,1.),.PIECEWISE_BEZIER_KNOTS.);
#5688=B_SPLINE_CURVE_WITH_KNOTS('',2,(#10355,#10356,#10357),
 .UNSPECIFIED.,.F.,.F.,(3,3),(0.,1.),.PIECEWISE_BEZIER_KNOTS.);
#5689=B_SPLINE_CURVE_WITH_KNOTS('',2,(#10376,#10377,#10378),
 .UNSPECIFIED.,.F.,.F.,(3,3),(0.,1.),.PIECEWISE_BEZIER_KNOTS.);
#5690=B_SPLINE_CURVE_WITH_KNOTS('',2,(#10389,#10390,#10391),
 .UNSPECIFIED.,.F.,.F.,(3,3),(0.,1.),.PIECEWISE_BEZIER_KNOTS.);
#5691=B_SPLINE_CURVE_WITH_KNOTS('',2,(#10406,#10407,#10408),
 .UNSPECIFIED.,.F.,.F.,(3,3),(0.,1.),.PIECEWISE_BEZIER_KNOTS.);
#5692=B_SPLINE_CURVE_WITH_KNOTS('',2,(#10419,#10420,#10421),
 .UNSPECIFIED.,.F.,.F.,(3,3),(0.,1.),.PIECEWISE_BEZIER_KNOTS.);
#5693=B_SPLINE_CURVE_WITH_KNOTS('',2,(#10440,#10441,#10442),
 .UNSPECIFIED.,.F.,.F.,(3,3),(0.,1.),.PIECEWISE_BEZIER_KNOTS.);
#5694=B_SPLINE_CURVE_WITH_KNOTS('',2,(#10461,#10462,#10463),
 .UNSPECIFIED.,.F.,.F.,(3,3),(0.,1.),.PIECEWISE_BEZIER_KNOTS.);
#5695=B_SPLINE_CURVE_WITH_KNOTS('',2,(#10478,#10479,#10480),
 .UNSPECIFIED.,.F.,.F.,(3,3),(0.,1.),.PIECEWISE_BEZIER_KNOTS.);
#5696=B_SPLINE_CURVE_WITH_KNOTS('',2,(#10495,#10496,#10497),
 .UNSPECIFIED.,.F.,.F.,(3,3),(0.,1.),.PIECEWISE_BEZIER_KNOTS.);
#5697=B_SPLINE_CURVE_WITH_KNOTS('',2,(#10512,#10513,#10514),
 .UNSPECIFIED.,.F.,.F.,(3,3),(0.,1.),.PIECEWISE_BEZIER_KNOTS.);
#5698=B_SPLINE_CURVE_WITH_KNOTS('',2,(#10523,#10524,#10525),
 .UNSPECIFIED.,.F.,.F.,(3,3),(0.,1.),.PIECEWISE_BEZIER_KNOTS.);
#5699=B_SPLINE_CURVE_WITH_KNOTS('',2,(#10542,#10543,#10544),
 .UNSPECIFIED.,.F.,.F.,(3,3),(0.,1.),.PIECEWISE_BEZIER_KNOTS.);
#5700=B_SPLINE_CURVE_WITH_KNOTS('',2,(#10559,#10560,#10561),
 .UNSPECIFIED.,.F.,.F.,(3,3),(0.,1.),.PIECEWISE_BEZIER_KNOTS.);
#5701=B_SPLINE_CURVE_WITH_KNOTS('',2,(#10572,#10573,#10574),
 .UNSPECIFIED.,.F.,.F.,(3,3),(0.,1.),.PIECEWISE_BEZIER_KNOTS.);
#5702=B_SPLINE_CURVE_WITH_KNOTS('',2,(#10589,#10590,#10591),
 .UNSPECIFIED.,.F.,.F.,(3,3),(0.,1.),.PIECEWISE_BEZIER_KNOTS.);
#5703=B_SPLINE_CURVE_WITH_KNOTS('',2,(#10606,#10607,#10608),
 .UNSPECIFIED.,.F.,.F.,(3,3),(0.,1.),.PIECEWISE_BEZIER_KNOTS.);
#5704=B_SPLINE_CURVE_WITH_KNOTS('',2,(#10623,#10624,#10625),
 .UNSPECIFIED.,.F.,.F.,(3,3),(0.,1.),.PIECEWISE_BEZIER_KNOTS.);
#5705=B_SPLINE_CURVE_WITH_KNOTS('',2,(#10636,#10637,#10638),
 .UNSPECIFIED.,.F.,.F.,(3,3),(0.,1.),.PIECEWISE_BEZIER_KNOTS.);
#5706=B_SPLINE_CURVE_WITH_KNOTS('',2,(#10653,#10654,#10655),
 .UNSPECIFIED.,.F.,.F.,(3,3),(0.,1.),.PIECEWISE_BEZIER_KNOTS.);
#5707=B_SPLINE_CURVE_WITH_KNOTS('',2,(#10666,#10667,#10668),
 .UNSPECIFIED.,.F.,.F.,(3,3),(0.,1.),.PIECEWISE_BEZIER_KNOTS.);
#5708=B_SPLINE_CURVE_WITH_KNOTS('',2,(#10683,#10684,#10685),
 .UNSPECIFIED.,.F.,.F.,(3,3),(0.,1.),.PIECEWISE_BEZIER_KNOTS.);
#5709=B_SPLINE_CURVE_WITH_KNOTS('',2,(#10696,#10697,#10698),
 .UNSPECIFIED.,.F.,.F.,(3,3),(0.,1.),.PIECEWISE_BEZIER_KNOTS.);
#5710=B_SPLINE_CURVE_WITH_KNOTS('',2,(#10713,#10714,#10715),
 .UNSPECIFIED.,.F.,.F.,(3,3),(0.,1.),.PIECEWISE_BEZIER_KNOTS.);
#5711=B_SPLINE_CURVE_WITH_KNOTS('',2,(#10724,#10725,#10726),
 .UNSPECIFIED.,.F.,.F.,(3,3),(0.,1.),.PIECEWISE_BEZIER_KNOTS.);
#5712=B_SPLINE_CURVE_WITH_KNOTS('',2,(#10747,#10748,#10749),
 .UNSPECIFIED.,.F.,.F.,(3,3),(0.,1.),.PIECEWISE_BEZIER_KNOTS.);
#5713=B_SPLINE_CURVE_WITH_KNOTS('',2,(#10764,#10765,#10766),
 .UNSPECIFIED.,.F.,.F.,(3,3),(0.,1.),.PIECEWISE_BEZIER_KNOTS.);
#5714=B_SPLINE_CURVE_WITH_KNOTS('',2,(#10781,#10782,#10783),
 .UNSPECIFIED.,.F.,.F.,(3,3),(0.,1.),.PIECEWISE_BEZIER_KNOTS.);
#5715=B_SPLINE_CURVE_WITH_KNOTS('',2,(#10798,#10799,#10800),
 .UNSPECIFIED.,.F.,.F.,(3,3),(0.,1.),.PIECEWISE_BEZIER_KNOTS.);
#5716=B_SPLINE_CURVE_WITH_KNOTS('',2,(#10811,#10812,#10813),
 .UNSPECIFIED.,.F.,.F.,(3,3),(0.,1.),.PIECEWISE_BEZIER_KNOTS.);
#5717=B_SPLINE_CURVE_WITH_KNOTS('',2,(#10828,#10829,#10830),
 .UNSPECIFIED.,.F.,.F.,(3,3),(0.,1.),.PIECEWISE_BEZIER_KNOTS.);
#5718=B_SPLINE_CURVE_WITH_KNOTS('',2,(#10841,#10842,#10843),
 .UNSPECIFIED.,.F.,.F.,(3,3),(0.,1.),.PIECEWISE_BEZIER_KNOTS.);
#5719=B_SPLINE_CURVE_WITH_KNOTS('',2,(#10860,#10861,#10862),
 .UNSPECIFIED.,.F.,.F.,(3,3),(0.,1.),.PIECEWISE_BEZIER_KNOTS.);
#5720=B_SPLINE_CURVE_WITH_KNOTS('',2,(#10883,#10884,#10885),
 .UNSPECIFIED.,.F.,.F.,(3,3),(0.,1.),.PIECEWISE_BEZIER_KNOTS.);
#5721=B_SPLINE_CURVE_WITH_KNOTS('',2,(#10900,#10901,#10902),
 .UNSPECIFIED.,.F.,.F.,(3,3),(0.,1.),.PIECEWISE_BEZIER_KNOTS.);
#5722=B_SPLINE_CURVE_WITH_KNOTS('',2,(#10917,#10918,#10919),
 .UNSPECIFIED.,.F.,.F.,(3,3),(0.,1.),.PIECEWISE_BEZIER_KNOTS.);
#5723=B_SPLINE_CURVE_WITH_KNOTS('',2,(#10934,#10935,#10936),
 .UNSPECIFIED.,.F.,.F.,(3,3),(0.,1.),.PIECEWISE_BEZIER_KNOTS.);
#5724=B_SPLINE_CURVE_WITH_KNOTS('',2,(#10951,#10952,#10953),
 .UNSPECIFIED.,.F.,.F.,(3,3),(0.,1.),.PIECEWISE_BEZIER_KNOTS.);
#5725=B_SPLINE_CURVE_WITH_KNOTS('',2,(#10968,#10969,#10970),
 .UNSPECIFIED.,.F.,.F.,(3,3),(0.,1.),.PIECEWISE_BEZIER_KNOTS.);
#5726=B_SPLINE_CURVE_WITH_KNOTS('',2,(#10981,#10982,#10983),
 .UNSPECIFIED.,.F.,.F.,(3,3),(0.,1.),.PIECEWISE_BEZIER_KNOTS.);
#5727=B_SPLINE_CURVE_WITH_KNOTS('',2,(#10998,#10999,#11000),
 .UNSPECIFIED.,.F.,.F.,(3,3),(0.,1.),.PIECEWISE_BEZIER_KNOTS.);
#5728=B_SPLINE_CURVE_WITH_KNOTS('',2,(#11015,#11016,#11017),
 .UNSPECIFIED.,.F.,.F.,(3,3),(0.,1.),.PIECEWISE_BEZIER_KNOTS.);
#5729=B_SPLINE_CURVE_WITH_KNOTS('',2,(#11032,#11033,#11034),
 .UNSPECIFIED.,.F.,.F.,(3,3),(0.,1.),.PIECEWISE_BEZIER_KNOTS.);
#5730=B_SPLINE_CURVE_WITH_KNOTS('',2,(#11045,#11046,#11047),
 .UNSPECIFIED.,.F.,.F.,(3,3),(0.,1.),.PIECEWISE_BEZIER_KNOTS.);
#5731=B_SPLINE_CURVE_WITH_KNOTS('',2,(#11064,#11065,#11066),
 .UNSPECIFIED.,.F.,.F.,(3,3),(0.,1.),.PIECEWISE_BEZIER_KNOTS.);
#5732=B_SPLINE_CURVE_WITH_KNOTS('',2,(#11083,#11084,#11085),
 .UNSPECIFIED.,.F.,.F.,(3,3),(0.,1.),.PIECEWISE_BEZIER_KNOTS.);
#5733=B_SPLINE_CURVE_WITH_KNOTS('',2,(#11100,#11101,#11102),
 .UNSPECIFIED.,.F.,.F.,(3,3),(0.,1.),.PIECEWISE_BEZIER_KNOTS.);
#5734=B_SPLINE_CURVE_WITH_KNOTS('',2,(#11113,#11114,#11115),
 .UNSPECIFIED.,.F.,.F.,(3,3),(0.,1.),.PIECEWISE_BEZIER_KNOTS.);
#5735=B_SPLINE_CURVE_WITH_KNOTS('',2,(#11130,#11131,#11132),
 .UNSPECIFIED.,.F.,.F.,(3,3),(0.,1.),.PIECEWISE_BEZIER_KNOTS.);
#5736=B_SPLINE_CURVE_WITH_KNOTS('',2,(#11147,#11148,#11149),
 .UNSPECIFIED.,.F.,.F.,(3,3),(0.,1.),.PIECEWISE_BEZIER_KNOTS.);
#5737=B_SPLINE_CURVE_WITH_KNOTS('',2,(#11164,#11165,#11166),
 .UNSPECIFIED.,.F.,.F.,(3,3),(0.,1.),.PIECEWISE_BEZIER_KNOTS.);
#5738=B_SPLINE_CURVE_WITH_KNOTS('',2,(#11177,#11178,#11179),
 .UNSPECIFIED.,.F.,.F.,(3,3),(0.,1.),.PIECEWISE_BEZIER_KNOTS.);
#5739=B_SPLINE_CURVE_WITH_KNOTS('',2,(#11194,#11195,#11196),
 .UNSPECIFIED.,.F.,.F.,(3,3),(0.,1.),.PIECEWISE_BEZIER_KNOTS.);
#5740=B_SPLINE_CURVE_WITH_KNOTS('',2,(#11207,#11208,#11209),
 .UNSPECIFIED.,.F.,.F.,(3,3),(0.,1.),.PIECEWISE_BEZIER_KNOTS.);
#5741=B_SPLINE_CURVE_WITH_KNOTS('',2,(#11224,#11225,#11226),
 .UNSPECIFIED.,.F.,.F.,(3,3),(0.,1.),.PIECEWISE_BEZIER_KNOTS.);
#5742=B_SPLINE_CURVE_WITH_KNOTS('',2,(#11237,#11238,#11239),
 .UNSPECIFIED.,.F.,.F.,(3,3),(0.,1.),.PIECEWISE_BEZIER_KNOTS.);
#5743=B_SPLINE_CURVE_WITH_KNOTS('',2,(#11254,#11255,#11256),
 .UNSPECIFIED.,.F.,.F.,(3,3),(0.,1.),.PIECEWISE_BEZIER_KNOTS.);
#5744=B_SPLINE_CURVE_WITH_KNOTS('',2,(#11271,#11272,#11273),
 .UNSPECIFIED.,.F.,.F.,(3,3),(0.,1.),.PIECEWISE_BEZIER_KNOTS.);
#5745=B_SPLINE_CURVE_WITH_KNOTS('',2,(#11284,#11285,#11286),
 .UNSPECIFIED.,.F.,.F.,(3,3),(0.,1.),.PIECEWISE_BEZIER_KNOTS.);
#5746=B_SPLINE_CURVE_WITH_KNOTS('',2,(#11301,#11302,#11303),
 .UNSPECIFIED.,.F.,.F.,(3,3),(0.,1.),.PIECEWISE_BEZIER_KNOTS.);
#5747=B_SPLINE_CURVE_WITH_KNOTS('',2,(#11314,#11315,#11316),
 .UNSPECIFIED.,.F.,.F.,(3,3),(0.,1.),.PIECEWISE_BEZIER_KNOTS.);
#5748=B_SPLINE_CURVE_WITH_KNOTS('',2,(#11335,#11336,#11337),
 .UNSPECIFIED.,.F.,.F.,(3,3),(0.,1.),.PIECEWISE_BEZIER_KNOTS.);
#5749=B_SPLINE_CURVE_WITH_KNOTS('',2,(#11356,#11357,#11358),
 .UNSPECIFIED.,.F.,.F.,(3,3),(0.,1.),.PIECEWISE_BEZIER_KNOTS.);
#5750=B_SPLINE_CURVE_WITH_KNOTS('',2,(#11373,#11374,#11375),
 .UNSPECIFIED.,.F.,.F.,(3,3),(0.,1.),.PIECEWISE_BEZIER_KNOTS.);
#5751=B_SPLINE_CURVE_WITH_KNOTS('',2,(#11390,#11391,#11392),
 .UNSPECIFIED.,.F.,.F.,(3,3),(0.,1.),.PIECEWISE_BEZIER_KNOTS.);
#5752=B_SPLINE_CURVE_WITH_KNOTS('',2,(#11411,#11412,#11413),
 .UNSPECIFIED.,.F.,.F.,(3,3),(0.,1.),.PIECEWISE_BEZIER_KNOTS.);
#5753=B_SPLINE_CURVE_WITH_KNOTS('',2,(#11432,#11433,#11434),
 .UNSPECIFIED.,.F.,.F.,(3,3),(0.,1.),.PIECEWISE_BEZIER_KNOTS.);
#5754=B_SPLINE_CURVE_WITH_KNOTS('',2,(#11445,#11446,#11447),
 .UNSPECIFIED.,.F.,.F.,(3,3),(0.,1.),.PIECEWISE_BEZIER_KNOTS.);
#5755=B_SPLINE_CURVE_WITH_KNOTS('',2,(#11462,#11463,#11464),
 .UNSPECIFIED.,.F.,.F.,(3,3),(0.,1.),.PIECEWISE_BEZIER_KNOTS.);
#5756=B_SPLINE_CURVE_WITH_KNOTS('',2,(#11475,#11476,#11477),
 .UNSPECIFIED.,.F.,.F.,(3,3),(0.,1.),.PIECEWISE_BEZIER_KNOTS.);
#5757=B_SPLINE_CURVE_WITH_KNOTS('',2,(#11496,#11497,#11498),
 .UNSPECIFIED.,.F.,.F.,(3,3),(0.,1.),.PIECEWISE_BEZIER_KNOTS.);
#5758=B_SPLINE_CURVE_WITH_KNOTS('',2,(#11517,#11518,#11519),
 .UNSPECIFIED.,.F.,.F.,(3,3),(0.,1.),.PIECEWISE_BEZIER_KNOTS.);
#5759=B_SPLINE_CURVE_WITH_KNOTS('',2,(#11534,#11535,#11536),
 .UNSPECIFIED.,.F.,.F.,(3,3),(0.,1.),.PIECEWISE_BEZIER_KNOTS.);
#5760=B_SPLINE_CURVE_WITH_KNOTS('',2,(#11551,#11552,#11553),
 .UNSPECIFIED.,.F.,.F.,(3,3),(0.,1.),.PIECEWISE_BEZIER_KNOTS.);
#5761=B_SPLINE_CURVE_WITH_KNOTS('',2,(#11568,#11569,#11570),
 .UNSPECIFIED.,.F.,.F.,(3,3),(0.,1.),.PIECEWISE_BEZIER_KNOTS.);
#5762=B_SPLINE_CURVE_WITH_KNOTS('',2,(#11585,#11586,#11587),
 .UNSPECIFIED.,.F.,.F.,(3,3),(0.,1.),.PIECEWISE_BEZIER_KNOTS.);
#5763=B_SPLINE_CURVE_WITH_KNOTS('',2,(#11602,#11603,#11604),
 .UNSPECIFIED.,.F.,.F.,(3,3),(0.,1.),.PIECEWISE_BEZIER_KNOTS.);
#5764=B_SPLINE_CURVE_WITH_KNOTS('',2,(#11615,#11616,#11617),
 .UNSPECIFIED.,.F.,.F.,(3,3),(0.,1.),.PIECEWISE_BEZIER_KNOTS.);
#5765=B_SPLINE_CURVE_WITH_KNOTS('',2,(#11632,#11633,#11634),
 .UNSPECIFIED.,.F.,.F.,(3,3),(0.,1.),.PIECEWISE_BEZIER_KNOTS.);
#5766=B_SPLINE_CURVE_WITH_KNOTS('',2,(#11649,#11650,#11651),
 .UNSPECIFIED.,.F.,.F.,(3,3),(0.,1.),.PIECEWISE_BEZIER_KNOTS.);
#5767=B_SPLINE_CURVE_WITH_KNOTS('',2,(#11666,#11667,#11668),
 .UNSPECIFIED.,.F.,.F.,(3,3),(0.,1.),.PIECEWISE_BEZIER_KNOTS.);
#5768=B_SPLINE_CURVE_WITH_KNOTS('',2,(#11683,#11684,#11685),
 .UNSPECIFIED.,.F.,.F.,(3,3),(0.,1.),.PIECEWISE_BEZIER_KNOTS.);
#5769=B_SPLINE_CURVE_WITH_KNOTS('',2,(#11704,#11705,#11706),
 .UNSPECIFIED.,.F.,.F.,(3,3),(0.,1.),.PIECEWISE_BEZIER_KNOTS.);
#5770=B_SPLINE_CURVE_WITH_KNOTS('',2,(#11721,#11722,#11723),
 .UNSPECIFIED.,.F.,.F.,(3,3),(0.,1.),.PIECEWISE_BEZIER_KNOTS.);
#5771=B_SPLINE_CURVE_WITH_KNOTS('',2,(#11738,#11739,#11740),
 .UNSPECIFIED.,.F.,.F.,(3,3),(0.,1.),.PIECEWISE_BEZIER_KNOTS.);
#5772=B_SPLINE_CURVE_WITH_KNOTS('',2,(#11755,#11756,#11757),
 .UNSPECIFIED.,.F.,.F.,(3,3),(0.,1.),.PIECEWISE_BEZIER_KNOTS.);
#5773=B_SPLINE_CURVE_WITH_KNOTS('',2,(#11766,#11767,#11768),
 .UNSPECIFIED.,.F.,.F.,(3,3),(0.,1.),.PIECEWISE_BEZIER_KNOTS.);
#5774=B_SPLINE_CURVE_WITH_KNOTS('',2,(#11781,#11782,#11783),
 .UNSPECIFIED.,.F.,.F.,(3,3),(0.,1.),.PIECEWISE_BEZIER_KNOTS.);
#5775=B_SPLINE_CURVE_WITH_KNOTS('',2,(#11798,#11799,#11800),
 .UNSPECIFIED.,.F.,.F.,(3,3),(0.,1.),.PIECEWISE_BEZIER_KNOTS.);
#5776=B_SPLINE_CURVE_WITH_KNOTS('',2,(#11815,#11816,#11817),
 .UNSPECIFIED.,.F.,.F.,(3,3),(0.,1.),.PIECEWISE_BEZIER_KNOTS.);
#5777=B_SPLINE_CURVE_WITH_KNOTS('',2,(#11832,#11833,#11834),
 .UNSPECIFIED.,.F.,.F.,(3,3),(0.,1.),.PIECEWISE_BEZIER_KNOTS.);
#5778=B_SPLINE_CURVE_WITH_KNOTS('',2,(#11845,#11846,#11847),
 .UNSPECIFIED.,.F.,.F.,(3,3),(0.,1.),.PIECEWISE_BEZIER_KNOTS.);
#5779=B_SPLINE_CURVE_WITH_KNOTS('',2,(#11862,#11863,#11864),
 .UNSPECIFIED.,.F.,.F.,(3,3),(0.,1.),.PIECEWISE_BEZIER_KNOTS.);
#5780=B_SPLINE_CURVE_WITH_KNOTS('',2,(#11879,#11880,#11881),
 .UNSPECIFIED.,.F.,.F.,(3,3),(0.,1.),.PIECEWISE_BEZIER_KNOTS.);
#5781=B_SPLINE_CURVE_WITH_KNOTS('',2,(#11892,#11893,#11894),
 .UNSPECIFIED.,.F.,.F.,(3,3),(0.,1.),.PIECEWISE_BEZIER_KNOTS.);
#5782=B_SPLINE_CURVE_WITH_KNOTS('',2,(#11905,#11906,#11907),
 .UNSPECIFIED.,.F.,.F.,(3,3),(0.,1.),.PIECEWISE_BEZIER_KNOTS.);
#5783=B_SPLINE_CURVE_WITH_KNOTS('',2,(#11918,#11919,#11920),
 .UNSPECIFIED.,.F.,.F.,(3,3),(0.,1.),.PIECEWISE_BEZIER_KNOTS.);
#5784=B_SPLINE_CURVE_WITH_KNOTS('',2,(#11935,#11936,#11937),
 .UNSPECIFIED.,.F.,.F.,(3,3),(0.,1.),.PIECEWISE_BEZIER_KNOTS.);
#5785=B_SPLINE_CURVE_WITH_KNOTS('',2,(#11952,#11953,#11954),
 .UNSPECIFIED.,.F.,.F.,(3,3),(0.,1.),.PIECEWISE_BEZIER_KNOTS.);
#5786=B_SPLINE_CURVE_WITH_KNOTS('',2,(#11969,#11970,#11971),
 .UNSPECIFIED.,.F.,.F.,(3,3),(0.,1.),.PIECEWISE_BEZIER_KNOTS.);
#5787=B_SPLINE_CURVE_WITH_KNOTS('',2,(#11982,#11983,#11984),
 .UNSPECIFIED.,.F.,.F.,(3,3),(0.,1.),.PIECEWISE_BEZIER_KNOTS.);
#5788=B_SPLINE_CURVE_WITH_KNOTS('',2,(#11999,#12000,#12001),
 .UNSPECIFIED.,.F.,.F.,(3,3),(0.,1.),.PIECEWISE_BEZIER_KNOTS.);
#5789=B_SPLINE_CURVE_WITH_KNOTS('',2,(#12016,#12017,#12018),
 .UNSPECIFIED.,.F.,.F.,(3,3),(0.,1.),.PIECEWISE_BEZIER_KNOTS.);
#5790=B_SPLINE_CURVE_WITH_KNOTS('',2,(#12033,#12034,#12035),
 .UNSPECIFIED.,.F.,.F.,(3,3),(0.,1.),.PIECEWISE_BEZIER_KNOTS.);
#5791=B_SPLINE_CURVE_WITH_KNOTS('',2,(#12046,#12047,#12048),
 .UNSPECIFIED.,.F.,.F.,(3,3),(0.,1.),.PIECEWISE_BEZIER_KNOTS.);
#5792=B_SPLINE_CURVE_WITH_KNOTS('',2,(#12063,#12064,#12065),
 .UNSPECIFIED.,.F.,.F.,(3,3),(0.,1.),.PIECEWISE_BEZIER_KNOTS.);
#5793=B_SPLINE_CURVE_WITH_KNOTS('',2,(#12076,#12077,#12078),
 .UNSPECIFIED.,.F.,.F.,(3,3),(0.,1.),.PIECEWISE_BEZIER_KNOTS.);
#5794=B_SPLINE_CURVE_WITH_KNOTS('',2,(#12093,#12094,#12095),
 .UNSPECIFIED.,.F.,.F.,(3,3),(0.,1.),.PIECEWISE_BEZIER_KNOTS.);
#5795=B_SPLINE_CURVE_WITH_KNOTS('',2,(#12110,#12111,#12112),
 .UNSPECIFIED.,.F.,.F.,(3,3),(0.,1.),.PIECEWISE_BEZIER_KNOTS.);
#5796=B_SPLINE_CURVE_WITH_KNOTS('',2,(#12123,#12124,#12125),
 .UNSPECIFIED.,.F.,.F.,(3,3),(0.,1.),.PIECEWISE_BEZIER_KNOTS.);
#5797=B_SPLINE_CURVE_WITH_KNOTS('',2,(#12140,#12141,#12142),
 .UNSPECIFIED.,.F.,.F.,(3,3),(0.,1.),.PIECEWISE_BEZIER_KNOTS.);
#5798=B_SPLINE_CURVE_WITH_KNOTS('',2,(#12157,#12158,#12159),
 .UNSPECIFIED.,.F.,.F.,(3,3),(0.,1.),.PIECEWISE_BEZIER_KNOTS.);
#5799=B_SPLINE_CURVE_WITH_KNOTS('',2,(#12170,#12171,#12172),
 .UNSPECIFIED.,.F.,.F.,(3,3),(0.,1.),.PIECEWISE_BEZIER_KNOTS.);
#5800=B_SPLINE_CURVE_WITH_KNOTS('',2,(#12187,#12188,#12189),
 .UNSPECIFIED.,.F.,.F.,(3,3),(0.,1.),.PIECEWISE_BEZIER_KNOTS.);
#5801=B_SPLINE_CURVE_WITH_KNOTS('',2,(#12204,#12205,#12206),
 .UNSPECIFIED.,.F.,.F.,(3,3),(0.,1.),.PIECEWISE_BEZIER_KNOTS.);
#5802=B_SPLINE_CURVE_WITH_KNOTS('',2,(#12221,#12222,#12223),
 .UNSPECIFIED.,.F.,.F.,(3,3),(0.,1.),.PIECEWISE_BEZIER_KNOTS.);
#5803=B_SPLINE_CURVE_WITH_KNOTS('',2,(#12238,#12239,#12240),
 .UNSPECIFIED.,.F.,.F.,(3,3),(0.,1.),.PIECEWISE_BEZIER_KNOTS.);
#5804=B_SPLINE_CURVE_WITH_KNOTS('',2,(#12255,#12256,#12257),
 .UNSPECIFIED.,.F.,.F.,(3,3),(0.,1.),.PIECEWISE_BEZIER_KNOTS.);
#5805=B_SPLINE_CURVE_WITH_KNOTS('',2,(#12272,#12273,#12274),
 .UNSPECIFIED.,.F.,.F.,(3,3),(0.,1.),.PIECEWISE_BEZIER_KNOTS.);
#5806=B_SPLINE_CURVE_WITH_KNOTS('',2,(#12289,#12290,#12291),
 .UNSPECIFIED.,.F.,.F.,(3,3),(0.,1.),.PIECEWISE_BEZIER_KNOTS.);
#5807=B_SPLINE_CURVE_WITH_KNOTS('',2,(#12302,#12303,#12304),
 .UNSPECIFIED.,.F.,.F.,(3,3),(0.,1.),.PIECEWISE_BEZIER_KNOTS.);
#5808=B_SPLINE_CURVE_WITH_KNOTS('',2,(#12319,#12320,#12321),
 .UNSPECIFIED.,.F.,.F.,(3,3),(0.,1.),.PIECEWISE_BEZIER_KNOTS.);
#5809=B_SPLINE_CURVE_WITH_KNOTS('',2,(#12336,#12337,#12338),
 .UNSPECIFIED.,.F.,.F.,(3,3),(0.,1.),.PIECEWISE_BEZIER_KNOTS.);
#5810=B_SPLINE_CURVE_WITH_KNOTS('',2,(#12353,#12354,#12355),
 .UNSPECIFIED.,.F.,.F.,(3,3),(0.,1.),.PIECEWISE_BEZIER_KNOTS.);
#5811=B_SPLINE_CURVE_WITH_KNOTS('',2,(#12370,#12371,#12372),
 .UNSPECIFIED.,.F.,.F.,(3,3),(0.,1.),.PIECEWISE_BEZIER_KNOTS.);
#5812=B_SPLINE_CURVE_WITH_KNOTS('',2,(#12387,#12388,#12389),
 .UNSPECIFIED.,.F.,.F.,(3,3),(0.,1.),.PIECEWISE_BEZIER_KNOTS.);
#5813=B_SPLINE_CURVE_WITH_KNOTS('',2,(#12404,#12405,#12406),
 .UNSPECIFIED.,.F.,.F.,(3,3),(0.,1.),.PIECEWISE_BEZIER_KNOTS.);
#5814=B_SPLINE_CURVE_WITH_KNOTS('',2,(#12417,#12418,#12419),
 .UNSPECIFIED.,.F.,.F.,(3,3),(0.,1.),.PIECEWISE_BEZIER_KNOTS.);
#5815=B_SPLINE_CURVE_WITH_KNOTS('',2,(#12434,#12435,#12436),
 .UNSPECIFIED.,.F.,.F.,(3,3),(0.,1.),.PIECEWISE_BEZIER_KNOTS.);
#5816=B_SPLINE_CURVE_WITH_KNOTS('',2,(#12447,#12448,#12449),
 .UNSPECIFIED.,.F.,.F.,(3,3),(0.,1.),.PIECEWISE_BEZIER_KNOTS.);
#5817=B_SPLINE_CURVE_WITH_KNOTS('',2,(#12468,#12469,#12470),
 .UNSPECIFIED.,.F.,.F.,(3,3),(0.,1.),.PIECEWISE_BEZIER_KNOTS.);
#5818=B_SPLINE_CURVE_WITH_KNOTS('',2,(#12489,#12490,#12491),
 .UNSPECIFIED.,.F.,.F.,(3,3),(0.,1.),.PIECEWISE_BEZIER_KNOTS.);
#5819=B_SPLINE_CURVE_WITH_KNOTS('',2,(#12506,#12507,#12508),
 .UNSPECIFIED.,.F.,.F.,(3,3),(0.,1.),.PIECEWISE_BEZIER_KNOTS.);
#5820=B_SPLINE_CURVE_WITH_KNOTS('',2,(#12523,#12524,#12525),
 .UNSPECIFIED.,.F.,.F.,(3,3),(0.,1.),.PIECEWISE_BEZIER_KNOTS.);
#5821=B_SPLINE_CURVE_WITH_KNOTS('',2,(#12534,#12535,#12536),
 .UNSPECIFIED.,.F.,.F.,(3,3),(0.,1.),.PIECEWISE_BEZIER_KNOTS.);
#5822=B_SPLINE_CURVE_WITH_KNOTS('',2,(#12553,#12554,#12555),
 .UNSPECIFIED.,.F.,.F.,(3,3),(0.,1.),.PIECEWISE_BEZIER_KNOTS.);
#5823=B_SPLINE_CURVE_WITH_KNOTS('',2,(#12566,#12567,#12568),
 .UNSPECIFIED.,.F.,.F.,(3,3),(0.,1.),.PIECEWISE_BEZIER_KNOTS.);
#5824=B_SPLINE_CURVE_WITH_KNOTS('',2,(#12583,#12584,#12585),
 .UNSPECIFIED.,.F.,.F.,(3,3),(0.,1.),.PIECEWISE_BEZIER_KNOTS.);
#5825=B_SPLINE_CURVE_WITH_KNOTS('',2,(#12596,#12597,#12598),
 .UNSPECIFIED.,.F.,.F.,(3,3),(0.,1.),.PIECEWISE_BEZIER_KNOTS.);
#5826=B_SPLINE_CURVE_WITH_KNOTS('',2,(#12613,#12614,#12615),
 .UNSPECIFIED.,.F.,.F.,(3,3),(0.,1.),.PIECEWISE_BEZIER_KNOTS.);
#5827=B_SPLINE_CURVE_WITH_KNOTS('',2,(#12626,#12627,#12628),
 .UNSPECIFIED.,.F.,.F.,(3,3),(0.,1.),.PIECEWISE_BEZIER_KNOTS.);
#5828=B_SPLINE_CURVE_WITH_KNOTS('',2,(#12643,#12644,#12645),
 .UNSPECIFIED.,.F.,.F.,(3,3),(0.,1.),.PIECEWISE_BEZIER_KNOTS.);
#5829=EDGE_LOOP('',(#1553,#1554,#1555,#1556,#1557,#1558,#1559,#1560,#1561,
#1562));
#5830=EDGE_LOOP('',(#1563,#1564,#1565,#1566,#1567,#1568,#1569,#1570,#1571,
#1572));
#5831=EDGE_LOOP('',(#1573,#1574,#1575,#1576,#1577,#1578,#1579,#1580,#1581,
#1582));
#5832=EDGE_LOOP('',(#1583,#1584,#1585,#1586,#1587,#1588,#1589,#1590,#1591,
#1592));
#5833=EDGE_LOOP('',(#1593,#1594,#1595,#1596,#1597,#1598,#1599,#1600,#1601,
#1602));
#5834=EDGE_LOOP('',(#1603,#1604,#1605,#1606,#1607,#1608,#1609,#1610,#1611,
#1612));
#5835=EDGE_LOOP('',(#1613,#1614,#1615,#1616,#1617,#1618,#1619,#1620,#1621,
#1622));
#5836=EDGE_LOOP('',(#1623,#1624,#1625,#1626,#1627,#1628,#1629,#1630,#1631,
#1632,#1633,#1634));
#5837=EDGE_LOOP('',(#1635,#1636,#1637,#1638));
#5838=EDGE_LOOP('',(#1639,#1640,#1641,#1642));
#5839=EDGE_LOOP('',(#1643,#1644,#1645,#1646));
#5840=EDGE_LOOP('',(#1647,#1648,#1649,#1650));
#5841=EDGE_LOOP('',(#1651,#1652,#1653,#1654));
#5842=EDGE_LOOP('',(#1655,#1656,#1657,#1658));
#5843=EDGE_LOOP('',(#1659,#1660,#1661,#1662));
#5844=EDGE_LOOP('',(#1663,#1664,#1665,#1666));
#5845=EDGE_LOOP('',(#1667,#1668,#1669,#1670));
#5846=EDGE_LOOP('',(#1671,#1672,#1673,#1674));
#5847=EDGE_LOOP('',(#1675,#1676,#1677,#1678));
#5848=EDGE_LOOP('',(#1679,#1680,#1681,#1682));
#5849=EDGE_LOOP('',(#1683,#1684,#1685,#1686));
#5850=EDGE_LOOP('',(#1687,#1688,#1689,#1690));
#5851=EDGE_LOOP('',(#1691,#1692,#1693,#1694));
#5852=EDGE_LOOP('',(#1695,#1696,#1697,#1698));
#5853=EDGE_LOOP('',(#1699,#1700,#1701,#1702));
#5854=EDGE_LOOP('',(#1703,#1704,#1705,#1706));
#5855=EDGE_LOOP('',(#1707,#1708,#1709,#1710));
#5856=EDGE_LOOP('',(#1711,#1712,#1713,#1714));
#5857=EDGE_LOOP('',(#1715,#1716,#1717,#1718));
#5858=EDGE_LOOP('',(#1719,#1720,#1721,#1722));
#5859=EDGE_LOOP('',(#1723,#1724,#1725,#1726));
#5860=EDGE_LOOP('',(#1727,#1728,#1729,#1730));
#5861=EDGE_LOOP('',(#1731,#1732,#1733,#1734));
#5862=EDGE_LOOP('',(#1735,#1736,#1737,#1738));
#5863=EDGE_LOOP('',(#1739,#1740,#1741,#1742));
#5864=EDGE_LOOP('',(#1743,#1744,#1745,#1746));
#5865=EDGE_LOOP('',(#1747,#1748,#1749,#1750));
#5866=EDGE_LOOP('',(#1751,#1752,#1753,#1754));
#5867=EDGE_LOOP('',(#1755,#1756,#1757,#1758));
#5868=EDGE_LOOP('',(#1759,#1760,#1761,#1762));
#5869=EDGE_LOOP('',(#1763,#1764,#1765,#1766));
#5870=EDGE_LOOP('',(#1767,#1768,#1769,#1770));
#5871=EDGE_LOOP('',(#1771,#1772,#1773,#1774));
#5872=EDGE_LOOP('',(#1775,#1776,#1777,#1778));
#5873=EDGE_LOOP('',(#1779,#1780,#1781,#1782));
#5874=EDGE_LOOP('',(#1783,#1784,#1785,#1786));
#5875=EDGE_LOOP('',(#1787,#1788,#1789,#1790));
#5876=EDGE_LOOP('',(#1791,#1792,#1793,#1794));
#5877=EDGE_LOOP('',(#1795,#1796,#1797,#1798));
#5878=EDGE_LOOP('',(#1799,#1800,#1801,#1802));
#5879=EDGE_LOOP('',(#1803,#1804,#1805,#1806));
#5880=EDGE_LOOP('',(#1807,#1808,#1809,#1810));
#5881=EDGE_LOOP('',(#1811,#1812,#1813,#1814));
#5882=EDGE_LOOP('',(#1815,#1816,#1817,#1818));
#5883=EDGE_LOOP('',(#1819,#1820,#1821,#1822));
#5884=EDGE_LOOP('',(#1823,#1824,#1825,#1826));
#5885=EDGE_LOOP('',(#1827,#1828,#1829,#1830));
#5886=EDGE_LOOP('',(#1831,#1832,#1833,#1834));
#5887=EDGE_LOOP('',(#1835,#1836,#1837,#1838));
#5888=EDGE_LOOP('',(#1839,#1840,#1841,#1842));
#5889=EDGE_LOOP('',(#1843,#1844,#1845,#1846));
#5890=EDGE_LOOP('',(#1847,#1848,#1849,#1850));
#5891=EDGE_LOOP('',(#1851,#1852,#1853,#1854));
#5892=EDGE_LOOP('',(#1855,#1856,#1857,#1858));
#5893=EDGE_LOOP('',(#1859,#1860,#1861,#1862));
#5894=EDGE_LOOP('',(#1863,#1864,#1865,#1866));
#5895=EDGE_LOOP('',(#1867,#1868,#1869,#1870));
#5896=EDGE_LOOP('',(#1871,#1872,#1873,#1874));
#5897=EDGE_LOOP('',(#1875,#1876,#1877,#1878));
#5898=EDGE_LOOP('',(#1879,#1880,#1881,#1882));
#5899=EDGE_LOOP('',(#1883,#1884,#1885,#1886));
#5900=EDGE_LOOP('',(#1887,#1888,#1889,#1890));
#5901=EDGE_LOOP('',(#1891,#1892,#1893,#1894));
#5902=EDGE_LOOP('',(#1895,#1896,#1897,#1898));
#5903=EDGE_LOOP('',(#1899,#1900,#1901,#1902));
#5904=EDGE_LOOP('',(#1903,#1904,#1905,#1906));
#5905=EDGE_LOOP('',(#1907,#1908,#1909,#1910));
#5906=EDGE_LOOP('',(#1911,#1912,#1913,#1914));
#5907=EDGE_LOOP('',(#1915,#1916,#1917,#1918));
#5908=EDGE_LOOP('',(#1919,#1920,#1921,#1922));
#5909=EDGE_LOOP('',(#1923,#1924,#1925,#1926));
#5910=EDGE_LOOP('',(#1927,#1928,#1929,#1930));
#5911=EDGE_LOOP('',(#1931,#1932,#1933,#1934));
#5912=EDGE_LOOP('',(#1935,#1936,#1937,#1938));
#5913=EDGE_LOOP('',(#1939,#1940,#1941,#1942));
#5914=EDGE_LOOP('',(#1943,#1944,#1945,#1946));
#5915=EDGE_LOOP('',(#1947,#1948,#1949,#1950));
#5916=EDGE_LOOP('',(#1951,#1952,#1953,#1954));
#5917=EDGE_LOOP('',(#1955,#1956,#1957,#1958));
#5918=EDGE_LOOP('',(#1959,#1960,#1961,#1962));
#5919=EDGE_LOOP('',(#1963,#1964,#1965,#1966,#1967,#1968,#1969,#1970,#1971,
#1972,#1973,#1974,#1975,#1976,#1977,#1978,#1979,#1980,#1981,#1982,#1983,
#1984));
#5920=EDGE_LOOP('',(#1985,#1986,#1987,#1988,#1989,#1990,#1991,#1992,#1993,
#1994));
#5921=EDGE_LOOP('',(#1995,#1996,#1997,#1998,#1999,#2000,#2001,#2002,#2003,
#2004,#2005,#2006,#2007,#2008,#2009,#2010,#2011,#2012,#2013,#2014,#2015));
#5922=EDGE_LOOP('',(#2016,#2017,#2018,#2019,#2020,#2021,#2022,#2023,#2024,
#2025));
#5923=EDGE_LOOP('',(#2026,#2027,#2028,#2029,#2030,#2031,#2032,#2033,#2034,
#2035,#2036,#2037,#2038,#2039,#2040,#2041));
#5924=EDGE_LOOP('',(#2042,#2043,#2044,#2045,#2046,#2047,#2048,#2049,#2050,
#2051));
#5925=EDGE_LOOP('',(#2052,#2053,#2054,#2055,#2056,#2057,#2058,#2059,#2060,
#2061,#2062,#2063,#2064,#2065,#2066,#2067,#2068,#2069,#2070,#2071,#2072,
#2073,#2074,#2075));
#5926=EDGE_LOOP('',(#2076,#2077,#2078,#2079,#2080,#2081,#2082,#2083,#2084,
#2085,#2086,#2087,#2088,#2089,#2090,#2091,#2092,#2093,#2094,#2095,#2096));
#5927=EDGE_LOOP('',(#2097,#2098,#2099,#2100,#2101,#2102,#2103,#2104,#2105,
#2106));
#5928=EDGE_LOOP('',(#2107,#2108,#2109,#2110,#2111,#2112,#2113,#2114,#2115,
#2116));
#5929=EDGE_LOOP('',(#2117,#2118,#2119,#2120,#2121,#2122,#2123,#2124,#2125,
#2126,#2127,#2128,#2129,#2130,#2131,#2132));
#5930=EDGE_LOOP('',(#2133,#2134,#2135,#2136,#2137,#2138,#2139,#2140,#2141,
#2142,#2143,#2144,#2145,#2146,#2147,#2148,#2149,#2150,#2151,#2152,#2153,
#2154));
#5931=EDGE_LOOP('',(#2155,#2156,#2157,#2158,#2159,#2160,#2161,#2162,#2163,
#2164));
#5932=EDGE_LOOP('',(#2165,#2166,#2167,#2168,#2169,#2170,#2171,#2172,#2173,
#2174,#2175,#2176,#2177,#2178,#2179,#2180,#2181,#2182,#2183,#2184,#2185,
#2186));
#5933=EDGE_LOOP('',(#2187,#2188,#2189,#2190,#2191,#2192,#2193,#2194,#2195,
#2196,#2197,#2198,#2199,#2200,#2201,#2202,#2203,#2204,#2205,#2206,#2207,
#2208,#2209,#2210,#2211,#2212,#2213));
#5934=EDGE_LOOP('',(#2214,#2215,#2216,#2217,#2218,#2219,#2220,#2221,#2222,
#2223,#2224,#2225,#2226,#2227,#2228,#2229,#2230,#2231,#2232,#2233,#2234,
#2235,#2236,#2237,#2238,#2239,#2240,#2241,#2242,#2243,#2244,#2245,#2246));
#5935=EDGE_LOOP('',(#2247,#2248,#2249,#2250,#2251,#2252,#2253,#2254));
#5936=EDGE_LOOP('',(#2255,#2256,#2257,#2258,#2259,#2260,#2261,#2262,#2263,
#2264));
#5937=EDGE_LOOP('',(#2265,#2266,#2267,#2268,#2269,#2270,#2271,#2272,#2273,
#2274,#2275,#2276,#2277,#2278,#2279,#2280));
#5938=EDGE_LOOP('',(#2281,#2282,#2283,#2284,#2285,#2286,#2287,#2288,#2289,
#2290,#2291,#2292));
#5939=EDGE_LOOP('',(#2293,#2294,#2295,#2296,#2297,#2298,#2299,#2300,#2301,
#2302,#2303,#2304));
#5940=EDGE_LOOP('',(#2305,#2306,#2307,#2308));
#5941=EDGE_LOOP('',(#2309,#2310,#2311,#2312));
#5942=EDGE_LOOP('',(#2313,#2314,#2315,#2316));
#5943=EDGE_LOOP('',(#2317,#2318,#2319,#2320));
#5944=EDGE_LOOP('',(#2321,#2322,#2323,#2324));
#5945=EDGE_LOOP('',(#2325,#2326,#2327,#2328));
#5946=EDGE_LOOP('',(#2329,#2330,#2331,#2332));
#5947=EDGE_LOOP('',(#2333,#2334,#2335,#2336));
#5948=EDGE_LOOP('',(#2337,#2338,#2339,#2340));
#5949=EDGE_LOOP('',(#2341,#2342,#2343,#2344));
#5950=EDGE_LOOP('',(#2345,#2346,#2347,#2348));
#5951=EDGE_LOOP('',(#2349,#2350,#2351,#2352));
#5952=EDGE_LOOP('',(#2353,#2354,#2355,#2356));
#5953=EDGE_LOOP('',(#2357,#2358,#2359,#2360));
#5954=EDGE_LOOP('',(#2361,#2362,#2363,#2364));
#5955=EDGE_LOOP('',(#2365,#2366,#2367,#2368));
#5956=EDGE_LOOP('',(#2369,#2370,#2371,#2372));
#5957=EDGE_LOOP('',(#2373,#2374,#2375,#2376));
#5958=EDGE_LOOP('',(#2377,#2378,#2379,#2380));
#5959=EDGE_LOOP('',(#2381,#2382,#2383,#2384));
#5960=EDGE_LOOP('',(#2385,#2386,#2387,#2388));
#5961=EDGE_LOOP('',(#2389,#2390,#2391,#2392));
#5962=EDGE_LOOP('',(#2393,#2394,#2395,#2396));
#5963=EDGE_LOOP('',(#2397,#2398,#2399,#2400));
#5964=EDGE_LOOP('',(#2401,#2402,#2403,#2404));
#5965=EDGE_LOOP('',(#2405,#2406,#2407,#2408));
#5966=EDGE_LOOP('',(#2409,#2410,#2411,#2412));
#5967=EDGE_LOOP('',(#2413,#2414,#2415,#2416));
#5968=EDGE_LOOP('',(#2417,#2418,#2419,#2420));
#5969=EDGE_LOOP('',(#2421,#2422,#2423,#2424));
#5970=EDGE_LOOP('',(#2425,#2426,#2427,#2428));
#5971=EDGE_LOOP('',(#2429,#2430,#2431,#2432));
#5972=EDGE_LOOP('',(#2433,#2434,#2435,#2436));
#5973=EDGE_LOOP('',(#2437,#2438,#2439,#2440));
#5974=EDGE_LOOP('',(#2441,#2442,#2443,#2444));
#5975=EDGE_LOOP('',(#2445,#2446,#2447,#2448));
#5976=EDGE_LOOP('',(#2449,#2450,#2451,#2452));
#5977=EDGE_LOOP('',(#2453,#2454,#2455,#2456));
#5978=EDGE_LOOP('',(#2457,#2458,#2459,#2460));
#5979=EDGE_LOOP('',(#2461,#2462,#2463,#2464));
#5980=EDGE_LOOP('',(#2465,#2466,#2467,#2468));
#5981=EDGE_LOOP('',(#2469,#2470,#2471,#2472));
#5982=EDGE_LOOP('',(#2473,#2474,#2475,#2476));
#5983=EDGE_LOOP('',(#2477,#2478,#2479,#2480));
#5984=EDGE_LOOP('',(#2481,#2482,#2483,#2484));
#5985=EDGE_LOOP('',(#2485,#2486,#2487,#2488));
#5986=EDGE_LOOP('',(#2489,#2490,#2491,#2492));
#5987=EDGE_LOOP('',(#2493,#2494,#2495,#2496));
#5988=EDGE_LOOP('',(#2497,#2498,#2499,#2500));
#5989=EDGE_LOOP('',(#2501,#2502,#2503,#2504));
#5990=EDGE_LOOP('',(#2505,#2506,#2507,#2508));
#5991=EDGE_LOOP('',(#2509,#2510,#2511,#2512));
#5992=EDGE_LOOP('',(#2513,#2514,#2515,#2516));
#5993=EDGE_LOOP('',(#2517,#2518,#2519,#2520));
#5994=EDGE_LOOP('',(#2521,#2522,#2523,#2524));
#5995=EDGE_LOOP('',(#2525,#2526,#2527,#2528));
#5996=EDGE_LOOP('',(#2529,#2530,#2531,#2532));
#5997=EDGE_LOOP('',(#2533,#2534,#2535,#2536));
#5998=EDGE_LOOP('',(#2537,#2538,#2539,#2540));
#5999=EDGE_LOOP('',(#2541,#2542,#2543,#2544));
#6000=EDGE_LOOP('',(#2545,#2546,#2547,#2548));
#6001=EDGE_LOOP('',(#2549,#2550,#2551,#2552));
#6002=EDGE_LOOP('',(#2553,#2554,#2555,#2556));
#6003=EDGE_LOOP('',(#2557,#2558,#2559,#2560));
#6004=EDGE_LOOP('',(#2561,#2562,#2563,#2564));
#6005=EDGE_LOOP('',(#2565,#2566,#2567,#2568));
#6006=EDGE_LOOP('',(#2569,#2570,#2571,#2572));
#6007=EDGE_LOOP('',(#2573,#2574,#2575,#2576));
#6008=EDGE_LOOP('',(#2577,#2578,#2579,#2580));
#6009=EDGE_LOOP('',(#2581,#2582,#2583,#2584));
#6010=EDGE_LOOP('',(#2585,#2586,#2587,#2588));
#6011=EDGE_LOOP('',(#2589,#2590,#2591,#2592));
#6012=EDGE_LOOP('',(#2593,#2594,#2595,#2596));
#6013=EDGE_LOOP('',(#2597,#2598,#2599,#2600));
#6014=EDGE_LOOP('',(#2601,#2602,#2603,#2604));
#6015=EDGE_LOOP('',(#2605,#2606,#2607,#2608));
#6016=EDGE_LOOP('',(#2609,#2610,#2611,#2612));
#6017=EDGE_LOOP('',(#2613,#2614,#2615,#2616));
#6018=EDGE_LOOP('',(#2617,#2618,#2619,#2620));
#6019=EDGE_LOOP('',(#2621,#2622,#2623,#2624));
#6020=EDGE_LOOP('',(#2625,#2626,#2627,#2628));
#6021=EDGE_LOOP('',(#2629,#2630,#2631,#2632));
#6022=EDGE_LOOP('',(#2633,#2634,#2635,#2636));
#6023=EDGE_LOOP('',(#2637,#2638,#2639,#2640));
#6024=EDGE_LOOP('',(#2641,#2642,#2643,#2644));
#6025=EDGE_LOOP('',(#2645,#2646,#2647,#2648));
#6026=EDGE_LOOP('',(#2649,#2650,#2651,#2652));
#6027=EDGE_LOOP('',(#2653,#2654,#2655,#2656));
#6028=EDGE_LOOP('',(#2657,#2658,#2659,#2660));
#6029=EDGE_LOOP('',(#2661,#2662,#2663,#2664));
#6030=EDGE_LOOP('',(#2665,#2666,#2667,#2668));
#6031=EDGE_LOOP('',(#2669,#2670,#2671,#2672));
#6032=EDGE_LOOP('',(#2673,#2674,#2675,#2676));
#6033=EDGE_LOOP('',(#2677,#2678,#2679,#2680));
#6034=EDGE_LOOP('',(#2681,#2682,#2683,#2684));
#6035=EDGE_LOOP('',(#2685,#2686,#2687,#2688));
#6036=EDGE_LOOP('',(#2689,#2690,#2691,#2692));
#6037=EDGE_LOOP('',(#2693,#2694,#2695,#2696));
#6038=EDGE_LOOP('',(#2697,#2698,#2699,#2700));
#6039=EDGE_LOOP('',(#2701,#2702,#2703,#2704));
#6040=EDGE_LOOP('',(#2705,#2706,#2707,#2708));
#6041=EDGE_LOOP('',(#2709,#2710,#2711,#2712));
#6042=EDGE_LOOP('',(#2713,#2714,#2715,#2716));
#6043=EDGE_LOOP('',(#2717,#2718,#2719,#2720));
#6044=EDGE_LOOP('',(#2721,#2722,#2723,#2724));
#6045=EDGE_LOOP('',(#2725,#2726,#2727,#2728));
#6046=EDGE_LOOP('',(#2729,#2730,#2731,#2732));
#6047=EDGE_LOOP('',(#2733,#2734,#2735,#2736));
#6048=EDGE_LOOP('',(#2737,#2738,#2739,#2740));
#6049=EDGE_LOOP('',(#2741,#2742,#2743,#2744));
#6050=EDGE_LOOP('',(#2745,#2746,#2747,#2748));
#6051=EDGE_LOOP('',(#2749,#2750,#2751,#2752));
#6052=EDGE_LOOP('',(#2753,#2754,#2755,#2756));
#6053=EDGE_LOOP('',(#2757,#2758,#2759,#2760));
#6054=EDGE_LOOP('',(#2761,#2762,#2763,#2764));
#6055=EDGE_LOOP('',(#2765,#2766,#2767,#2768));
#6056=EDGE_LOOP('',(#2769,#2770,#2771,#2772));
#6057=EDGE_LOOP('',(#2773,#2774,#2775,#2776));
#6058=EDGE_LOOP('',(#2777,#2778,#2779,#2780));
#6059=EDGE_LOOP('',(#2781,#2782,#2783,#2784));
#6060=EDGE_LOOP('',(#2785,#2786,#2787,#2788));
#6061=EDGE_LOOP('',(#2789,#2790,#2791,#2792));
#6062=EDGE_LOOP('',(#2793,#2794,#2795,#2796));
#6063=EDGE_LOOP('',(#2797,#2798,#2799,#2800));
#6064=EDGE_LOOP('',(#2801,#2802,#2803,#2804));
#6065=EDGE_LOOP('',(#2805,#2806,#2807,#2808));
#6066=EDGE_LOOP('',(#2809,#2810,#2811,#2812));
#6067=EDGE_LOOP('',(#2813,#2814,#2815,#2816));
#6068=EDGE_LOOP('',(#2817,#2818,#2819,#2820));
#6069=EDGE_LOOP('',(#2821,#2822,#2823,#2824));
#6070=EDGE_LOOP('',(#2825,#2826,#2827,#2828));
#6071=EDGE_LOOP('',(#2829,#2830,#2831,#2832));
#6072=EDGE_LOOP('',(#2833,#2834,#2835,#2836));
#6073=EDGE_LOOP('',(#2837,#2838,#2839,#2840));
#6074=EDGE_LOOP('',(#2841,#2842,#2843,#2844));
#6075=EDGE_LOOP('',(#2845,#2846,#2847,#2848));
#6076=EDGE_LOOP('',(#2849,#2850,#2851,#2852));
#6077=EDGE_LOOP('',(#2853,#2854,#2855,#2856));
#6078=EDGE_LOOP('',(#2857,#2858,#2859,#2860));
#6079=EDGE_LOOP('',(#2861,#2862,#2863,#2864));
#6080=EDGE_LOOP('',(#2865,#2866,#2867,#2868));
#6081=EDGE_LOOP('',(#2869,#2870,#2871,#2872));
#6082=EDGE_LOOP('',(#2873,#2874,#2875,#2876));
#6083=EDGE_LOOP('',(#2877,#2878,#2879,#2880));
#6084=EDGE_LOOP('',(#2881,#2882,#2883,#2884));
#6085=EDGE_LOOP('',(#2885,#2886,#2887,#2888));
#6086=EDGE_LOOP('',(#2889,#2890,#2891,#2892));
#6087=EDGE_LOOP('',(#2893,#2894,#2895,#2896));
#6088=EDGE_LOOP('',(#2897,#2898,#2899,#2900));
#6089=EDGE_LOOP('',(#2901,#2902,#2903,#2904));
#6090=EDGE_LOOP('',(#2905,#2906,#2907,#2908));
#6091=EDGE_LOOP('',(#2909,#2910,#2911,#2912));
#6092=EDGE_LOOP('',(#2913,#2914,#2915,#2916));
#6093=EDGE_LOOP('',(#2917,#2918,#2919,#2920));
#6094=EDGE_LOOP('',(#2921,#2922,#2923,#2924));
#6095=EDGE_LOOP('',(#2925,#2926,#2927,#2928));
#6096=EDGE_LOOP('',(#2929,#2930,#2931,#2932));
#6097=EDGE_LOOP('',(#2933,#2934,#2935,#2936));
#6098=EDGE_LOOP('',(#2937,#2938,#2939,#2940));
#6099=EDGE_LOOP('',(#2941,#2942,#2943,#2944));
#6100=EDGE_LOOP('',(#2945,#2946,#2947,#2948));
#6101=EDGE_LOOP('',(#2949,#2950,#2951,#2952));
#6102=EDGE_LOOP('',(#2953,#2954,#2955,#2956));
#6103=EDGE_LOOP('',(#2957,#2958,#2959,#2960));
#6104=EDGE_LOOP('',(#2961,#2962,#2963,#2964));
#6105=EDGE_LOOP('',(#2965,#2966,#2967,#2968));
#6106=EDGE_LOOP('',(#2969,#2970,#2971,#2972));
#6107=EDGE_LOOP('',(#2973,#2974,#2975,#2976));
#6108=EDGE_LOOP('',(#2977,#2978,#2979,#2980));
#6109=EDGE_LOOP('',(#2981,#2982,#2983,#2984));
#6110=EDGE_LOOP('',(#2985,#2986,#2987,#2988));
#6111=EDGE_LOOP('',(#2989,#2990,#2991,#2992));
#6112=EDGE_LOOP('',(#2993,#2994,#2995,#2996));
#6113=EDGE_LOOP('',(#2997,#2998,#2999,#3000));
#6114=EDGE_LOOP('',(#3001,#3002,#3003,#3004));
#6115=EDGE_LOOP('',(#3005,#3006,#3007,#3008));
#6116=EDGE_LOOP('',(#3009,#3010,#3011,#3012));
#6117=EDGE_LOOP('',(#3013,#3014,#3015,#3016));
#6118=EDGE_LOOP('',(#3017,#3018,#3019,#3020));
#6119=EDGE_LOOP('',(#3021,#3022,#3023,#3024));
#6120=EDGE_LOOP('',(#3025,#3026,#3027,#3028));
#6121=EDGE_LOOP('',(#3029,#3030,#3031,#3032));
#6122=EDGE_LOOP('',(#3033,#3034,#3035,#3036));
#6123=EDGE_LOOP('',(#3037,#3038,#3039,#3040));
#6124=EDGE_LOOP('',(#3041,#3042,#3043,#3044));
#6125=EDGE_LOOP('',(#3045,#3046,#3047,#3048));
#6126=EDGE_LOOP('',(#3049,#3050,#3051,#3052));
#6127=EDGE_LOOP('',(#3053,#3054,#3055,#3056));
#6128=EDGE_LOOP('',(#3057,#3058,#3059,#3060));
#6129=EDGE_LOOP('',(#3061,#3062,#3063,#3064));
#6130=EDGE_LOOP('',(#3065,#3066,#3067,#3068));
#6131=EDGE_LOOP('',(#3069,#3070,#3071,#3072));
#6132=EDGE_LOOP('',(#3073,#3074,#3075,#3076));
#6133=EDGE_LOOP('',(#3077,#3078,#3079,#3080));
#6134=EDGE_LOOP('',(#3081,#3082,#3083,#3084));
#6135=EDGE_LOOP('',(#3085,#3086,#3087,#3088));
#6136=EDGE_LOOP('',(#3089,#3090,#3091,#3092));
#6137=EDGE_LOOP('',(#3093,#3094,#3095,#3096));
#6138=EDGE_LOOP('',(#3097,#3098,#3099,#3100));
#6139=EDGE_LOOP('',(#3101,#3102,#3103,#3104));
#6140=EDGE_LOOP('',(#3105,#3106,#3107,#3108));
#6141=EDGE_LOOP('',(#3109,#3110,#3111,#3112));
#6142=EDGE_LOOP('',(#3113,#3114,#3115,#3116));
#6143=EDGE_LOOP('',(#3117,#3118,#3119,#3120));
#6144=EDGE_LOOP('',(#3121,#3122,#3123,#3124));
#6145=EDGE_LOOP('',(#3125,#3126,#3127,#3128));
#6146=EDGE_LOOP('',(#3129,#3130,#3131,#3132));
#6147=EDGE_LOOP('',(#3133,#3134,#3135,#3136));
#6148=EDGE_LOOP('',(#3137,#3138,#3139,#3140));
#6149=EDGE_LOOP('',(#3141,#3142,#3143,#3144));
#6150=EDGE_LOOP('',(#3145,#3146,#3147,#3148));
#6151=EDGE_LOOP('',(#3149,#3150,#3151,#3152));
#6152=EDGE_LOOP('',(#3153,#3154,#3155,#3156));
#6153=EDGE_LOOP('',(#3157,#3158,#3159,#3160));
#6154=EDGE_LOOP('',(#3161,#3162,#3163,#3164));
#6155=EDGE_LOOP('',(#3165,#3166,#3167,#3168));
#6156=EDGE_LOOP('',(#3169,#3170,#3171,#3172));
#6157=EDGE_LOOP('',(#3173,#3174,#3175,#3176));
#6158=EDGE_LOOP('',(#3177,#3178,#3179,#3180));
#6159=EDGE_LOOP('',(#3181,#3182,#3183,#3184));
#6160=EDGE_LOOP('',(#3185,#3186,#3187,#3188));
#6161=EDGE_LOOP('',(#3189,#3190,#3191,#3192));
#6162=EDGE_LOOP('',(#3193,#3194,#3195,#3196));
#6163=EDGE_LOOP('',(#3197,#3198,#3199,#3200));
#6164=EDGE_LOOP('',(#3201,#3202,#3203,#3204));
#6165=EDGE_LOOP('',(#3205,#3206,#3207,#3208));
#6166=EDGE_LOOP('',(#3209,#3210,#3211,#3212));
#6167=EDGE_LOOP('',(#3213,#3214,#3215,#3216));
#6168=EDGE_LOOP('',(#3217,#3218,#3219,#3220));
#6169=EDGE_LOOP('',(#3221,#3222,#3223,#3224));
#6170=EDGE_LOOP('',(#3225,#3226,#3227,#3228));
#6171=EDGE_LOOP('',(#3229,#3230,#3231,#3232));
#6172=EDGE_LOOP('',(#3233,#3234,#3235,#3236));
#6173=EDGE_LOOP('',(#3237,#3238,#3239,#3240));
#6174=EDGE_LOOP('',(#3241,#3242,#3243,#3244));
#6175=EDGE_LOOP('',(#3245,#3246,#3247,#3248));
#6176=EDGE_LOOP('',(#3249,#3250,#3251,#3252));
#6177=EDGE_LOOP('',(#3253,#3254,#3255,#3256));
#6178=EDGE_LOOP('',(#3257,#3258,#3259,#3260));
#6179=EDGE_LOOP('',(#3261,#3262,#3263,#3264));
#6180=EDGE_LOOP('',(#3265,#3266,#3267,#3268));
#6181=EDGE_LOOP('',(#3269,#3270,#3271,#3272));
#6182=EDGE_LOOP('',(#3273,#3274,#3275,#3276));
#6183=EDGE_LOOP('',(#3277,#3278,#3279,#3280));
#6184=EDGE_LOOP('',(#3281,#3282,#3283,#3284));
#6185=EDGE_LOOP('',(#3285,#3286,#3287,#3288));
#6186=EDGE_LOOP('',(#3289,#3290,#3291,#3292));
#6187=EDGE_LOOP('',(#3293,#3294,#3295,#3296));
#6188=EDGE_LOOP('',(#3297,#3298,#3299,#3300));
#6189=EDGE_LOOP('',(#3301,#3302,#3303,#3304));
#6190=EDGE_LOOP('',(#3305,#3306,#3307,#3308));
#6191=EDGE_LOOP('',(#3309,#3310,#3311,#3312));
#6192=EDGE_LOOP('',(#3313,#3314,#3315,#3316));
#6193=EDGE_LOOP('',(#3317,#3318,#3319,#3320));
#6194=EDGE_LOOP('',(#3321,#3322,#3323,#3324));
#6195=EDGE_LOOP('',(#3325,#3326,#3327,#3328));
#6196=EDGE_LOOP('',(#3329,#3330,#3331,#3332));
#6197=EDGE_LOOP('',(#3333,#3334,#3335,#3336));
#6198=EDGE_LOOP('',(#3337,#3338,#3339,#3340));
#6199=EDGE_LOOP('',(#3341,#3342,#3343,#3344));
#6200=EDGE_LOOP('',(#3345,#3346,#3347,#3348,#3349,#3350,#3351,#3352,#3353,
#3354,#3355,#3356));
#6201=EDGE_LOOP('',(#3357,#3358,#3359,#3360,#3361,#3362,#3363,#3364,#3365,
#3366,#3367,#3368,#3369,#3370,#3371,#3372));
#6202=EDGE_LOOP('',(#3373,#3374,#3375,#3376,#3377,#3378,#3379,#3380));
#6203=EDGE_LOOP('',(#3381,#3382,#3383,#3384,#3385,#3386,#3387,#3388,#3389,
#3390,#3391,#3392,#3393,#3394,#3395,#3396,#3397,#3398,#3399,#3400,#3401,
#3402,#3403,#3404,#3405,#3406,#3407,#3408,#3409,#3410,#3411,#3412,#3413));
#6204=EDGE_LOOP('',(#3414,#3415,#3416,#3417,#3418,#3419,#3420,#3421,#3422,
#3423,#3424,#3425,#3426,#3427,#3428,#3429,#3430,#3431,#3432,#3433,#3434,
#3435,#3436,#3437,#3438,#3439,#3440));
#6205=EDGE_LOOP('',(#3441,#3442,#3443,#3444,#3445,#3446,#3447,#3448,#3449,
#3450,#3451,#3452,#3453,#3454,#3455,#3456,#3457,#3458,#3459,#3460,#3461,
#3462));
#6206=EDGE_LOOP('',(#3463,#3464,#3465,#3466,#3467,#3468,#3469,#3470,#3471,
#3472,#3473,#3474,#3475,#3476,#3477,#3478,#3479,#3480,#3481,#3482,#3483,
#3484));
#6207=EDGE_LOOP('',(#3485,#3486,#3487,#3488,#3489,#3490,#3491,#3492,#3493,
#3494,#3495,#3496,#3497,#3498,#3499,#3500));
#6208=EDGE_LOOP('',(#3501,#3502,#3503,#3504,#3505,#3506,#3507,#3508,#3509,
#3510,#3511,#3512,#3513,#3514,#3515,#3516,#3517,#3518,#3519,#3520,#3521));
#6209=EDGE_LOOP('',(#3522,#3523,#3524,#3525));
#6210=EDGE_LOOP('',(#3526,#3527,#3528,#3529,#3530,#3531,#3532,#3533,#3534,
#3535,#3536,#3537,#3538,#3539,#3540,#3541,#3542,#3543,#3544,#3545,#3546,
#3547,#3548,#3549));
#6211=EDGE_LOOP('',(#3550,#3551,#3552,#3553,#3554,#3555,#3556,#3557,#3558,
#3559,#3560,#3561,#3562,#3563,#3564,#3565));
#6212=EDGE_LOOP('',(#3566,#3567,#3568,#3569,#3570,#3571,#3572,#3573,#3574,
#3575,#3576,#3577,#3578,#3579,#3580,#3581,#3582,#3583,#3584,#3585,#3586));
#6213=EDGE_LOOP('',(#3587,#3588,#3589,#3590,#3591,#3592,#3593,#3594,#3595,
#3596,#3597,#3598,#3599,#3600,#3601,#3602,#3603,#3604,#3605,#3606,#3607,
#3608));
#6214=EDGE_LOOP('',(#3609,#3610,#3611,#3612));
#6215=EDGE_LOOP('',(#3613,#3614,#3615,#3616));
#6216=EDGE_LOOP('',(#3617,#3618,#3619,#3620,#3621,#3622));
#6217=EDGE_LOOP('',(#3623,#3624,#3625,#3626));
#6218=EDGE_LOOP('',(#3627,#3628,#3629,#3630));
#6219=EDGE_LOOP('',(#3631,#3632,#3633,#3634));
#6220=EDGE_LOOP('',(#3635,#3636,#3637,#3638));
#6221=EDGE_LOOP('',(#3639,#3640,#3641,#3642));
#6222=EDGE_LOOP('',(#3643,#3644,#3645,#3646));
#6223=EDGE_LOOP('',(#3647,#3648,#3649,#3650));
#6224=EDGE_LOOP('',(#3651,#3652,#3653,#3654,#3655,#3656));
#6225=EDGE_LOOP('',(#3657,#3658,#3659,#3660,#3661,#3662,#3663,#3664,#3665,
#3666));
#6226=EDGE_LOOP('',(#3667,#3668,#3669,#3670,#3671,#3672,#3673,#3674,#3675,
#3676));
#6227=FACE_BOUND('',#5829,.T.);
#6228=FACE_BOUND('',#5830,.T.);
#6229=FACE_BOUND('',#5831,.T.);
#6230=FACE_BOUND('',#5832,.T.);
#6231=FACE_BOUND('',#5833,.T.);
#6232=FACE_BOUND('',#5834,.T.);
#6233=FACE_BOUND('',#5835,.T.);
#6234=FACE_BOUND('',#5836,.T.);
#6235=FACE_BOUND('',#5837,.T.);
#6236=FACE_BOUND('',#5838,.T.);
#6237=FACE_BOUND('',#5839,.T.);
#6238=FACE_BOUND('',#5840,.T.);
#6239=FACE_BOUND('',#5841,.T.);
#6240=FACE_BOUND('',#5842,.T.);
#6241=FACE_BOUND('',#5843,.T.);
#6242=FACE_BOUND('',#5844,.T.);
#6243=FACE_BOUND('',#5845,.T.);
#6244=FACE_BOUND('',#5846,.T.);
#6245=FACE_BOUND('',#5847,.T.);
#6246=FACE_BOUND('',#5848,.T.);
#6247=FACE_BOUND('',#5849,.T.);
#6248=FACE_BOUND('',#5850,.T.);
#6249=FACE_BOUND('',#5851,.T.);
#6250=FACE_BOUND('',#5852,.T.);
#6251=FACE_BOUND('',#5853,.T.);
#6252=FACE_BOUND('',#5854,.T.);
#6253=FACE_BOUND('',#5855,.T.);
#6254=FACE_BOUND('',#5856,.T.);
#6255=FACE_BOUND('',#5857,.T.);
#6256=FACE_BOUND('',#5858,.T.);
#6257=FACE_BOUND('',#5859,.T.);
#6258=FACE_BOUND('',#5860,.T.);
#6259=FACE_BOUND('',#5861,.T.);
#6260=FACE_BOUND('',#5862,.T.);
#6261=FACE_BOUND('',#5863,.T.);
#6262=FACE_BOUND('',#5864,.T.);
#6263=FACE_BOUND('',#5865,.T.);
#6264=FACE_BOUND('',#5866,.T.);
#6265=FACE_BOUND('',#5867,.T.);
#6266=FACE_BOUND('',#5868,.T.);
#6267=FACE_BOUND('',#5869,.T.);
#6268=FACE_BOUND('',#5870,.T.);
#6269=FACE_BOUND('',#5871,.T.);
#6270=FACE_BOUND('',#5872,.T.);
#6271=FACE_BOUND('',#5873,.T.);
#6272=FACE_BOUND('',#5874,.T.);
#6273=FACE_BOUND('',#5875,.T.);
#6274=FACE_BOUND('',#5876,.T.);
#6275=FACE_BOUND('',#5877,.T.);
#6276=FACE_BOUND('',#5878,.T.);
#6277=FACE_BOUND('',#5879,.T.);
#6278=FACE_BOUND('',#5880,.T.);
#6279=FACE_BOUND('',#5881,.T.);
#6280=FACE_BOUND('',#5882,.T.);
#6281=FACE_BOUND('',#5883,.T.);
#6282=FACE_BOUND('',#5884,.T.);
#6283=FACE_BOUND('',#5885,.T.);
#6284=FACE_BOUND('',#5886,.T.);
#6285=FACE_BOUND('',#5887,.T.);
#6286=FACE_BOUND('',#5888,.T.);
#6287=FACE_BOUND('',#5889,.T.);
#6288=FACE_BOUND('',#5890,.T.);
#6289=FACE_BOUND('',#5891,.T.);
#6290=FACE_BOUND('',#5892,.T.);
#6291=FACE_BOUND('',#5893,.T.);
#6292=FACE_BOUND('',#5894,.T.);
#6293=FACE_BOUND('',#5895,.T.);
#6294=FACE_BOUND('',#5896,.T.);
#6295=FACE_BOUND('',#5897,.T.);
#6296=FACE_BOUND('',#5898,.T.);
#6297=FACE_BOUND('',#5899,.T.);
#6298=FACE_BOUND('',#5900,.T.);
#6299=FACE_BOUND('',#5901,.T.);
#6300=FACE_BOUND('',#5902,.T.);
#6301=FACE_BOUND('',#5903,.T.);
#6302=FACE_BOUND('',#5904,.T.);
#6303=FACE_BOUND('',#5905,.T.);
#6304=FACE_BOUND('',#5906,.T.);
#6305=FACE_BOUND('',#5907,.T.);
#6306=FACE_BOUND('',#5908,.T.);
#6307=FACE_BOUND('',#5909,.T.);
#6308=FACE_BOUND('',#5910,.T.);
#6309=FACE_BOUND('',#5911,.T.);
#6310=FACE_BOUND('',#5912,.T.);
#6311=FACE_BOUND('',#5913,.T.);
#6312=FACE_BOUND('',#5914,.T.);
#6313=FACE_BOUND('',#5915,.T.);
#6314=FACE_BOUND('',#5916,.T.);
#6315=FACE_BOUND('',#5917,.T.);
#6316=FACE_BOUND('',#5918,.T.);
#6317=FACE_BOUND('',#5919,.T.);
#6318=FACE_BOUND('',#5920,.T.);
#6319=FACE_BOUND('',#5921,.T.);
#6320=FACE_BOUND('',#5922,.T.);
#6321=FACE_BOUND('',#5923,.T.);
#6322=FACE_BOUND('',#5924,.T.);
#6323=FACE_BOUND('',#5925,.T.);
#6324=FACE_BOUND('',#5926,.T.);
#6325=FACE_BOUND('',#5927,.T.);
#6326=FACE_BOUND('',#5928,.T.);
#6327=FACE_BOUND('',#5929,.T.);
#6328=FACE_BOUND('',#5930,.T.);
#6329=FACE_BOUND('',#5931,.T.);
#6330=FACE_BOUND('',#5932,.T.);
#6331=FACE_BOUND('',#5933,.T.);
#6332=FACE_BOUND('',#5934,.T.);
#6333=FACE_BOUND('',#5935,.T.);
#6334=FACE_BOUND('',#5936,.T.);
#6335=FACE_BOUND('',#5937,.T.);
#6336=FACE_BOUND('',#5938,.T.);
#6337=FACE_BOUND('',#5939,.T.);
#6338=FACE_BOUND('',#5940,.T.);
#6339=FACE_BOUND('',#5941,.T.);
#6340=FACE_BOUND('',#5942,.T.);
#6341=FACE_BOUND('',#5943,.T.);
#6342=FACE_BOUND('',#5944,.T.);
#6343=FACE_BOUND('',#5945,.T.);
#6344=FACE_BOUND('',#5946,.T.);
#6345=FACE_BOUND('',#5947,.T.);
#6346=FACE_BOUND('',#5948,.T.);
#6347=FACE_BOUND('',#5949,.T.);
#6348=FACE_BOUND('',#5950,.T.);
#6349=FACE_BOUND('',#5951,.T.);
#6350=FACE_BOUND('',#5952,.T.);
#6351=FACE_BOUND('',#5953,.T.);
#6352=FACE_BOUND('',#5954,.T.);
#6353=FACE_BOUND('',#5955,.T.);
#6354=FACE_BOUND('',#5956,.T.);
#6355=FACE_BOUND('',#5957,.T.);
#6356=FACE_BOUND('',#5958,.T.);
#6357=FACE_BOUND('',#5959,.T.);
#6358=FACE_BOUND('',#5960,.T.);
#6359=FACE_BOUND('',#5961,.T.);
#6360=FACE_BOUND('',#5962,.T.);
#6361=FACE_BOUND('',#5963,.T.);
#6362=FACE_BOUND('',#5964,.T.);
#6363=FACE_BOUND('',#5965,.T.);
#6364=FACE_BOUND('',#5966,.T.);
#6365=FACE_BOUND('',#5967,.T.);
#6366=FACE_BOUND('',#5968,.T.);
#6367=FACE_BOUND('',#5969,.T.);
#6368=FACE_BOUND('',#5970,.T.);
#6369=FACE_BOUND('',#5971,.T.);
#6370=FACE_BOUND('',#5972,.T.);
#6371=FACE_BOUND('',#5973,.T.);
#6372=FACE_BOUND('',#5974,.T.);
#6373=FACE_BOUND('',#5975,.T.);
#6374=FACE_BOUND('',#5976,.T.);
#6375=FACE_BOUND('',#5977,.T.);
#6376=FACE_BOUND('',#5978,.T.);
#6377=FACE_BOUND('',#5979,.T.);
#6378=FACE_BOUND('',#5980,.T.);
#6379=FACE_BOUND('',#5981,.T.);
#6380=FACE_BOUND('',#5982,.T.);
#6381=FACE_BOUND('',#5983,.T.);
#6382=FACE_BOUND('',#5984,.T.);
#6383=FACE_BOUND('',#5985,.T.);
#6384=FACE_BOUND('',#5986,.T.);
#6385=FACE_BOUND('',#5987,.T.);
#6386=FACE_BOUND('',#5988,.T.);
#6387=FACE_BOUND('',#5989,.T.);
#6388=FACE_BOUND('',#5990,.T.);
#6389=FACE_BOUND('',#5991,.T.);
#6390=FACE_BOUND('',#5992,.T.);
#6391=FACE_BOUND('',#5993,.T.);
#6392=FACE_BOUND('',#5994,.T.);
#6393=FACE_BOUND('',#5995,.T.);
#6394=FACE_BOUND('',#5996,.T.);
#6395=FACE_BOUND('',#5997,.T.);
#6396=FACE_BOUND('',#5998,.T.);
#6397=FACE_BOUND('',#5999,.T.);
#6398=FACE_BOUND('',#6000,.T.);
#6399=FACE_BOUND('',#6001,.T.);
#6400=FACE_BOUND('',#6002,.T.);
#6401=FACE_BOUND('',#6003,.T.);
#6402=FACE_BOUND('',#6004,.T.);
#6403=FACE_BOUND('',#6005,.T.);
#6404=FACE_BOUND('',#6006,.T.);
#6405=FACE_BOUND('',#6007,.T.);
#6406=FACE_BOUND('',#6008,.T.);
#6407=FACE_BOUND('',#6009,.T.);
#6408=FACE_BOUND('',#6010,.T.);
#6409=FACE_BOUND('',#6011,.T.);
#6410=FACE_BOUND('',#6012,.T.);
#6411=FACE_BOUND('',#6013,.T.);
#6412=FACE_BOUND('',#6014,.T.);
#6413=FACE_BOUND('',#6015,.T.);
#6414=FACE_BOUND('',#6016,.T.);
#6415=FACE_BOUND('',#6017,.T.);
#6416=FACE_BOUND('',#6018,.T.);
#6417=FACE_BOUND('',#6019,.T.);
#6418=FACE_BOUND('',#6020,.T.);
#6419=FACE_BOUND('',#6021,.T.);
#6420=FACE_BOUND('',#6022,.T.);
#6421=FACE_BOUND('',#6023,.T.);
#6422=FACE_BOUND('',#6024,.T.);
#6423=FACE_BOUND('',#6025,.T.);
#6424=FACE_BOUND('',#6026,.T.);
#6425=FACE_BOUND('',#6027,.T.);
#6426=FACE_BOUND('',#6028,.T.);
#6427=FACE_BOUND('',#6029,.T.);
#6428=FACE_BOUND('',#6030,.T.);
#6429=FACE_BOUND('',#6031,.T.);
#6430=FACE_BOUND('',#6032,.T.);
#6431=FACE_BOUND('',#6033,.T.);
#6432=FACE_BOUND('',#6034,.T.);
#6433=FACE_BOUND('',#6035,.T.);
#6434=FACE_BOUND('',#6036,.T.);
#6435=FACE_BOUND('',#6037,.T.);
#6436=FACE_BOUND('',#6038,.T.);
#6437=FACE_BOUND('',#6039,.T.);
#6438=FACE_BOUND('',#6040,.T.);
#6439=FACE_BOUND('',#6041,.T.);
#6440=FACE_BOUND('',#6042,.T.);
#6441=FACE_BOUND('',#6043,.T.);
#6442=FACE_BOUND('',#6044,.T.);
#6443=FACE_BOUND('',#6045,.T.);
#6444=FACE_BOUND('',#6046,.T.);
#6445=FACE_BOUND('',#6047,.T.);
#6446=FACE_BOUND('',#6048,.T.);
#6447=FACE_BOUND('',#6049,.T.);
#6448=FACE_BOUND('',#6050,.T.);
#6449=FACE_BOUND('',#6051,.T.);
#6450=FACE_BOUND('',#6052,.T.);
#6451=FACE_BOUND('',#6053,.T.);
#6452=FACE_BOUND('',#6054,.T.);
#6453=FACE_BOUND('',#6055,.T.);
#6454=FACE_BOUND('',#6056,.T.);
#6455=FACE_BOUND('',#6057,.T.);
#6456=FACE_BOUND('',#6058,.T.);
#6457=FACE_BOUND('',#6059,.T.);
#6458=FACE_BOUND('',#6060,.T.);
#6459=FACE_BOUND('',#6061,.T.);
#6460=FACE_BOUND('',#6062,.T.);
#6461=FACE_BOUND('',#6063,.T.);
#6462=FACE_BOUND('',#6064,.T.);
#6463=FACE_BOUND('',#6065,.T.);
#6464=FACE_BOUND('',#6066,.T.);
#6465=FACE_BOUND('',#6067,.T.);
#6466=FACE_BOUND('',#6068,.T.);
#6467=FACE_BOUND('',#6069,.T.);
#6468=FACE_BOUND('',#6070,.T.);
#6469=FACE_BOUND('',#6071,.T.);
#6470=FACE_BOUND('',#6072,.T.);
#6471=FACE_BOUND('',#6073,.T.);
#6472=FACE_BOUND('',#6074,.T.);
#6473=FACE_BOUND('',#6075,.T.);
#6474=FACE_BOUND('',#6076,.T.);
#6475=FACE_BOUND('',#6077,.T.);
#6476=FACE_BOUND('',#6078,.T.);
#6477=FACE_BOUND('',#6079,.T.);
#6478=FACE_BOUND('',#6080,.T.);
#6479=FACE_BOUND('',#6081,.T.);
#6480=FACE_BOUND('',#6082,.T.);
#6481=FACE_BOUND('',#6083,.T.);
#6482=FACE_BOUND('',#6084,.T.);
#6483=FACE_BOUND('',#6085,.T.);
#6484=FACE_BOUND('',#6086,.T.);
#6485=FACE_BOUND('',#6087,.T.);
#6486=FACE_BOUND('',#6088,.T.);
#6487=FACE_BOUND('',#6089,.T.);
#6488=FACE_BOUND('',#6090,.T.);
#6489=FACE_BOUND('',#6091,.T.);
#6490=FACE_BOUND('',#6092,.T.);
#6491=FACE_BOUND('',#6093,.T.);
#6492=FACE_BOUND('',#6094,.T.);
#6493=FACE_BOUND('',#6095,.T.);
#6494=FACE_BOUND('',#6096,.T.);
#6495=FACE_BOUND('',#6097,.T.);
#6496=FACE_BOUND('',#6098,.T.);
#6497=FACE_BOUND('',#6099,.T.);
#6498=FACE_BOUND('',#6100,.T.);
#6499=FACE_BOUND('',#6101,.T.);
#6500=FACE_BOUND('',#6102,.T.);
#6501=FACE_BOUND('',#6103,.T.);
#6502=FACE_BOUND('',#6104,.T.);
#6503=FACE_BOUND('',#6105,.T.);
#6504=FACE_BOUND('',#6106,.T.);
#6505=FACE_BOUND('',#6107,.T.);
#6506=FACE_BOUND('',#6108,.T.);
#6507=FACE_BOUND('',#6109,.T.);
#6508=FACE_BOUND('',#6110,.T.);
#6509=FACE_BOUND('',#6111,.T.);
#6510=FACE_BOUND('',#6112,.T.);
#6511=FACE_BOUND('',#6113,.T.);
#6512=FACE_BOUND('',#6114,.T.);
#6513=FACE_BOUND('',#6115,.T.);
#6514=FACE_BOUND('',#6116,.T.);
#6515=FACE_BOUND('',#6117,.T.);
#6516=FACE_BOUND('',#6118,.T.);
#6517=FACE_BOUND('',#6119,.T.);
#6518=FACE_BOUND('',#6120,.T.);
#6519=FACE_BOUND('',#6121,.T.);
#6520=FACE_BOUND('',#6122,.T.);
#6521=FACE_BOUND('',#6123,.T.);
#6522=FACE_BOUND('',#6124,.T.);
#6523=FACE_BOUND('',#6125,.T.);
#6524=FACE_BOUND('',#6126,.T.);
#6525=FACE_BOUND('',#6127,.T.);
#6526=FACE_BOUND('',#6128,.T.);
#6527=FACE_BOUND('',#6129,.T.);
#6528=FACE_BOUND('',#6130,.T.);
#6529=FACE_BOUND('',#6131,.T.);
#6530=FACE_BOUND('',#6132,.T.);
#6531=FACE_BOUND('',#6133,.T.);
#6532=FACE_BOUND('',#6134,.T.);
#6533=FACE_BOUND('',#6135,.T.);
#6534=FACE_BOUND('',#6136,.T.);
#6535=FACE_BOUND('',#6137,.T.);
#6536=FACE_BOUND('',#6138,.T.);
#6537=FACE_BOUND('',#6139,.T.);
#6538=FACE_BOUND('',#6140,.T.);
#6539=FACE_BOUND('',#6141,.T.);
#6540=FACE_BOUND('',#6142,.T.);
#6541=FACE_BOUND('',#6143,.T.);
#6542=FACE_BOUND('',#6144,.T.);
#6543=FACE_BOUND('',#6145,.T.);
#6544=FACE_BOUND('',#6146,.T.);
#6545=FACE_BOUND('',#6147,.T.);
#6546=FACE_BOUND('',#6148,.T.);
#6547=FACE_BOUND('',#6149,.T.);
#6548=FACE_BOUND('',#6150,.T.);
#6549=FACE_BOUND('',#6151,.T.);
#6550=FACE_BOUND('',#6152,.T.);
#6551=FACE_BOUND('',#6153,.T.);
#6552=FACE_BOUND('',#6154,.T.);
#6553=FACE_BOUND('',#6155,.T.);
#6554=FACE_BOUND('',#6156,.T.);
#6555=FACE_BOUND('',#6157,.T.);
#6556=FACE_BOUND('',#6158,.T.);
#6557=FACE_BOUND('',#6159,.T.);
#6558=FACE_BOUND('',#6160,.T.);
#6559=FACE_BOUND('',#6161,.T.);
#6560=FACE_BOUND('',#6162,.T.);
#6561=FACE_BOUND('',#6163,.T.);
#6562=FACE_BOUND('',#6164,.T.);
#6563=FACE_BOUND('',#6165,.T.);
#6564=FACE_BOUND('',#6166,.T.);
#6565=FACE_BOUND('',#6167,.T.);
#6566=FACE_BOUND('',#6168,.T.);
#6567=FACE_BOUND('',#6169,.T.);
#6568=FACE_BOUND('',#6170,.T.);
#6569=FACE_BOUND('',#6171,.T.);
#6570=FACE_BOUND('',#6172,.T.);
#6571=FACE_BOUND('',#6173,.T.);
#6572=FACE_BOUND('',#6174,.T.);
#6573=FACE_BOUND('',#6175,.T.);
#6574=FACE_BOUND('',#6176,.T.);
#6575=FACE_BOUND('',#6177,.T.);
#6576=FACE_BOUND('',#6178,.T.);
#6577=FACE_BOUND('',#6179,.T.);
#6578=FACE_BOUND('',#6180,.T.);
#6579=FACE_BOUND('',#6181,.T.);
#6580=FACE_BOUND('',#6182,.T.);
#6581=FACE_BOUND('',#6183,.T.);
#6582=FACE_BOUND('',#6184,.T.);
#6583=FACE_BOUND('',#6185,.T.);
#6584=FACE_BOUND('',#6186,.T.);
#6585=FACE_BOUND('',#6187,.T.);
#6586=FACE_BOUND('',#6188,.T.);
#6587=FACE_BOUND('',#6189,.T.);
#6588=FACE_BOUND('',#6190,.T.);
#6589=FACE_BOUND('',#6191,.T.);
#6590=FACE_BOUND('',#6192,.T.);
#6591=FACE_BOUND('',#6193,.T.);
#6592=FACE_BOUND('',#6194,.T.);
#6593=FACE_BOUND('',#6195,.T.);
#6594=FACE_BOUND('',#6196,.T.);
#6595=FACE_BOUND('',#6197,.T.);
#6596=FACE_BOUND('',#6198,.T.);
#6597=FACE_BOUND('',#6199,.T.);
#6598=FACE_BOUND('',#6200,.T.);
#6599=FACE_BOUND('',#6201,.T.);
#6600=FACE_BOUND('',#6202,.T.);
#6601=FACE_BOUND('',#6203,.T.);
#6602=FACE_BOUND('',#6204,.T.);
#6603=FACE_BOUND('',#6205,.T.);
#6604=FACE_BOUND('',#6206,.T.);
#6605=FACE_BOUND('',#6207,.T.);
#6606=FACE_BOUND('',#6208,.T.);
#6607=FACE_BOUND('',#6209,.T.);
#6608=FACE_BOUND('',#6210,.T.);
#6609=FACE_BOUND('',#6211,.T.);
#6610=FACE_BOUND('',#6212,.T.);
#6611=FACE_BOUND('',#6213,.T.);
#6612=FACE_BOUND('',#6214,.T.);
#6613=FACE_BOUND('',#6215,.T.);
#6614=FACE_BOUND('',#6216,.T.);
#6615=FACE_BOUND('',#6217,.T.);
#6616=FACE_BOUND('',#6218,.T.);
#6617=FACE_BOUND('',#6219,.T.);
#6618=FACE_BOUND('',#6220,.T.);
#6619=FACE_BOUND('',#6221,.T.);
#6620=FACE_BOUND('',#6222,.T.);
#6621=FACE_BOUND('',#6223,.T.);
#6622=FACE_BOUND('',#6224,.T.);
#6623=FACE_BOUND('',#6225,.T.);
#6624=FACE_BOUND('',#6226,.T.);
#6625=PLANE('',#7191);
#6626=PLANE('',#7192);
#6627=PLANE('',#7193);
#6628=PLANE('',#7194);
#6629=PLANE('',#7195);
#6630=PLANE('',#7196);
#6631=PLANE('',#7197);
#6632=PLANE('',#7198);
#6633=PLANE('',#7199);
#6634=PLANE('',#7200);
#6635=PLANE('',#7201);
#6636=PLANE('',#7202);
#6637=PLANE('',#7203);
#6638=PLANE('',#7204);
#6639=PLANE('',#7205);
#6640=PLANE('',#7206);
#6641=PLANE('',#7207);
#6642=PLANE('',#7208);
#6643=PLANE('',#7209);
#6644=PLANE('',#7210);
#6645=PLANE('',#7211);
#6646=PLANE('',#7212);
#6647=PLANE('',#7213);
#6648=PLANE('',#7214);
#6649=PLANE('',#7215);
#6650=PLANE('',#7216);
#6651=PLANE('',#7217);
#6652=PLANE('',#7218);
#6653=PLANE('',#7219);
#6654=PLANE('',#7220);
#6655=PLANE('',#7221);
#6656=PLANE('',#7222);
#6657=PLANE('',#7223);
#6658=PLANE('',#7224);
#6659=PLANE('',#7225);
#6660=PLANE('',#7226);
#6661=PLANE('',#7227);
#6662=PLANE('',#7228);
#6663=PLANE('',#7229);
#6664=PLANE('',#7230);
#6665=PLANE('',#7231);
#6666=PLANE('',#7234);
#6667=PLANE('',#7235);
#6668=PLANE('',#7237);
#6669=PLANE('',#7239);
#6670=PLANE('',#7240);
#6671=PLANE('',#7242);
#6672=PLANE('',#7245);
#6673=PLANE('',#7246);
#6674=PLANE('',#7247);
#6675=PLANE('',#7248);
#6676=PLANE('',#7249);
#6677=PLANE('',#7251);
#6678=PLANE('',#7252);
#6679=PLANE('',#7253);
#6680=PLANE('',#7256);
#6681=PLANE('',#7257);
#6682=PLANE('',#7258);
#6683=PLANE('',#7261);
#6684=PLANE('',#7262);
#6685=PLANE('',#7263);
#6686=PLANE('',#7264);
#6687=PLANE('',#7265);
#6688=PLANE('',#7266);
#6689=PLANE('',#7267);
#6690=PLANE('',#7268);
#6691=PLANE('',#7269);
#6692=PLANE('',#7270);
#6693=PLANE('',#7271);
#6694=PLANE('',#7272);
#6695=PLANE('',#7273);
#6696=PLANE('',#7274);
#6697=PLANE('',#7275);
#6698=PLANE('',#7276);
#6699=PLANE('',#7277);
#6700=PLANE('',#7278);
#6701=PLANE('',#7279);
#6702=PLANE('',#7280);
#6703=PLANE('',#7283);
#6704=PLANE('',#7284);
#6705=PLANE('',#7285);
#6706=PLANE('',#7286);
#6707=PLANE('',#7287);
#6708=PLANE('',#7288);
#6709=PLANE('',#7289);
#6710=PLANE('',#7290);
#6711=PLANE('',#7291);
#6712=PLANE('',#7292);
#6713=PLANE('',#7293);
#6714=PLANE('',#7296);
#6715=PLANE('',#7297);
#6716=PLANE('',#7298);
#6717=PLANE('',#7299);
#6718=PLANE('',#7300);
#6719=PLANE('',#7301);
#6720=PLANE('',#7302);
#6721=PLANE('',#7303);
#6722=PLANE('',#7304);
#6723=PLANE('',#7305);
#6724=PLANE('',#7306);
#6725=PLANE('',#7309);
#6726=PLANE('',#7310);
#6727=PLANE('',#7311);
#6728=PLANE('',#7312);
#6729=PLANE('',#7313);
#6730=PLANE('',#7314);
#6731=PLANE('',#7317);
#6732=PLANE('',#7318);
#6733=PLANE('',#7319);
#6734=PLANE('',#7322);
#6735=PLANE('',#7323);
#6736=PLANE('',#7324);
#6737=PLANE('',#7325);
#6738=PLANE('',#7326);
#6739=PLANE('',#7327);
#6740=PLANE('',#7328);
#6741=PLANE('',#7329);
#6742=PLANE('',#7330);
#6743=PLANE('',#7331);
#6744=PLANE('',#7332);
#6745=PLANE('',#7333);
#6746=PLANE('',#7334);
#6747=PLANE('',#7335);
#6748=PLANE('',#7336);
#6749=PLANE('',#7337);
#6750=PLANE('',#7338);
#6751=PLANE('',#7339);
#6752=PLANE('',#7340);
#6753=PLANE('',#7341);
#6754=PLANE('',#7342);
#6755=PLANE('',#7343);
#6756=PLANE('',#7344);
#6757=PLANE('',#7345);
#6758=PLANE('',#7346);
#6759=PLANE('',#7347);
#6760=PLANE('',#7348);
#6761=PLANE('',#7349);
#6762=PLANE('',#7350);
#6763=PLANE('',#7351);
#6764=PLANE('',#7352);
#6765=PLANE('',#7353);
#6766=PLANE('',#7354);
#6767=PLANE('',#7355);
#6768=PLANE('',#7356);
#6769=PLANE('',#7357);
#6770=PLANE('',#7358);
#6771=PLANE('',#7359);
#6772=PLANE('',#7360);
#6773=PLANE('',#7361);
#6774=PLANE('',#7362);
#6775=PLANE('',#7363);
#6776=PLANE('',#7364);
#6777=PLANE('',#7365);
#6778=PLANE('',#7366);
#6779=PLANE('',#7367);
#6780=PLANE('',#7368);
#6781=PLANE('',#7371);
#6782=PLANE('',#7372);
#6783=PLANE('',#7373);
#6784=PLANE('',#7374);
#6785=PLANE('',#7375);
#6786=PLANE('',#7376);
#6787=PLANE('',#7377);
#6788=PLANE('',#7378);
#6789=PLANE('',#7379);
#6790=PLANE('',#7386);
#6791=PLANE('',#7387);
#6792=PLANE('',#7388);
#6793=PLANE('',#7389);
#6794=PLANE('',#7390);
#6795=PLANE('',#7391);
#6796=PLANE('',#7392);
#6797=PLANE('',#7393);
#6798=PLANE('',#7394);
#6799=PLANE('',#7395);
#6800=PLANE('',#7396);
#6801=ADVANCED_FACE('',(#6227),#6625,.T.);
#6802=ADVANCED_FACE('',(#6228),#6626,.T.);
#6803=ADVANCED_FACE('',(#6229),#6627,.T.);
#6804=ADVANCED_FACE('',(#6230),#6628,.T.);
#6805=ADVANCED_FACE('',(#6231),#6629,.T.);
#6806=ADVANCED_FACE('',(#6232),#6630,.T.);
#6807=ADVANCED_FACE('',(#6233),#6631,.T.);
#6808=ADVANCED_FACE('',(#6234),#6632,.T.);
#6809=ADVANCED_FACE('',(#6235),#42,.T.);
#6810=ADVANCED_FACE('',(#6236),#43,.T.);
#6811=ADVANCED_FACE('',(#6237),#6633,.T.);
#6812=ADVANCED_FACE('',(#6238),#44,.T.);
#6813=ADVANCED_FACE('',(#6239),#45,.T.);
#6814=ADVANCED_FACE('',(#6240),#6634,.T.);
#6815=ADVANCED_FACE('',(#6241),#46,.T.);
#6816=ADVANCED_FACE('',(#6242),#6635,.T.);
#6817=ADVANCED_FACE('',(#6243),#47,.T.);
#6818=ADVANCED_FACE('',(#6244),#6636,.T.);
#6819=ADVANCED_FACE('',(#6245),#48,.T.);
#6820=ADVANCED_FACE('',(#6246),#6637,.T.);
#6821=ADVANCED_FACE('',(#6247),#49,.T.);
#6822=ADVANCED_FACE('',(#6248),#50,.T.);
#6823=ADVANCED_FACE('',(#6249),#6638,.T.);
#6824=ADVANCED_FACE('',(#6250),#51,.T.);
#6825=ADVANCED_FACE('',(#6251),#52,.T.);
#6826=ADVANCED_FACE('',(#6252),#6639,.T.);
#6827=ADVANCED_FACE('',(#6253),#53,.T.);
#6828=ADVANCED_FACE('',(#6254),#6640,.T.);
#6829=ADVANCED_FACE('',(#6255),#54,.T.);
#6830=ADVANCED_FACE('',(#6256),#6641,.T.);
#6831=ADVANCED_FACE('',(#6257),#55,.T.);
#6832=ADVANCED_FACE('',(#6258),#56,.T.);
#6833=ADVANCED_FACE('',(#6259),#6642,.T.);
#6834=ADVANCED_FACE('',(#6260),#57,.T.);
#6835=ADVANCED_FACE('',(#6261),#58,.T.);
#6836=ADVANCED_FACE('',(#6262),#6643,.T.);
#6837=ADVANCED_FACE('',(#6263),#59,.T.);
#6838=ADVANCED_FACE('',(#6264),#6644,.T.);
#6839=ADVANCED_FACE('',(#6265),#60,.T.);
#6840=ADVANCED_FACE('',(#6266),#6645,.T.);
#6841=ADVANCED_FACE('',(#6267),#61,.T.);
#6842=ADVANCED_FACE('',(#6268),#62,.T.);
#6843=ADVANCED_FACE('',(#6269),#6646,.T.);
#6844=ADVANCED_FACE('',(#6270),#63,.T.);
#6845=ADVANCED_FACE('',(#6271),#64,.T.);
#6846=ADVANCED_FACE('',(#6272),#6647,.T.);
#6847=ADVANCED_FACE('',(#6273),#65,.T.);
#6848=ADVANCED_FACE('',(#6274),#6648,.T.);
#6849=ADVANCED_FACE('',(#6275),#66,.T.);
#6850=ADVANCED_FACE('',(#6276),#67,.T.);
#6851=ADVANCED_FACE('',(#6277),#6649,.T.);
#6852=ADVANCED_FACE('',(#6278),#68,.T.);
#6853=ADVANCED_FACE('',(#6279),#69,.T.);
#6854=ADVANCED_FACE('',(#6280),#6650,.T.);
#6855=ADVANCED_FACE('',(#6281),#70,.T.);
#6856=ADVANCED_FACE('',(#6282),#6651,.T.);
#6857=ADVANCED_FACE('',(#6283),#71,.T.);
#6858=ADVANCED_FACE('',(#6284),#6652,.T.);
#6859=ADVANCED_FACE('',(#6285),#72,.T.);
#6860=ADVANCED_FACE('',(#6286),#73,.T.);
#6861=ADVANCED_FACE('',(#6287),#6653,.T.);
#6862=ADVANCED_FACE('',(#6288),#74,.T.);
#6863=ADVANCED_FACE('',(#6289),#75,.T.);
#6864=ADVANCED_FACE('',(#6290),#6654,.T.);
#6865=ADVANCED_FACE('',(#6291),#76,.T.);
#6866=ADVANCED_FACE('',(#6292),#6655,.T.);
#6867=ADVANCED_FACE('',(#6293),#77,.T.);
#6868=ADVANCED_FACE('',(#6294),#6656,.T.);
#6869=ADVANCED_FACE('',(#6295),#78,.T.);
#6870=ADVANCED_FACE('',(#6296),#79,.T.);
#6871=ADVANCED_FACE('',(#6297),#6657,.T.);
#6872=ADVANCED_FACE('',(#6298),#80,.T.);
#6873=ADVANCED_FACE('',(#6299),#81,.T.);
#6874=ADVANCED_FACE('',(#6300),#6658,.T.);
#6875=ADVANCED_FACE('',(#6301),#82,.T.);
#6876=ADVANCED_FACE('',(#6302),#6659,.T.);
#6877=ADVANCED_FACE('',(#6303),#83,.T.);
#6878=ADVANCED_FACE('',(#6304),#6660,.T.);
#6879=ADVANCED_FACE('',(#6305),#84,.T.);
#6880=ADVANCED_FACE('',(#6306),#85,.T.);
#6881=ADVANCED_FACE('',(#6307),#6661,.T.);
#6882=ADVANCED_FACE('',(#6308),#86,.T.);
#6883=ADVANCED_FACE('',(#6309),#87,.T.);
#6884=ADVANCED_FACE('',(#6310),#6662,.T.);
#6885=ADVANCED_FACE('',(#6311),#88,.T.);
#6886=ADVANCED_FACE('',(#6312),#89,.T.);
#6887=ADVANCED_FACE('',(#6313),#6663,.T.);
#6888=ADVANCED_FACE('',(#6314),#90,.T.);
#6889=ADVANCED_FACE('',(#6315),#91,.T.);
#6890=ADVANCED_FACE('',(#6316),#6664,.T.);
#6891=ADVANCED_FACE('',(#6317,#6318),#6665,.T.);
#6892=ADVANCED_FACE('',(#6319,#6320),#6666,.T.);
#6893=ADVANCED_FACE('',(#6321,#6322),#6667,.T.);
#6894=ADVANCED_FACE('',(#6323),#6668,.T.);
#6895=ADVANCED_FACE('',(#6324,#6325),#6669,.T.);
#6896=ADVANCED_FACE('',(#6326,#6327),#6670,.T.);
#6897=ADVANCED_FACE('',(#6328,#6329),#6671,.T.);
#6898=ADVANCED_FACE('',(#6330),#6672,.T.);
#6899=ADVANCED_FACE('',(#6331),#6673,.T.);
#6900=ADVANCED_FACE('',(#6332),#6674,.T.);
#6901=ADVANCED_FACE('',(#6333),#6675,.T.);
#6902=ADVANCED_FACE('',(#6334,#6335),#6676,.T.);
#6903=ADVANCED_FACE('',(#6336,#6337),#6677,.T.);
#6904=ADVANCED_FACE('',(#6338),#6678,.T.);
#6905=ADVANCED_FACE('',(#6339),#6679,.T.);
#6906=ADVANCED_FACE('',(#6340),#92,.T.);
#6907=ADVANCED_FACE('',(#6341),#12,.F.);
#6908=ADVANCED_FACE('',(#6342),#6680,.T.);
#6909=ADVANCED_FACE('',(#6343),#93,.T.);
#6910=ADVANCED_FACE('',(#6344),#94,.T.);
#6911=ADVANCED_FACE('',(#6345),#6681,.T.);
#6912=ADVANCED_FACE('',(#6346),#95,.T.);
#6913=ADVANCED_FACE('',(#6347),#96,.T.);
#6914=ADVANCED_FACE('',(#6348),#6682,.T.);
#6915=ADVANCED_FACE('',(#6349),#13,.F.);
#6916=ADVANCED_FACE('',(#6350),#97,.T.);
#6917=ADVANCED_FACE('',(#6351),#6683,.T.);
#6918=ADVANCED_FACE('',(#6352),#6684,.T.);
#6919=ADVANCED_FACE('',(#6353),#98,.T.);
#6920=ADVANCED_FACE('',(#6354),#6685,.T.);
#6921=ADVANCED_FACE('',(#6355),#99,.T.);
#6922=ADVANCED_FACE('',(#6356),#6686,.T.);
#6923=ADVANCED_FACE('',(#6357),#100,.T.);
#6924=ADVANCED_FACE('',(#6358),#6687,.T.);
#6925=ADVANCED_FACE('',(#6359),#101,.T.);
#6926=ADVANCED_FACE('',(#6360),#102,.T.);
#6927=ADVANCED_FACE('',(#6361),#6688,.T.);
#6928=ADVANCED_FACE('',(#6362),#103,.T.);
#6929=ADVANCED_FACE('',(#6363),#6689,.T.);
#6930=ADVANCED_FACE('',(#6364),#104,.T.);
#6931=ADVANCED_FACE('',(#6365),#105,.T.);
#6932=ADVANCED_FACE('',(#6366),#6690,.T.);
#6933=ADVANCED_FACE('',(#6367),#106,.T.);
#6934=ADVANCED_FACE('',(#6368),#6691,.T.);
#6935=ADVANCED_FACE('',(#6369),#107,.T.);
#6936=ADVANCED_FACE('',(#6370),#6692,.T.);
#6937=ADVANCED_FACE('',(#6371),#108,.T.);
#6938=ADVANCED_FACE('',(#6372),#109,.T.);
#6939=ADVANCED_FACE('',(#6373),#6693,.T.);
#6940=ADVANCED_FACE('',(#6374),#110,.T.);
#6941=ADVANCED_FACE('',(#6375),#111,.T.);
#6942=ADVANCED_FACE('',(#6376),#6694,.T.);
#6943=ADVANCED_FACE('',(#6377),#112,.T.);
#6944=ADVANCED_FACE('',(#6378),#113,.T.);
#6945=ADVANCED_FACE('',(#6379),#6695,.T.);
#6946=ADVANCED_FACE('',(#6380),#114,.T.);
#6947=ADVANCED_FACE('',(#6381),#115,.T.);
#6948=ADVANCED_FACE('',(#6382),#6696,.T.);
#6949=ADVANCED_FACE('',(#6383),#6697,.T.);
#6950=ADVANCED_FACE('',(#6384),#116,.T.);
#6951=ADVANCED_FACE('',(#6385),#6698,.T.);
#6952=ADVANCED_FACE('',(#6386),#117,.T.);
#6953=ADVANCED_FACE('',(#6387),#6699,.T.);
#6954=ADVANCED_FACE('',(#6388),#118,.T.);
#6955=ADVANCED_FACE('',(#6389),#6700,.T.);
#6956=ADVANCED_FACE('',(#6390),#119,.T.);
#6957=ADVANCED_FACE('',(#6391),#120,.T.);
#6958=ADVANCED_FACE('',(#6392),#6701,.T.);
#6959=ADVANCED_FACE('',(#6393),#121,.T.);
#6960=ADVANCED_FACE('',(#6394),#122,.T.);
#6961=ADVANCED_FACE('',(#6395),#6702,.T.);
#6962=ADVANCED_FACE('',(#6396),#14,.F.);
#6963=ADVANCED_FACE('',(#6397),#123,.T.);
#6964=ADVANCED_FACE('',(#6398),#6703,.T.);
#6965=ADVANCED_FACE('',(#6399),#6704,.T.);
#6966=ADVANCED_FACE('',(#6400),#124,.T.);
#6967=ADVANCED_FACE('',(#6401),#6705,.T.);
#6968=ADVANCED_FACE('',(#6402),#125,.T.);
#6969=ADVANCED_FACE('',(#6403),#6706,.T.);
#6970=ADVANCED_FACE('',(#6404),#126,.T.);
#6971=ADVANCED_FACE('',(#6405),#6707,.T.);
#6972=ADVANCED_FACE('',(#6406),#127,.T.);
#6973=ADVANCED_FACE('',(#6407),#6708,.T.);
#6974=ADVANCED_FACE('',(#6408),#128,.T.);
#6975=ADVANCED_FACE('',(#6409),#6709,.T.);
#6976=ADVANCED_FACE('',(#6410),#129,.T.);
#6977=ADVANCED_FACE('',(#6411),#130,.T.);
#6978=ADVANCED_FACE('',(#6412),#6710,.T.);
#6979=ADVANCED_FACE('',(#6413),#131,.T.);
#6980=ADVANCED_FACE('',(#6414),#6711,.T.);
#6981=ADVANCED_FACE('',(#6415),#132,.T.);
#6982=ADVANCED_FACE('',(#6416),#6712,.T.);
#6983=ADVANCED_FACE('',(#6417),#133,.T.);
#6984=ADVANCED_FACE('',(#6418),#134,.T.);
#6985=ADVANCED_FACE('',(#6419),#6713,.T.);
#6986=ADVANCED_FACE('',(#6420),#15,.F.);
#6987=ADVANCED_FACE('',(#6421),#135,.T.);
#6988=ADVANCED_FACE('',(#6422),#6714,.T.);
#6989=ADVANCED_FACE('',(#6423),#136,.T.);
#6990=ADVANCED_FACE('',(#6424),#6715,.T.);
#6991=ADVANCED_FACE('',(#6425),#137,.T.);
#6992=ADVANCED_FACE('',(#6426),#138,.T.);
#6993=ADVANCED_FACE('',(#6427),#6716,.T.);
#6994=ADVANCED_FACE('',(#6428),#139,.T.);
#6995=ADVANCED_FACE('',(#6429),#6717,.T.);
#6996=ADVANCED_FACE('',(#6430),#140,.T.);
#6997=ADVANCED_FACE('',(#6431),#6718,.T.);
#6998=ADVANCED_FACE('',(#6432),#141,.T.);
#6999=ADVANCED_FACE('',(#6433),#142,.T.);
#7000=ADVANCED_FACE('',(#6434),#6719,.T.);
#7001=ADVANCED_FACE('',(#6435),#143,.T.);
#7002=ADVANCED_FACE('',(#6436),#144,.T.);
#7003=ADVANCED_FACE('',(#6437),#6720,.T.);
#7004=ADVANCED_FACE('',(#6438),#145,.T.);
#7005=ADVANCED_FACE('',(#6439),#146,.T.);
#7006=ADVANCED_FACE('',(#6440),#6721,.T.);
#7007=ADVANCED_FACE('',(#6441),#147,.T.);
#7008=ADVANCED_FACE('',(#6442),#6722,.T.);
#7009=ADVANCED_FACE('',(#6443),#148,.T.);
#7010=ADVANCED_FACE('',(#6444),#149,.T.);
#7011=ADVANCED_FACE('',(#6445),#6723,.T.);
#7012=ADVANCED_FACE('',(#6446),#150,.T.);
#7013=ADVANCED_FACE('',(#6447),#151,.T.);
#7014=ADVANCED_FACE('',(#6448),#6724,.T.);
#7015=ADVANCED_FACE('',(#6449),#16,.F.);
#7016=ADVANCED_FACE('',(#6450),#152,.T.);
#7017=ADVANCED_FACE('',(#6451),#6725,.T.);
#7018=ADVANCED_FACE('',(#6452),#6726,.T.);
#7019=ADVANCED_FACE('',(#6453),#153,.T.);
#7020=ADVANCED_FACE('',(#6454),#6727,.T.);
#7021=ADVANCED_FACE('',(#6455),#154,.T.);
#7022=ADVANCED_FACE('',(#6456),#6728,.T.);
#7023=ADVANCED_FACE('',(#6457),#155,.T.);
#7024=ADVANCED_FACE('',(#6458),#6729,.T.);
#7025=ADVANCED_FACE('',(#6459),#6730,.T.);
#7026=ADVANCED_FACE('',(#6460),#156,.T.);
#7027=ADVANCED_FACE('',(#6461),#17,.F.);
#7028=ADVANCED_FACE('',(#6462),#6731,.T.);
#7029=ADVANCED_FACE('',(#6463),#157,.T.);
#7030=ADVANCED_FACE('',(#6464),#158,.T.);
#7031=ADVANCED_FACE('',(#6465),#6732,.T.);
#7032=ADVANCED_FACE('',(#6466),#159,.T.);
#7033=ADVANCED_FACE('',(#6467),#160,.T.);
#7034=ADVANCED_FACE('',(#6468),#6733,.T.);
#7035=ADVANCED_FACE('',(#6469),#18,.F.);
#7036=ADVANCED_FACE('',(#6470),#161,.T.);
#7037=ADVANCED_FACE('',(#6471),#6734,.T.);
#7038=ADVANCED_FACE('',(#6472),#6735,.T.);
#7039=ADVANCED_FACE('',(#6473),#162,.T.);
#7040=ADVANCED_FACE('',(#6474),#6736,.T.);
#7041=ADVANCED_FACE('',(#6475),#163,.T.);
#7042=ADVANCED_FACE('',(#6476),#6737,.T.);
#7043=ADVANCED_FACE('',(#6477),#164,.T.);
#7044=ADVANCED_FACE('',(#6478),#6738,.T.);
#7045=ADVANCED_FACE('',(#6479),#165,.T.);
#7046=ADVANCED_FACE('',(#6480),#6739,.T.);
#7047=ADVANCED_FACE('',(#6481),#166,.T.);
#7048=ADVANCED_FACE('',(#6482),#6740,.T.);
#7049=ADVANCED_FACE('',(#6483),#167,.T.);
#7050=ADVANCED_FACE('',(#6484),#168,.T.);
#7051=ADVANCED_FACE('',(#6485),#6741,.T.);
#7052=ADVANCED_FACE('',(#6486),#169,.T.);
#7053=ADVANCED_FACE('',(#6487),#6742,.T.);
#7054=ADVANCED_FACE('',(#6488),#170,.T.);
#7055=ADVANCED_FACE('',(#6489),#6743,.T.);
#7056=ADVANCED_FACE('',(#6490),#171,.T.);
#7057=ADVANCED_FACE('',(#6491),#6744,.T.);
#7058=ADVANCED_FACE('',(#6492),#172,.T.);
#7059=ADVANCED_FACE('',(#6493),#6745,.T.);
#7060=ADVANCED_FACE('',(#6494),#6746,.T.);
#7061=ADVANCED_FACE('',(#6495),#173,.T.);
#7062=ADVANCED_FACE('',(#6496),#6747,.T.);
#7063=ADVANCED_FACE('',(#6497),#174,.T.);
#7064=ADVANCED_FACE('',(#6498),#6748,.T.);
#7065=ADVANCED_FACE('',(#6499),#175,.T.);
#7066=ADVANCED_FACE('',(#6500),#6749,.T.);
#7067=ADVANCED_FACE('',(#6501),#176,.T.);
#7068=ADVANCED_FACE('',(#6502),#177,.T.);
#7069=ADVANCED_FACE('',(#6503),#178,.T.);
#7070=ADVANCED_FACE('',(#6504),#6750,.T.);
#7071=ADVANCED_FACE('',(#6505),#179,.T.);
#7072=ADVANCED_FACE('',(#6506),#6751,.T.);
#7073=ADVANCED_FACE('',(#6507),#180,.T.);
#7074=ADVANCED_FACE('',(#6508),#6752,.T.);
#7075=ADVANCED_FACE('',(#6509),#181,.T.);
#7076=ADVANCED_FACE('',(#6510),#182,.T.);
#7077=ADVANCED_FACE('',(#6511),#6753,.T.);
#7078=ADVANCED_FACE('',(#6512),#183,.T.);
#7079=ADVANCED_FACE('',(#6513),#6754,.T.);
#7080=ADVANCED_FACE('',(#6514),#184,.T.);
#7081=ADVANCED_FACE('',(#6515),#185,.T.);
#7082=ADVANCED_FACE('',(#6516),#186,.T.);
#7083=ADVANCED_FACE('',(#6517),#187,.T.);
#7084=ADVANCED_FACE('',(#6518),#6755,.T.);
#7085=ADVANCED_FACE('',(#6519),#188,.T.);
#7086=ADVANCED_FACE('',(#6520),#6756,.T.);
#7087=ADVANCED_FACE('',(#6521),#189,.T.);
#7088=ADVANCED_FACE('',(#6522),#6757,.T.);
#7089=ADVANCED_FACE('',(#6523),#190,.T.);
#7090=ADVANCED_FACE('',(#6524),#191,.T.);
#7091=ADVANCED_FACE('',(#6525),#6758,.T.);
#7092=ADVANCED_FACE('',(#6526),#192,.T.);
#7093=ADVANCED_FACE('',(#6527),#6759,.T.);
#7094=ADVANCED_FACE('',(#6528),#193,.T.);
#7095=ADVANCED_FACE('',(#6529),#6760,.T.);
#7096=ADVANCED_FACE('',(#6530),#194,.T.);
#7097=ADVANCED_FACE('',(#6531),#195,.T.);
#7098=ADVANCED_FACE('',(#6532),#6761,.T.);
#7099=ADVANCED_FACE('',(#6533),#196,.T.);
#7100=ADVANCED_FACE('',(#6534),#197,.T.);
#7101=ADVANCED_FACE('',(#6535),#6762,.T.);
#7102=ADVANCED_FACE('',(#6536),#198,.T.);
#7103=ADVANCED_FACE('',(#6537),#6763,.T.);
#7104=ADVANCED_FACE('',(#6538),#199,.T.);
#7105=ADVANCED_FACE('',(#6539),#200,.T.);
#7106=ADVANCED_FACE('',(#6540),#6764,.T.);
#7107=ADVANCED_FACE('',(#6541),#201,.T.);
#7108=ADVANCED_FACE('',(#6542),#6765,.T.);
#7109=ADVANCED_FACE('',(#6543),#202,.T.);
#7110=ADVANCED_FACE('',(#6544),#203,.T.);
#7111=ADVANCED_FACE('',(#6545),#6766,.T.);
#7112=ADVANCED_FACE('',(#6546),#204,.T.);
#7113=ADVANCED_FACE('',(#6547),#6767,.T.);
#7114=ADVANCED_FACE('',(#6548),#205,.T.);
#7115=ADVANCED_FACE('',(#6549),#6768,.T.);
#7116=ADVANCED_FACE('',(#6550),#206,.T.);
#7117=ADVANCED_FACE('',(#6551),#6769,.T.);
#7118=ADVANCED_FACE('',(#6552),#207,.T.);
#7119=ADVANCED_FACE('',(#6553),#6770,.T.);
#7120=ADVANCED_FACE('',(#6554),#208,.T.);
#7121=ADVANCED_FACE('',(#6555),#6771,.T.);
#7122=ADVANCED_FACE('',(#6556),#209,.T.);
#7123=ADVANCED_FACE('',(#6557),#6772,.T.);
#7124=ADVANCED_FACE('',(#6558),#210,.T.);
#7125=ADVANCED_FACE('',(#6559),#211,.T.);
#7126=ADVANCED_FACE('',(#6560),#6773,.T.);
#7127=ADVANCED_FACE('',(#6561),#212,.T.);
#7128=ADVANCED_FACE('',(#6562),#6774,.T.);
#7129=ADVANCED_FACE('',(#6563),#213,.T.);
#7130=ADVANCED_FACE('',(#6564),#6775,.T.);
#7131=ADVANCED_FACE('',(#6565),#214,.T.);
#7132=ADVANCED_FACE('',(#6566),#6776,.T.);
#7133=ADVANCED_FACE('',(#6567),#215,.T.);
#7134=ADVANCED_FACE('',(#6568),#6777,.T.);
#7135=ADVANCED_FACE('',(#6569),#216,.T.);
#7136=ADVANCED_FACE('',(#6570),#6778,.T.);
#7137=ADVANCED_FACE('',(#6571),#217,.T.);
#7138=ADVANCED_FACE('',(#6572),#218,.T.);
#7139=ADVANCED_FACE('',(#6573),#6779,.T.);
#7140=ADVANCED_FACE('',(#6574),#219,.T.);
#7141=ADVANCED_FACE('',(#6575),#220,.T.);
#7142=ADVANCED_FACE('',(#6576),#6780,.T.);
#7143=ADVANCED_FACE('',(#6577),#19,.F.);
#7144=ADVANCED_FACE('',(#6578),#221,.T.);
#7145=ADVANCED_FACE('',(#6579),#6781,.T.);
#7146=ADVANCED_FACE('',(#6580),#6782,.T.);
#7147=ADVANCED_FACE('',(#6581),#222,.T.);
#7148=ADVANCED_FACE('',(#6582),#6783,.T.);
#7149=ADVANCED_FACE('',(#6583),#223,.T.);
#7150=ADVANCED_FACE('',(#6584),#6784,.T.);
#7151=ADVANCED_FACE('',(#6585),#224,.T.);
#7152=ADVANCED_FACE('',(#6586),#225,.T.);
#7153=ADVANCED_FACE('',(#6587),#6785,.T.);
#7154=ADVANCED_FACE('',(#6588),#226,.T.);
#7155=ADVANCED_FACE('',(#6589),#227,.T.);
#7156=ADVANCED_FACE('',(#6590),#6786,.T.);
#7157=ADVANCED_FACE('',(#6591),#228,.T.);
#7158=ADVANCED_FACE('',(#6592),#229,.T.);
#7159=ADVANCED_FACE('',(#6593),#6787,.T.);
#7160=ADVANCED_FACE('',(#6594),#230,.T.);
#7161=ADVANCED_FACE('',(#6595),#231,.T.);
#7162=ADVANCED_FACE('',(#6596),#6788,.T.);
#7163=ADVANCED_FACE('',(#6597),#232,.T.);
#7164=ADVANCED_FACE('',(#6598,#6599,#6600,#6601,#6602,#6603,#6604,#6605,
#6606,#6607,#6608,#6609,#6610,#6611),#6789,.T.);
#7165=ADVANCED_FACE('',(#6612),#20,.T.);
#7166=ADVANCED_FACE('',(#6613),#21,.T.);
#7167=ADVANCED_FACE('',(#6614),#6790,.F.);
#7168=ADVANCED_FACE('',(#6615),#6791,.F.);
#7169=ADVANCED_FACE('',(#6616),#6792,.F.);
#7170=ADVANCED_FACE('',(#6617),#6793,.T.);
#7171=ADVANCED_FACE('',(#6618),#6794,.F.);
#7172=ADVANCED_FACE('',(#6619),#6795,.T.);
#7173=ADVANCED_FACE('',(#6620),#6796,.F.);
#7174=ADVANCED_FACE('',(#6621),#6797,.T.);
#7175=ADVANCED_FACE('',(#6622),#6798,.F.);
#7176=ADVANCED_FACE('',(#6623),#6799,.T.);
#7177=ADVANCED_FACE('',(#6624),#6800,.F.);
#7178=CLOSED_SHELL('',(#6801,#6802,#6803,#6804,#6805,#6806,#6807,#6808,
#6809,#6810,#6811,#6812,#6813,#6814,#6815,#6816,#6817,#6818,#6819,#6820,
#6821,#6822,#6823,#6824,#6825,#6826,#6827,#6828,#6829,#6830,#6831,#6832,
#6833,#6834,#6835,#6836,#6837,#6838,#6839,#6840,#6841,#6842,#6843,#6844,
#6845,#6846,#6847,#6848,#6849,#6850,#6851,#6852,#6853,#6854,#6855,#6856,
#6857,#6858,#6859,#6860,#6861,#6862,#6863,#6864,#6865,#6866,#6867,#6868,
#6869,#6870,#6871,#6872,#6873,#6874,#6875,#6876,#6877,#6878,#6879,#6880,
#6881,#6882,#6883,#6884,#6885,#6886,#6887,#6888,#6889,#6890,#6891,#6892,
#6893,#6894,#6895,#6896,#6897,#6898,#6899,#6900,#6901,#6902,#6903,#6904,
#6905,#6906,#6907,#6908,#6909,#6910,#6911,#6912,#6913,#6914,#6915,#6916,
#6917,#6918,#6919,#6920,#6921,#6922,#6923,#6924,#6925,#6926,#6927,#6928,
#6929,#6930,#6931,#6932,#6933,#6934,#6935,#6936,#6937,#6938,#6939,#6940,
#6941,#6942,#6943,#6944,#6945,#6946,#6947,#6948,#6949,#6950,#6951,#6952,
#6953,#6954,#6955,#6956,#6957,#6958,#6959,#6960,#6961,#6962,#6963,#6964,
#6965,#6966,#6967,#6968,#6969,#6970,#6971,#6972,#6973,#6974,#6975,#6976,
#6977,#6978,#6979,#6980,#6981,#6982,#6983,#6984,#6985,#6986,#6987,#6988,
#6989,#6990,#6991,#6992,#6993,#6994,#6995,#6996,#6997,#6998,#6999,#7000,
#7001,#7002,#7003,#7004,#7005,#7006,#7007,#7008,#7009,#7010,#7011,#7012,
#7013,#7014,#7015,#7016,#7017,#7018,#7019,#7020,#7021,#7022,#7023,#7024,
#7025,#7026,#7027,#7028,#7029,#7030,#7031,#7032,#7033,#7034,#7035,#7036,
#7037,#7038,#7039,#7040,#7041,#7042,#7043,#7044,#7045,#7046,#7047,#7048,
#7049,#7050,#7051,#7052,#7053,#7054,#7055,#7056,#7057,#7058,#7059,#7060,
#7061,#7062,#7063,#7064,#7065,#7066,#7067,#7068,#7069,#7070,#7071,#7072,
#7073,#7074,#7075,#7076,#7077,#7078,#7079,#7080,#7081,#7082,#7083,#7084,
#7085,#7086,#7087,#7088,#7089,#7090,#7091,#7092,#7093,#7094,#7095,#7096,
#7097,#7098,#7099,#7100,#7101,#7102,#7103,#7104,#7105,#7106,#7107,#7108,
#7109,#7110,#7111,#7112,#7113,#7114,#7115,#7116,#7117,#7118,#7119,#7120,
#7121,#7122,#7123,#7124,#7125,#7126,#7127,#7128,#7129,#7130,#7131,#7132,
#7133,#7134,#7135,#7136,#7137,#7138,#7139,#7140,#7141,#7142,#7143,#7144,
#7145,#7146,#7147,#7148,#7149,#7150,#7151,#7152,#7153,#7154,#7155,#7156,
#7157,#7158,#7159,#7160,#7161,#7162,#7163,#7164,#7165,#7166,#7167,#7168,
#7169,#7170,#7171,#7172,#7173,#7174,#7175,#7176,#7177));
#7179=STYLED_ITEM('',(#7180),#7187);
#7180=PRESENTATION_STYLE_ASSIGNMENT((#7181));
#7181=SURFACE_STYLE_USAGE(.BOTH.,#7182);
#7182=SURFACE_SIDE_STYLE('',(#7183));
#7183=SURFACE_STYLE_FILL_AREA(#7184);
#7184=FILL_AREA_STYLE('',(#7185));
#7185=FILL_AREA_STYLE_COLOUR('',#7186);
#7186=COLOUR_RGB('',0.901960784313726,0.901960784313726,0.901960784313726);
#7187=MANIFOLD_SOLID_BREP('Part 1',#7178);
#7188=SHAPE_DEFINITION_REPRESENTATION(#12726,#7189);
#7189=SHAPE_REPRESENTATION('Part 1',(#7190),#12721);
#7190=AXIS2_PLACEMENT_3D('',#8471,#7397,#7398);
#7191=AXIS2_PLACEMENT_3D('',#8472,#7399,#7400);
#7192=AXIS2_PLACEMENT_3D('',#8505,#7405,#7406);
#7193=AXIS2_PLACEMENT_3D('',#8538,#7411,#7412);
#7194=AXIS2_PLACEMENT_3D('',#8571,#7417,#7418);
#7195=AXIS2_PLACEMENT_3D('',#8604,#7423,#7424);
#7196=AXIS2_PLACEMENT_3D('',#8637,#7429,#7430);
#7197=AXIS2_PLACEMENT_3D('',#8670,#7435,#7436);
#7198=AXIS2_PLACEMENT_3D('',#8703,#7441,#7442);
#7199=AXIS2_PLACEMENT_3D('',#8772,#7450,#7451);
#7200=AXIS2_PLACEMENT_3D('',#8802,#7456,#7457);
#7201=AXIS2_PLACEMENT_3D('',#8819,#7461,#7462);
#7202=AXIS2_PLACEMENT_3D('',#8836,#7466,#7467);
#7203=AXIS2_PLACEMENT_3D('',#8853,#7471,#7472);
#7204=AXIS2_PLACEMENT_3D('',#8883,#7477,#7478);
#7205=AXIS2_PLACEMENT_3D('',#8913,#7483,#7484);
#7206=AXIS2_PLACEMENT_3D('',#8930,#7488,#7489);
#7207=AXIS2_PLACEMENT_3D('',#8947,#7493,#7494);
#7208=AXIS2_PLACEMENT_3D('',#8977,#7499,#7500);
#7209=AXIS2_PLACEMENT_3D('',#9007,#7505,#7506);
#7210=AXIS2_PLACEMENT_3D('',#9024,#7510,#7511);
#7211=AXIS2_PLACEMENT_3D('',#9041,#7515,#7516);
#7212=AXIS2_PLACEMENT_3D('',#9071,#7521,#7522);
#7213=AXIS2_PLACEMENT_3D('',#9101,#7527,#7528);
#7214=AXIS2_PLACEMENT_3D('',#9118,#7532,#7533);
#7215=AXIS2_PLACEMENT_3D('',#9148,#7538,#7539);
#7216=AXIS2_PLACEMENT_3D('',#9178,#7544,#7545);
#7217=AXIS2_PLACEMENT_3D('',#9195,#7549,#7550);
#7218=AXIS2_PLACEMENT_3D('',#9212,#7554,#7555);
#7219=AXIS2_PLACEMENT_3D('',#9242,#7560,#7561);
#7220=AXIS2_PLACEMENT_3D('',#9272,#7566,#7567);
#7221=AXIS2_PLACEMENT_3D('',#9289,#7571,#7572);
#7222=AXIS2_PLACEMENT_3D('',#9306,#7576,#7577);
#7223=AXIS2_PLACEMENT_3D('',#9336,#7582,#7583);
#7224=AXIS2_PLACEMENT_3D('',#9366,#7588,#7589);
#7225=AXIS2_PLACEMENT_3D('',#9383,#7593,#7594);
#7226=AXIS2_PLACEMENT_3D('',#9400,#7598,#7599);
#7227=AXIS2_PLACEMENT_3D('',#9430,#7604,#7605);
#7228=AXIS2_PLACEMENT_3D('',#9460,#7610,#7611);
#7229=AXIS2_PLACEMENT_3D('',#9490,#7616,#7617);
#7230=AXIS2_PLACEMENT_3D('',#9520,#7622,#7623);
#7231=AXIS2_PLACEMENT_3D('',#9522,#7625,#7626);
#7232=AXIS2_PLACEMENT_3D('',#9538,#7630,#7631);
#7233=AXIS2_PLACEMENT_3D('',#9562,#7635,#7636);
#7234=AXIS2_PLACEMENT_3D('',#9587,#7641,#7642);
#7235=AXIS2_PLACEMENT_3D('',#9656,#7651,#7652);
#7236=AXIS2_PLACEMENT_3D('',#9660,#7654,#7655);
#7237=AXIS2_PLACEMENT_3D('',#9705,#7662,#7663);
#7238=AXIS2_PLACEMENT_3D('',#9709,#7665,#7666);
#7239=AXIS2_PLACEMENT_3D('',#9778,#7677,#7678);
#7240=AXIS2_PLACEMENT_3D('',#9847,#7687,#7688);
#7241=AXIS2_PLACEMENT_3D('',#9877,#7693,#7694);
#7242=AXIS2_PLACEMENT_3D('',#9896,#7698,#7699);
#7243=AXIS2_PLACEMENT_3D('',#9912,#7703,#7704);
#7244=AXIS2_PLACEMENT_3D('',#9936,#7708,#7709);
#7245=AXIS2_PLACEMENT_3D('',#9961,#7714,#7715);
#7246=AXIS2_PLACEMENT_3D('',#10028,#7727,#7728);
#7247=AXIS2_PLACEMENT_3D('',#10117,#7739,#7740);
#7248=AXIS2_PLACEMENT_3D('',#10222,#7755,#7756);
#7249=AXIS2_PLACEMENT_3D('',#10247,#7761,#7762);
#7250=AXIS2_PLACEMENT_3D('',#10277,#7767,#7768);
#7251=AXIS2_PLACEMENT_3D('',#10296,#7772,#7773);
#7252=AXIS2_PLACEMENT_3D('',#10337,#7778,#7779);
#7253=AXIS2_PLACEMENT_3D('',#10343,#7783,#7784);
#7254=AXIS2_PLACEMENT_3D('',#10360,#7788,#7789);
#7255=AXIS2_PLACEMENT_3D('',#10361,#7790,#7791);
#7256=AXIS2_PLACEMENT_3D('',#10364,#7793,#7794);
#7257=AXIS2_PLACEMENT_3D('',#10394,#7799,#7800);
#7258=AXIS2_PLACEMENT_3D('',#10424,#7805,#7806);
#7259=AXIS2_PLACEMENT_3D('',#10428,#7809,#7810);
#7260=AXIS2_PLACEMENT_3D('',#10429,#7811,#7812);
#7261=AXIS2_PLACEMENT_3D('',#10445,#7815,#7816);
#7262=AXIS2_PLACEMENT_3D('',#10449,#7819,#7820);
#7263=AXIS2_PLACEMENT_3D('',#10466,#7824,#7825);
#7264=AXIS2_PLACEMENT_3D('',#10483,#7829,#7830);
#7265=AXIS2_PLACEMENT_3D('',#10500,#7834,#7835);
#7266=AXIS2_PLACEMENT_3D('',#10530,#7840,#7841);
#7267=AXIS2_PLACEMENT_3D('',#10547,#7845,#7846);
#7268=AXIS2_PLACEMENT_3D('',#10577,#7851,#7852);
#7269=AXIS2_PLACEMENT_3D('',#10594,#7856,#7857);
#7270=AXIS2_PLACEMENT_3D('',#10611,#7861,#7862);
#7271=AXIS2_PLACEMENT_3D('',#10641,#7867,#7868);
#7272=AXIS2_PLACEMENT_3D('',#10671,#7873,#7874);
#7273=AXIS2_PLACEMENT_3D('',#10701,#7879,#7880);
#7274=AXIS2_PLACEMENT_3D('',#10731,#7885,#7886);
#7275=AXIS2_PLACEMENT_3D('',#10735,#7889,#7890);
#7276=AXIS2_PLACEMENT_3D('',#10752,#7894,#7895);
#7277=AXIS2_PLACEMENT_3D('',#10769,#7899,#7900);
#7278=AXIS2_PLACEMENT_3D('',#10786,#7904,#7905);
#7279=AXIS2_PLACEMENT_3D('',#10816,#7910,#7911);
#7280=AXIS2_PLACEMENT_3D('',#10846,#7916,#7917);
#7281=AXIS2_PLACEMENT_3D('',#10850,#7920,#7921);
#7282=AXIS2_PLACEMENT_3D('',#10851,#7922,#7923);
#7283=AXIS2_PLACEMENT_3D('',#10867,#7926,#7927);
#7284=AXIS2_PLACEMENT_3D('',#10871,#7930,#7931);
#7285=AXIS2_PLACEMENT_3D('',#10888,#7935,#7936);
#7286=AXIS2_PLACEMENT_3D('',#10905,#7940,#7941);
#7287=AXIS2_PLACEMENT_3D('',#10922,#7945,#7946);
#7288=AXIS2_PLACEMENT_3D('',#10939,#7950,#7951);
#7289=AXIS2_PLACEMENT_3D('',#10956,#7955,#7956);
#7290=AXIS2_PLACEMENT_3D('',#10986,#7961,#7962);
#7291=AXIS2_PLACEMENT_3D('',#11003,#7966,#7967);
#7292=AXIS2_PLACEMENT_3D('',#11020,#7971,#7972);
#7293=AXIS2_PLACEMENT_3D('',#11050,#7977,#7978);
#7294=AXIS2_PLACEMENT_3D('',#11054,#7981,#7982);
#7295=AXIS2_PLACEMENT_3D('',#11055,#7983,#7984);
#7296=AXIS2_PLACEMENT_3D('',#11071,#7987,#7988);
#7297=AXIS2_PLACEMENT_3D('',#11088,#7992,#7993);
#7298=AXIS2_PLACEMENT_3D('',#11118,#7998,#7999);
#7299=AXIS2_PLACEMENT_3D('',#11135,#8003,#8004);
#7300=AXIS2_PLACEMENT_3D('',#11152,#8008,#8009);
#7301=AXIS2_PLACEMENT_3D('',#11182,#8014,#8015);
#7302=AXIS2_PLACEMENT_3D('',#11212,#8020,#8021);
#7303=AXIS2_PLACEMENT_3D('',#11242,#8026,#8027);
#7304=AXIS2_PLACEMENT_3D('',#11257,#8030,#8031);
#7305=AXIS2_PLACEMENT_3D('',#11289,#8037,#8038);
#7306=AXIS2_PLACEMENT_3D('',#11319,#8043,#8044);
#7307=AXIS2_PLACEMENT_3D('',#11323,#8047,#8048);
#7308=AXIS2_PLACEMENT_3D('',#11324,#8049,#8050);
#7309=AXIS2_PLACEMENT_3D('',#11340,#8053,#8054);
#7310=AXIS2_PLACEMENT_3D('',#11344,#8057,#8058);
#7311=AXIS2_PLACEMENT_3D('',#11361,#8062,#8063);
#7312=AXIS2_PLACEMENT_3D('',#11378,#8067,#8068);
#7313=AXIS2_PLACEMENT_3D('',#11393,#8071,#8072);
#7314=AXIS2_PLACEMENT_3D('',#11399,#8076,#8077);
#7315=AXIS2_PLACEMENT_3D('',#11416,#8081,#8082);
#7316=AXIS2_PLACEMENT_3D('',#11417,#8083,#8084);
#7317=AXIS2_PLACEMENT_3D('',#11420,#8086,#8087);
#7318=AXIS2_PLACEMENT_3D('',#11450,#8092,#8093);
#7319=AXIS2_PLACEMENT_3D('',#11480,#8098,#8099);
#7320=AXIS2_PLACEMENT_3D('',#11484,#8102,#8103);
#7321=AXIS2_PLACEMENT_3D('',#11485,#8104,#8105);
#7322=AXIS2_PLACEMENT_3D('',#11501,#8108,#8109);
#7323=AXIS2_PLACEMENT_3D('',#11505,#8112,#8113);
#7324=AXIS2_PLACEMENT_3D('',#11522,#8117,#8118);
#7325=AXIS2_PLACEMENT_3D('',#11539,#8122,#8123);
#7326=AXIS2_PLACEMENT_3D('',#11556,#8127,#8128);
#7327=AXIS2_PLACEMENT_3D('',#11571,#8131,#8132);
#7328=AXIS2_PLACEMENT_3D('',#11590,#8137,#8138);
#7329=AXIS2_PLACEMENT_3D('',#11620,#8143,#8144);
#7330=AXIS2_PLACEMENT_3D('',#11637,#8148,#8149);
#7331=AXIS2_PLACEMENT_3D('',#11654,#8153,#8154);
#7332=AXIS2_PLACEMENT_3D('',#11671,#8158,#8159);
#7333=AXIS2_PLACEMENT_3D('',#11688,#8163,#8164);
#7334=AXIS2_PLACEMENT_3D('',#11692,#8167,#8168);
#7335=AXIS2_PLACEMENT_3D('',#11709,#8172,#8173);
#7336=AXIS2_PLACEMENT_3D('',#11726,#8177,#8178);
#7337=AXIS2_PLACEMENT_3D('',#11743,#8182,#8183);
#7338=AXIS2_PLACEMENT_3D('',#11786,#8189,#8190);
#7339=AXIS2_PLACEMENT_3D('',#11803,#8194,#8195);
#7340=AXIS2_PLACEMENT_3D('',#11820,#8199,#8200);
#7341=AXIS2_PLACEMENT_3D('',#11850,#8205,#8206);
#7342=AXIS2_PLACEMENT_3D('',#11867,#8210,#8211);
#7343=AXIS2_PLACEMENT_3D('',#11923,#8218,#8219);
#7344=AXIS2_PLACEMENT_3D('',#11940,#8223,#8224);
#7345=AXIS2_PLACEMENT_3D('',#11957,#8228,#8229);
#7346=AXIS2_PLACEMENT_3D('',#11987,#8234,#8235);
#7347=AXIS2_PLACEMENT_3D('',#12004,#8239,#8240);
#7348=AXIS2_PLACEMENT_3D('',#12019,#8243,#8244);
#7349=AXIS2_PLACEMENT_3D('',#12051,#8250,#8251);
#7350=AXIS2_PLACEMENT_3D('',#12081,#8256,#8257);
#7351=AXIS2_PLACEMENT_3D('',#12098,#8261,#8262);
#7352=AXIS2_PLACEMENT_3D('',#12128,#8267,#8268);
#7353=AXIS2_PLACEMENT_3D('',#12145,#8272,#8273);
#7354=AXIS2_PLACEMENT_3D('',#12175,#8278,#8279);
#7355=AXIS2_PLACEMENT_3D('',#12192,#8283,#8284);
#7356=AXIS2_PLACEMENT_3D('',#12209,#8288,#8289);
#7357=AXIS2_PLACEMENT_3D('',#12226,#8293,#8294);
#7358=AXIS2_PLACEMENT_3D('',#12243,#8298,#8299);
#7359=AXIS2_PLACEMENT_3D('',#12260,#8303,#8304);
#7360=AXIS2_PLACEMENT_3D('',#12277,#8308,#8309);
#7361=AXIS2_PLACEMENT_3D('',#12307,#8314,#8315);
#7362=AXIS2_PLACEMENT_3D('',#12322,#8318,#8319);
#7363=AXIS2_PLACEMENT_3D('',#12341,#8324,#8325);
#7364=AXIS2_PLACEMENT_3D('',#12358,#8329,#8330);
#7365=AXIS2_PLACEMENT_3D('',#12375,#8334,#8335);
#7366=AXIS2_PLACEMENT_3D('',#12390,#8338,#8339);
#7367=AXIS2_PLACEMENT_3D('',#12422,#8345,#8346);
#7368=AXIS2_PLACEMENT_3D('',#12452,#8351,#8352);
#7369=AXIS2_PLACEMENT_3D('',#12456,#8355,#8356);
#7370=AXIS2_PLACEMENT_3D('',#12457,#8357,#8358);
#7371=AXIS2_PLACEMENT_3D('',#12473,#8361,#8362);
#7372=AXIS2_PLACEMENT_3D('',#12477,#8365,#8366);
#7373=AXIS2_PLACEMENT_3D('',#12494,#8370,#8371);
#7374=AXIS2_PLACEMENT_3D('',#12511,#8375,#8376);
#7375=AXIS2_PLACEMENT_3D('',#12541,#8381,#8382);
#7376=AXIS2_PLACEMENT_3D('',#12571,#8387,#8388);
#7377=AXIS2_PLACEMENT_3D('',#12601,#8393,#8394);
#7378=AXIS2_PLACEMENT_3D('',#12631,#8399,#8400);
#7379=AXIS2_PLACEMENT_3D('',#12646,#8403,#8404);
#7380=AXIS2_PLACEMENT_3D('',#12655,#8409,#8410);
#7381=AXIS2_PLACEMENT_3D('',#12656,#8411,#8412);
#7382=AXIS2_PLACEMENT_3D('',#12658,#8413,#8414);
#7383=AXIS2_PLACEMENT_3D('',#12661,#8416,#8417);
#7384=AXIS2_PLACEMENT_3D('',#12662,#8418,#8419);
#7385=AXIS2_PLACEMENT_3D('',#12666,#8421,#8422);
#7386=AXIS2_PLACEMENT_3D('',#12667,#8423,#8424);
#7387=AXIS2_PLACEMENT_3D('',#12680,#8431,#8432);
#7388=AXIS2_PLACEMENT_3D('',#12686,#8436,#8437);
#7389=AXIS2_PLACEMENT_3D('',#12690,#8440,#8441);
#7390=AXIS2_PLACEMENT_3D('',#12696,#8445,#8446);
#7391=AXIS2_PLACEMENT_3D('',#12700,#8449,#8450);
#7392=AXIS2_PLACEMENT_3D('',#12702,#8452,#8453);
#7393=AXIS2_PLACEMENT_3D('',#12708,#8457,#8458);
#7394=AXIS2_PLACEMENT_3D('',#12714,#8462,#8463);
#7395=AXIS2_PLACEMENT_3D('',#12716,#8465,#8466);
#7396=AXIS2_PLACEMENT_3D('',#12719,#8469,#8470);
#7397=DIRECTION('',(0.,0.,1.));
#7398=DIRECTION('',(1.,0.,0.));
#7399=DIRECTION('',(1.,0.,0.));
#7400=DIRECTION('',(0.,0.,-1.));
#7401=DIRECTION('',(0.,1.,0.));
#7402=DIRECTION('',(0.,0.,1.));
#7403=DIRECTION('',(0.,-1.,0.));
#7404=DIRECTION('',(0.,0.,-1.));
#7405=DIRECTION('',(1.,0.,0.));
#7406=DIRECTION('',(0.,0.,-1.));
#7407=DIRECTION('',(0.,1.,0.));
#7408=DIRECTION('',(0.,0.,1.));
#7409=DIRECTION('',(0.,-1.,0.));
#7410=DIRECTION('',(0.,0.,-1.));
#7411=DIRECTION('',(1.,0.,0.));
#7412=DIRECTION('',(0.,0.,-1.));
#7413=DIRECTION('',(0.,0.,1.));
#7414=DIRECTION('',(0.,-1.,0.));
#7415=DIRECTION('',(0.,0.,-1.));
#7416=DIRECTION('',(0.,1.,0.));
#7417=DIRECTION('',(1.,0.,0.));
#7418=DIRECTION('',(0.,0.,-1.));
#7419=DIRECTION('',(0.,1.,0.));
#7420=DIRECTION('',(0.,0.,1.));
#7421=DIRECTION('',(0.,-1.,0.));
#7422=DIRECTION('',(0.,0.,-1.));
#7423=DIRECTION('',(1.,0.,0.));
#7424=DIRECTION('',(0.,0.,-1.));
#7425=DIRECTION('',(0.,1.,0.));
#7426=DIRECTION('',(0.,0.,1.));
#7427=DIRECTION('',(0.,-1.,0.));
#7428=DIRECTION('',(0.,0.,-1.));
#7429=DIRECTION('',(1.,0.,0.));
#7430=DIRECTION('',(0.,0.,-1.));
#7431=DIRECTION('',(0.,1.,0.));
#7432=DIRECTION('',(0.,0.,1.));
#7433=DIRECTION('',(0.,-1.,0.));
#7434=DIRECTION('',(0.,0.,-1.));
#7435=DIRECTION('',(1.,0.,0.));
#7436=DIRECTION('',(0.,0.,-1.));
#7437=DIRECTION('',(0.,1.,0.));
#7438=DIRECTION('',(0.,0.,1.));
#7439=DIRECTION('',(0.,-1.,0.));
#7440=DIRECTION('',(0.,0.,-1.));
#7441=DIRECTION('',(1.,0.,0.));
#7442=DIRECTION('',(0.,0.,-1.));
#7443=DIRECTION('',(0.,1.,0.));
#7444=DIRECTION('',(0.,0.,1.));
#7445=DIRECTION('',(0.,-1.,0.));
#7446=DIRECTION('',(0.,0.,-1.));
#7447=DIRECTION('',(1.,0.,0.));
#7448=DIRECTION('',(1.,0.,0.));
#7449=DIRECTION('',(1.,0.,0.));
#7450=DIRECTION('',(0.,1.,0.));
#7451=DIRECTION('',(0.,0.,1.));
#7452=DIRECTION('',(0.,0.,1.));
#7453=DIRECTION('',(1.,0.,0.));
#7454=DIRECTION('',(1.,0.,0.));
#7455=DIRECTION('',(1.,0.,0.));
#7456=DIRECTION('',(0.,0.,1.));
#7457=DIRECTION('',(1.,0.,0.));
#7458=DIRECTION('',(0.,-1.,0.));
#7459=DIRECTION('',(1.,0.,0.));
#7460=DIRECTION('',(1.,0.,0.));
#7461=DIRECTION('',(0.,-1.,0.));
#7462=DIRECTION('',(0.,0.,-1.));
#7463=DIRECTION('',(0.,0.,-1.));
#7464=DIRECTION('',(1.,0.,0.));
#7465=DIRECTION('',(1.,0.,0.));
#7466=DIRECTION('',(0.,0.,-1.));
#7467=DIRECTION('',(-1.,0.,0.));
#7468=DIRECTION('',(0.,1.,0.));
#7469=DIRECTION('',(1.,0.,0.));
#7470=DIRECTION('',(1.,0.,0.));
#7471=DIRECTION('',(0.,1.,0.));
#7472=DIRECTION('',(0.,0.,1.));
#7473=DIRECTION('',(0.,0.,1.));
#7474=DIRECTION('',(1.,0.,0.));
#7475=DIRECTION('',(1.,0.,0.));
#7476=DIRECTION('',(1.,0.,0.));
#7477=DIRECTION('',(0.,0.,1.));
#7478=DIRECTION('',(1.,0.,0.));
#7479=DIRECTION('',(0.,-1.,0.));
#7480=DIRECTION('',(1.,0.,0.));
#7481=DIRECTION('',(1.,0.,0.));
#7482=DIRECTION('',(1.,0.,0.));
#7483=DIRECTION('',(0.,-1.,0.));
#7484=DIRECTION('',(0.,0.,-1.));
#7485=DIRECTION('',(0.,0.,-1.));
#7486=DIRECTION('',(1.,0.,0.));
#7487=DIRECTION('',(1.,0.,0.));
#7488=DIRECTION('',(0.,0.,-1.));
#7489=DIRECTION('',(-1.,0.,0.));
#7490=DIRECTION('',(0.,1.,0.));
#7491=DIRECTION('',(1.,0.,0.));
#7492=DIRECTION('',(1.,0.,0.));
#7493=DIRECTION('',(0.,0.,1.));
#7494=DIRECTION('',(1.,0.,0.));
#7495=DIRECTION('',(0.,-1.,0.));
#7496=DIRECTION('',(1.,0.,0.));
#7497=DIRECTION('',(1.,0.,0.));
#7498=DIRECTION('',(1.,0.,0.));
#7499=DIRECTION('',(0.,-1.,0.));
#7500=DIRECTION('',(0.,0.,-1.));
#7501=DIRECTION('',(0.,0.,-1.));
#7502=DIRECTION('',(1.,0.,0.));
#7503=DIRECTION('',(1.,0.,0.));
#7504=DIRECTION('',(1.,0.,0.));
#7505=DIRECTION('',(0.,0.,-1.));
#7506=DIRECTION('',(-1.,0.,0.));
#7507=DIRECTION('',(0.,1.,0.));
#7508=DIRECTION('',(1.,0.,0.));
#7509=DIRECTION('',(1.,0.,0.));
#7510=DIRECTION('',(0.,1.,0.));
#7511=DIRECTION('',(0.,0.,1.));
#7512=DIRECTION('',(0.,0.,1.));
#7513=DIRECTION('',(1.,0.,0.));
#7514=DIRECTION('',(1.,0.,0.));
#7515=DIRECTION('',(0.,1.,0.));
#7516=DIRECTION('',(0.,0.,1.));
#7517=DIRECTION('',(0.,0.,1.));
#7518=DIRECTION('',(1.,0.,0.));
#7519=DIRECTION('',(1.,0.,0.));
#7520=DIRECTION('',(1.,0.,0.));
#7521=DIRECTION('',(0.,0.,1.));
#7522=DIRECTION('',(1.,0.,0.));
#7523=DIRECTION('',(0.,-1.,0.));
#7524=DIRECTION('',(1.,0.,0.));
#7525=DIRECTION('',(1.,0.,0.));
#7526=DIRECTION('',(1.,0.,0.));
#7527=DIRECTION('',(0.,-1.,0.));
#7528=DIRECTION('',(0.,0.,-1.));
#7529=DIRECTION('',(0.,0.,-1.));
#7530=DIRECTION('',(1.,0.,0.));
#7531=DIRECTION('',(1.,0.,0.));
#7532=DIRECTION('',(0.,0.,-1.));
#7533=DIRECTION('',(-1.,0.,0.));
#7534=DIRECTION('',(0.,1.,0.));
#7535=DIRECTION('',(1.,0.,0.));
#7536=DIRECTION('',(1.,0.,0.));
#7537=DIRECTION('',(1.,0.,0.));
#7538=DIRECTION('',(0.,1.,0.));
#7539=DIRECTION('',(0.,0.,1.));
#7540=DIRECTION('',(0.,0.,1.));
#7541=DIRECTION('',(1.,0.,0.));
#7542=DIRECTION('',(1.,0.,0.));
#7543=DIRECTION('',(1.,0.,0.));
#7544=DIRECTION('',(0.,0.,1.));
#7545=DIRECTION('',(1.,0.,0.));
#7546=DIRECTION('',(0.,-1.,0.));
#7547=DIRECTION('',(1.,0.,0.));
#7548=DIRECTION('',(1.,0.,0.));
#7549=DIRECTION('',(0.,-1.,0.));
#7550=DIRECTION('',(0.,0.,-1.));
#7551=DIRECTION('',(0.,0.,-1.));
#7552=DIRECTION('',(1.,0.,0.));
#7553=DIRECTION('',(1.,0.,0.));
#7554=DIRECTION('',(0.,0.,-1.));
#7555=DIRECTION('',(-1.,0.,0.));
#7556=DIRECTION('',(0.,1.,0.));
#7557=DIRECTION('',(1.,0.,0.));
#7558=DIRECTION('',(1.,0.,0.));
#7559=DIRECTION('',(1.,0.,0.));
#7560=DIRECTION('',(0.,1.,0.));
#7561=DIRECTION('',(0.,0.,1.));
#7562=DIRECTION('',(0.,0.,1.));
#7563=DIRECTION('',(1.,0.,0.));
#7564=DIRECTION('',(1.,0.,0.));
#7565=DIRECTION('',(1.,0.,0.));
#7566=DIRECTION('',(0.,0.,1.));
#7567=DIRECTION('',(1.,0.,0.));
#7568=DIRECTION('',(0.,-1.,0.));
#7569=DIRECTION('',(1.,0.,0.));
#7570=DIRECTION('',(1.,0.,0.));
#7571=DIRECTION('',(0.,-1.,0.));
#7572=DIRECTION('',(0.,0.,-1.));
#7573=DIRECTION('',(0.,0.,-1.));
#7574=DIRECTION('',(1.,0.,0.));
#7575=DIRECTION('',(1.,0.,0.));
#7576=DIRECTION('',(0.,0.,-1.));
#7577=DIRECTION('',(-1.,0.,0.));
#7578=DIRECTION('',(0.,1.,0.));
#7579=DIRECTION('',(1.,0.,0.));
#7580=DIRECTION('',(1.,0.,0.));
#7581=DIRECTION('',(1.,0.,0.));
#7582=DIRECTION('',(0.,1.,0.));
#7583=DIRECTION('',(0.,0.,1.));
#7584=DIRECTION('',(0.,0.,1.));
#7585=DIRECTION('',(1.,0.,0.));
#7586=DIRECTION('',(1.,0.,0.));
#7587=DIRECTION('',(1.,0.,0.));
#7588=DIRECTION('',(0.,0.,1.));
#7589=DIRECTION('',(1.,0.,0.));
#7590=DIRECTION('',(0.,-1.,0.));
#7591=DIRECTION('',(1.,0.,0.));
#7592=DIRECTION('',(1.,0.,0.));
#7593=DIRECTION('',(0.,-1.,0.));
#7594=DIRECTION('',(0.,0.,-1.));
#7595=DIRECTION('',(0.,0.,-1.));
#7596=DIRECTION('',(1.,0.,0.));
#7597=DIRECTION('',(1.,0.,0.));
#7598=DIRECTION('',(0.,0.,-1.));
#7599=DIRECTION('',(-1.,0.,0.));
#7600=DIRECTION('',(0.,1.,0.));
#7601=DIRECTION('',(1.,0.,0.));
#7602=DIRECTION('',(1.,0.,0.));
#7603=DIRECTION('',(1.,0.,0.));
#7604=DIRECTION('',(0.,1.,0.));
#7605=DIRECTION('',(0.,0.,1.));
#7606=DIRECTION('',(0.,0.,1.));
#7607=DIRECTION('',(1.,0.,0.));
#7608=DIRECTION('',(1.,0.,0.));
#7609=DIRECTION('',(1.,0.,0.));
#7610=DIRECTION('',(0.,0.,1.));
#7611=DIRECTION('',(1.,0.,0.));
#7612=DIRECTION('',(0.,-1.,0.));
#7613=DIRECTION('',(1.,0.,0.));
#7614=DIRECTION('',(1.,0.,0.));
#7615=DIRECTION('',(1.,0.,0.));
#7616=DIRECTION('',(0.,-1.,0.));
#7617=DIRECTION('',(0.,0.,-1.));
#7618=DIRECTION('',(0.,0.,-1.));
#7619=DIRECTION('',(1.,0.,0.));
#7620=DIRECTION('',(1.,0.,0.));
#7621=DIRECTION('',(1.,0.,0.));
#7622=DIRECTION('',(0.,0.,-1.));
#7623=DIRECTION('',(-1.,0.,0.));
#7624=DIRECTION('',(0.,1.,0.));
#7625=DIRECTION('',(1.,0.,0.));
#7626=DIRECTION('',(0.,1.,0.));
#7627=DIRECTION('',(0.,-1.,0.));
#7628=DIRECTION('',(0.,0.,-1.));
#7629=DIRECTION('',(0.,-1.,0.));
#7630=DIRECTION('',(1.,0.,0.));
#7631=DIRECTION('',(0.,0.,-1.));
#7632=DIRECTION('',(0.,-1.,0.));
#7633=DIRECTION('',(0.,0.,-1.));
#7634=DIRECTION('',(0.,1.,0.));
#7635=DIRECTION('',(1.,0.,0.));
#7636=DIRECTION('',(0.,0.,-1.));
#7637=DIRECTION('',(0.,1.,0.));
#7638=DIRECTION('',(0.,0.,-1.));
#7639=DIRECTION('',(0.,1.,0.));
#7640=DIRECTION('',(0.,0.,1.));
#7641=DIRECTION('',(1.,0.,0.));
#7642=DIRECTION('',(0.,1.,0.));
#7643=DIRECTION('',(0.,-1.,0.));
#7644=DIRECTION('',(0.,0.,-1.));
#7645=DIRECTION('',(0.,1.,0.));
#7646=DIRECTION('',(0.,0.,-1.));
#7647=DIRECTION('',(0.,-1.,0.));
#7648=DIRECTION('',(0.,0.,-1.));
#7649=DIRECTION('',(0.,1.,0.));
#7650=DIRECTION('',(0.,0.,1.));
#7651=DIRECTION('',(1.,0.,0.));
#7652=DIRECTION('',(0.,1.,0.));
#7653=DIRECTION('',(0.,-1.,0.));
#7654=DIRECTION('',(1.,0.,0.));
#7655=DIRECTION('',(0.,0.,-1.));
#7656=DIRECTION('',(0.,-1.,0.));
#7657=DIRECTION('',(0.,0.,1.));
#7658=DIRECTION('',(0.,-1.,0.));
#7659=DIRECTION('',(0.,0.,-1.));
#7660=DIRECTION('',(0.,1.,0.));
#7661=DIRECTION('',(0.,0.,1.));
#7662=DIRECTION('',(1.,0.,0.));
#7663=DIRECTION('',(0.,1.,0.));
#7664=DIRECTION('',(0.,-1.,0.));
#7665=DIRECTION('',(1.,0.,0.));
#7666=DIRECTION('',(0.,0.,-1.));
#7667=DIRECTION('',(0.,-1.,0.));
#7668=DIRECTION('',(0.,0.,1.));
#7669=DIRECTION('',(0.,-1.,0.));
#7670=DIRECTION('',(0.,0.,-1.));
#7671=DIRECTION('',(0.,1.,0.));
#7672=DIRECTION('',(0.,0.,1.));
#7673=DIRECTION('',(0.,1.,0.));
#7674=DIRECTION('',(0.,0.,-1.));
#7675=DIRECTION('',(0.,1.,0.));
#7676=DIRECTION('',(0.,0.,1.));
#7677=DIRECTION('',(1.,0.,0.));
#7678=DIRECTION('',(0.,1.,0.));
#7679=DIRECTION('',(0.,-1.,0.));
#7680=DIRECTION('',(0.,0.,-1.));
#7681=DIRECTION('',(0.,1.,0.));
#7682=DIRECTION('',(0.,0.,-1.));
#7683=DIRECTION('',(0.,-1.,0.));
#7684=DIRECTION('',(0.,0.,-1.));
#7685=DIRECTION('',(0.,1.,0.));
#7686=DIRECTION('',(0.,0.,1.));
#7687=DIRECTION('',(1.,0.,0.));
#7688=DIRECTION('',(0.,1.,0.));
#7689=DIRECTION('',(0.,0.,1.));
#7690=DIRECTION('',(0.,-1.,0.));
#7691=DIRECTION('',(0.,0.,-1.));
#7692=DIRECTION('',(0.,1.,0.));
#7693=DIRECTION('',(1.,0.,0.));
#7694=DIRECTION('',(0.,0.,-1.));
#7695=DIRECTION('',(0.,1.,0.));
#7696=DIRECTION('',(0.,0.,-1.));
#7697=DIRECTION('',(0.,1.,0.));
#7698=DIRECTION('',(1.,0.,0.));
#7699=DIRECTION('',(0.,1.,0.));
#7700=DIRECTION('',(0.,-1.,0.));
#7701=DIRECTION('',(0.,0.,-1.));
#7702=DIRECTION('',(0.,-1.,0.));
#7703=DIRECTION('',(1.,0.,0.));
#7704=DIRECTION('',(0.,0.,-1.));
#7705=DIRECTION('',(0.,-1.,0.));
#7706=DIRECTION('',(0.,0.,-1.));
#7707=DIRECTION('',(0.,1.,0.));
#7708=DIRECTION('',(1.,0.,0.));
#7709=DIRECTION('',(0.,0.,-1.));
#7710=DIRECTION('',(0.,1.,0.));
#7711=DIRECTION('',(0.,0.,-1.));
#7712=DIRECTION('',(0.,1.,0.));
#7713=DIRECTION('',(0.,0.,1.));
#7714=DIRECTION('',(1.,0.,0.));
#7715=DIRECTION('',(0.,1.,0.));
#7716=DIRECTION('',(0.,-1.,0.));
#7717=DIRECTION('',(0.,0.,-1.));
#7718=DIRECTION('',(0.,-1.,0.));
#7719=DIRECTION('',(0.,0.,1.));
#7720=DIRECTION('',(0.,-1.,0.));
#7721=DIRECTION('',(0.,0.,-1.));
#7722=DIRECTION('',(0.,1.,0.));
#7723=DIRECTION('',(0.,1.,0.));
#7724=DIRECTION('',(0.,0.,-1.));
#7725=DIRECTION('',(0.,1.,0.));
#7726=DIRECTION('',(0.,0.,1.));
#7727=DIRECTION('',(1.,0.,0.));
#7728=DIRECTION('',(0.,1.,0.));
#7729=DIRECTION('',(0.,-1.,0.));
#7730=DIRECTION('',(0.,0.859599074697531,-0.51096910941773));
#7731=DIRECTION('',(0.,0.,-1.));
#7732=DIRECTION('',(0.,-1.,0.));
#7733=DIRECTION('',(0.,0.,-1.));
#7734=DIRECTION('',(0.,1.,0.));
#7735=DIRECTION('',(0.,-0.873961828060069,0.48599457105394));
#7736=DIRECTION('',(0.,0.,1.));
#7737=DIRECTION('',(0.,1.,0.));
#7738=DIRECTION('',(0.,0.,1.));
#7739=DIRECTION('',(1.,0.,0.));
#7740=DIRECTION('',(0.,1.,0.));
#7741=DIRECTION('',(0.,-1.,0.));
#7742=DIRECTION('',(0.,0.,1.));
#7743=DIRECTION('',(0.,-1.,0.));
#7744=DIRECTION('',(0.,0.,-1.));
#7745=DIRECTION('',(0.,1.,0.));
#7746=DIRECTION('',(0.,0.,-1.));
#7747=DIRECTION('',(0.,-1.,0.));
#7748=DIRECTION('',(0.,0.,-1.));
#7749=DIRECTION('',(0.,1.,0.));
#7750=DIRECTION('',(0.,0.,-1.));
#7751=DIRECTION('',(0.,1.,0.));
#7752=DIRECTION('',(0.,0.,1.));
#7753=DIRECTION('',(0.,1.,0.));
#7754=DIRECTION('',(0.,0.,1.));
#7755=DIRECTION('',(1.,0.,0.));
#7756=DIRECTION('',(0.,1.,0.));
#7757=DIRECTION('',(0.,-1.,0.));
#7758=DIRECTION('',(0.,0.,-1.));
#7759=DIRECTION('',(0.,1.,0.));
#7760=DIRECTION('',(0.,0.,1.));
#7761=DIRECTION('',(1.,0.,0.));
#7762=DIRECTION('',(0.,1.,0.));
#7763=DIRECTION('',(0.,0.,1.));
#7764=DIRECTION('',(0.,-1.,0.));
#7765=DIRECTION('',(0.,0.,-1.));
#7766=DIRECTION('',(0.,1.,0.));
#7767=DIRECTION('',(1.,0.,0.));
#7768=DIRECTION('',(0.,0.,-1.));
#7769=DIRECTION('',(0.,1.,0.));
#7770=DIRECTION('',(0.,0.,-1.));
#7771=DIRECTION('',(0.,1.,0.));
#7772=DIRECTION('',(1.,0.,0.));
#7773=DIRECTION('',(0.,1.,0.));
#7774=DIRECTION('',(0.,-1.,0.));
#7775=DIRECTION('',(0.,0.,-1.));
#7776=DIRECTION('',(0.,1.,0.));
#7777=DIRECTION('',(0.,0.,1.));
#7778=DIRECTION('',(0.,-1.,0.));
#7779=DIRECTION('',(0.,0.,-1.));
#7780=DIRECTION('',(0.,0.,-1.));
#7781=DIRECTION('',(1.,0.,0.));
#7782=DIRECTION('',(1.,0.,0.));
#7783=DIRECTION('',(0.,0.,1.));
#7784=DIRECTION('',(1.,0.,0.));
#7785=DIRECTION('',(0.,-1.,0.));
#7786=DIRECTION('',(1.,0.,0.));
#7787=DIRECTION('',(1.,0.,0.));
#7788=DIRECTION('',(1.,0.,0.));
#7789=DIRECTION('',(0.,-0.223107545900155,-0.974793836132754));
#7790=DIRECTION('',(1.,0.,0.));
#7791=DIRECTION('',(0.,0.,-1.));
#7792=DIRECTION('',(1.,0.,0.));
#7793=DIRECTION('',(0.,0.,1.));
#7794=DIRECTION('',(1.,0.,0.));
#7795=DIRECTION('',(0.,-1.,0.));
#7796=DIRECTION('',(1.,0.,0.));
#7797=DIRECTION('',(1.,0.,0.));
#7798=DIRECTION('',(1.,0.,0.));
#7799=DIRECTION('',(0.,-1.,0.));
#7800=DIRECTION('',(0.,0.,-1.));
#7801=DIRECTION('',(0.,0.,-1.));
#7802=DIRECTION('',(1.,0.,0.));
#7803=DIRECTION('',(1.,0.,0.));
#7804=DIRECTION('',(1.,0.,0.));
#7805=DIRECTION('',(0.,0.,-1.));
#7806=DIRECTION('',(-1.,0.,0.));
#7807=DIRECTION('',(0.,1.,0.));
#7808=DIRECTION('',(1.,0.,0.));
#7809=DIRECTION('',(1.,0.,0.));
#7810=DIRECTION('',(0.,-0.223107545900144,0.974793836132756));
#7811=DIRECTION('',(1.,0.,0.));
#7812=DIRECTION('',(0.,0.,-1.));
#7813=DIRECTION('',(1.,0.,0.));
#7814=DIRECTION('',(1.,0.,0.));
#7815=DIRECTION('',(0.,0.,-1.));
#7816=DIRECTION('',(-1.,0.,0.));
#7817=DIRECTION('',(0.,1.,0.));
#7818=DIRECTION('',(1.,0.,0.));
#7819=DIRECTION('',(0.,-1.,0.));
#7820=DIRECTION('',(0.,0.,-1.));
#7821=DIRECTION('',(0.,0.,-1.));
#7822=DIRECTION('',(1.,0.,0.));
#7823=DIRECTION('',(1.,0.,0.));
#7824=DIRECTION('',(0.,0.,-1.));
#7825=DIRECTION('',(-1.,0.,0.));
#7826=DIRECTION('',(0.,1.,0.));
#7827=DIRECTION('',(1.,0.,0.));
#7828=DIRECTION('',(1.,0.,0.));
#7829=DIRECTION('',(0.,1.,0.));
#7830=DIRECTION('',(0.,0.,1.));
#7831=DIRECTION('',(0.,0.,1.));
#7832=DIRECTION('',(1.,0.,0.));
#7833=DIRECTION('',(1.,0.,0.));
#7834=DIRECTION('',(0.,0.,1.));
#7835=DIRECTION('',(1.,0.,0.));
#7836=DIRECTION('',(0.,-1.,0.));
#7837=DIRECTION('',(1.,0.,0.));
#7838=DIRECTION('',(1.,0.,0.));
#7839=DIRECTION('',(1.,0.,0.));
#7840=DIRECTION('',(0.,-1.,0.));
#7841=DIRECTION('',(0.,0.,-1.));
#7842=DIRECTION('',(0.,0.,-1.));
#7843=DIRECTION('',(1.,0.,0.));
#7844=DIRECTION('',(1.,0.,0.));
#7845=DIRECTION('',(0.,0.,-1.));
#7846=DIRECTION('',(-1.,0.,0.));
#7847=DIRECTION('',(0.,1.,0.));
#7848=DIRECTION('',(1.,0.,0.));
#7849=DIRECTION('',(1.,0.,0.));
#7850=DIRECTION('',(1.,0.,0.));
#7851=DIRECTION('',(0.,-1.,0.));
#7852=DIRECTION('',(0.,0.,-1.));
#7853=DIRECTION('',(0.,0.,-1.));
#7854=DIRECTION('',(1.,0.,0.));
#7855=DIRECTION('',(1.,0.,0.));
#7856=DIRECTION('',(0.,0.,1.));
#7857=DIRECTION('',(1.,0.,0.));
#7858=DIRECTION('',(0.,-1.,0.));
#7859=DIRECTION('',(1.,0.,0.));
#7860=DIRECTION('',(1.,0.,0.));
#7861=DIRECTION('',(0.,-1.,0.));
#7862=DIRECTION('',(0.,0.,-1.));
#7863=DIRECTION('',(0.,0.,-1.));
#7864=DIRECTION('',(1.,0.,0.));
#7865=DIRECTION('',(1.,0.,0.));
#7866=DIRECTION('',(1.,0.,0.));
#7867=DIRECTION('',(0.,0.,-1.));
#7868=DIRECTION('',(-1.,0.,0.));
#7869=DIRECTION('',(0.,1.,0.));
#7870=DIRECTION('',(1.,0.,0.));
#7871=DIRECTION('',(1.,0.,0.));
#7872=DIRECTION('',(1.,0.,0.));
#7873=DIRECTION('',(0.,1.,0.));
#7874=DIRECTION('',(0.,0.,1.));
#7875=DIRECTION('',(0.,0.,1.));
#7876=DIRECTION('',(1.,0.,0.));
#7877=DIRECTION('',(1.,0.,0.));
#7878=DIRECTION('',(1.,0.,0.));
#7879=DIRECTION('',(0.,0.,1.));
#7880=DIRECTION('',(1.,0.,0.));
#7881=DIRECTION('',(0.,-1.,0.));
#7882=DIRECTION('',(1.,0.,0.));
#7883=DIRECTION('',(1.,0.,0.));
#7884=DIRECTION('',(1.,0.,0.));
#7885=DIRECTION('',(0.,0.,1.));
#7886=DIRECTION('',(1.,0.,0.));
#7887=DIRECTION('',(0.,-1.,0.));
#7888=DIRECTION('',(1.,0.,0.));
#7889=DIRECTION('',(0.,1.,0.));
#7890=DIRECTION('',(0.,0.,1.));
#7891=DIRECTION('',(0.,0.,1.));
#7892=DIRECTION('',(1.,0.,0.));
#7893=DIRECTION('',(1.,0.,0.));
#7894=DIRECTION('',(0.,0.,1.));
#7895=DIRECTION('',(1.,0.,0.));
#7896=DIRECTION('',(0.,-1.,0.));
#7897=DIRECTION('',(1.,0.,0.));
#7898=DIRECTION('',(1.,0.,0.));
#7899=DIRECTION('',(0.,-1.,0.));
#7900=DIRECTION('',(0.,0.,-1.));
#7901=DIRECTION('',(0.,0.,-1.));
#7902=DIRECTION('',(1.,0.,0.));
#7903=DIRECTION('',(1.,0.,0.));
#7904=DIRECTION('',(0.,0.,-1.));
#7905=DIRECTION('',(-1.,0.,0.));
#7906=DIRECTION('',(0.,1.,0.));
#7907=DIRECTION('',(1.,0.,0.));
#7908=DIRECTION('',(1.,0.,0.));
#7909=DIRECTION('',(1.,0.,0.));
#7910=DIRECTION('',(0.,1.,0.));
#7911=DIRECTION('',(0.,0.,1.));
#7912=DIRECTION('',(0.,0.,1.));
#7913=DIRECTION('',(1.,0.,0.));
#7914=DIRECTION('',(1.,0.,0.));
#7915=DIRECTION('',(1.,0.,0.));
#7916=DIRECTION('',(0.,0.,1.));
#7917=DIRECTION('',(1.,0.,0.));
#7918=DIRECTION('',(0.,-1.,0.));
#7919=DIRECTION('',(1.,0.,0.));
#7920=DIRECTION('',(1.,0.,0.));
#7921=DIRECTION('',(0.,0.223476571867016,-0.974709301190138));
#7922=DIRECTION('',(1.,0.,0.));
#7923=DIRECTION('',(0.,0.,-1.));
#7924=DIRECTION('',(1.,0.,0.));
#7925=DIRECTION('',(1.,0.,0.));
#7926=DIRECTION('',(0.,0.,1.));
#7927=DIRECTION('',(1.,0.,0.));
#7928=DIRECTION('',(0.,-1.,0.));
#7929=DIRECTION('',(1.,0.,0.));
#7930=DIRECTION('',(0.,1.,0.));
#7931=DIRECTION('',(0.,0.,1.));
#7932=DIRECTION('',(0.,0.,1.));
#7933=DIRECTION('',(1.,0.,0.));
#7934=DIRECTION('',(1.,0.,0.));
#7935=DIRECTION('',(0.,0.,1.));
#7936=DIRECTION('',(1.,0.,0.));
#7937=DIRECTION('',(0.,-1.,0.));
#7938=DIRECTION('',(1.,0.,0.));
#7939=DIRECTION('',(1.,0.,0.));
#7940=DIRECTION('',(0.,-1.,0.));
#7941=DIRECTION('',(0.,0.,-1.));
#7942=DIRECTION('',(0.,0.,-1.));
#7943=DIRECTION('',(1.,0.,0.));
#7944=DIRECTION('',(1.,0.,0.));
#7945=DIRECTION('',(0.,0.,-1.));
#7946=DIRECTION('',(-1.,0.,0.));
#7947=DIRECTION('',(0.,1.,0.));
#7948=DIRECTION('',(1.,0.,0.));
#7949=DIRECTION('',(1.,0.,0.));
#7950=DIRECTION('',(0.,1.,0.));
#7951=DIRECTION('',(0.,0.,1.));
#7952=DIRECTION('',(0.,0.,1.));
#7953=DIRECTION('',(1.,0.,0.));
#7954=DIRECTION('',(1.,0.,0.));
#7955=DIRECTION('',(0.,0.,-1.));
#7956=DIRECTION('',(-1.,0.,0.));
#7957=DIRECTION('',(0.,1.,0.));
#7958=DIRECTION('',(1.,0.,0.));
#7959=DIRECTION('',(1.,0.,0.));
#7960=DIRECTION('',(1.,0.,0.));
#7961=DIRECTION('',(0.,-1.,0.));
#7962=DIRECTION('',(0.,0.,-1.));
#7963=DIRECTION('',(0.,0.,-1.));
#7964=DIRECTION('',(1.,0.,0.));
#7965=DIRECTION('',(1.,0.,0.));
#7966=DIRECTION('',(0.,0.,-1.));
#7967=DIRECTION('',(-1.,0.,0.));
#7968=DIRECTION('',(0.,1.,0.));
#7969=DIRECTION('',(1.,0.,0.));
#7970=DIRECTION('',(1.,0.,0.));
#7971=DIRECTION('',(0.,1.,0.));
#7972=DIRECTION('',(0.,0.,1.));
#7973=DIRECTION('',(0.,0.,1.));
#7974=DIRECTION('',(1.,0.,0.));
#7975=DIRECTION('',(1.,0.,0.));
#7976=DIRECTION('',(1.,0.,0.));
#7977=DIRECTION('',(0.,0.,1.));
#7978=DIRECTION('',(1.,0.,0.));
#7979=DIRECTION('',(0.,-1.,0.));
#7980=DIRECTION('',(1.,0.,0.));
#7981=DIRECTION('',(1.,0.,0.));
#7982=DIRECTION('',(0.,0.22347657186701,-0.974709301190139));
#7983=DIRECTION('',(1.,0.,0.));
#7984=DIRECTION('',(0.,0.,-1.));
#7985=DIRECTION('',(1.,0.,0.));
#7986=DIRECTION('',(1.,0.,0.));
#7987=DIRECTION('',(0.,-1.,0.));
#7988=DIRECTION('',(0.,0.,-1.));
#7989=DIRECTION('',(0.,0.,-1.));
#7990=DIRECTION('',(1.,0.,0.));
#7991=DIRECTION('',(1.,0.,0.));
#7992=DIRECTION('',(0.,0.,-1.));
#7993=DIRECTION('',(-1.,0.,0.));
#7994=DIRECTION('',(0.,1.,0.));
#7995=DIRECTION('',(1.,0.,0.));
#7996=DIRECTION('',(1.,0.,0.));
#7997=DIRECTION('',(1.,0.,0.));
#7998=DIRECTION('',(0.,-1.,0.));
#7999=DIRECTION('',(0.,0.,-1.));
#8000=DIRECTION('',(0.,0.,-1.));
#8001=DIRECTION('',(1.,0.,0.));
#8002=DIRECTION('',(1.,0.,0.));
#8003=DIRECTION('',(0.,0.,1.));
#8004=DIRECTION('',(1.,0.,0.));
#8005=DIRECTION('',(0.,-1.,0.));
#8006=DIRECTION('',(1.,0.,0.));
#8007=DIRECTION('',(1.,0.,0.));
#8008=DIRECTION('',(0.,-1.,0.));
#8009=DIRECTION('',(0.,0.,-1.));
#8010=DIRECTION('',(0.,0.,-1.));
#8011=DIRECTION('',(1.,0.,0.));
#8012=DIRECTION('',(1.,0.,0.));
#8013=DIRECTION('',(1.,0.,0.));
#8014=DIRECTION('',(0.,0.,-1.));
#8015=DIRECTION('',(-1.,0.,0.));
#8016=DIRECTION('',(0.,1.,0.));
#8017=DIRECTION('',(1.,0.,0.));
#8018=DIRECTION('',(1.,0.,0.));
#8019=DIRECTION('',(1.,0.,0.));
#8020=DIRECTION('',(0.,1.,0.));
#8021=DIRECTION('',(0.,0.,1.));
#8022=DIRECTION('',(0.,0.,1.));
#8023=DIRECTION('',(1.,0.,0.));
#8024=DIRECTION('',(1.,0.,0.));
#8025=DIRECTION('',(1.,0.,0.));
#8026=DIRECTION('',(0.,0.,1.));
#8027=DIRECTION('',(1.,0.,0.));
#8028=DIRECTION('',(0.,-1.,0.));
#8029=DIRECTION('',(1.,0.,0.));
#8030=DIRECTION('',(0.,0.,1.));
#8031=DIRECTION('',(1.,0.,0.));
#8032=DIRECTION('',(0.,-1.,0.));
#8033=DIRECTION('',(1.,0.,0.));
#8034=DIRECTION('',(1.,0.,0.));
#8035=DIRECTION('',(1.,0.,0.));
#8036=DIRECTION('',(1.,0.,0.));
#8037=DIRECTION('',(0.,-1.,0.));
#8038=DIRECTION('',(0.,0.,-1.));
#8039=DIRECTION('',(0.,0.,-1.));
#8040=DIRECTION('',(1.,0.,0.));
#8041=DIRECTION('',(1.,0.,0.));
#8042=DIRECTION('',(1.,0.,0.));
#8043=DIRECTION('',(0.,0.,-1.));
#8044=DIRECTION('',(-1.,0.,0.));
#8045=DIRECTION('',(0.,1.,0.));
#8046=DIRECTION('',(1.,0.,0.));
#8047=DIRECTION('',(1.,0.,0.));
#8048=DIRECTION('',(0.,-0.230178651058671,0.973148389813604));
#8049=DIRECTION('',(1.,0.,0.));
#8050=DIRECTION('',(0.,0.,-1.));
#8051=DIRECTION('',(1.,0.,0.));
#8052=DIRECTION('',(1.,0.,0.));
#8053=DIRECTION('',(0.,0.,-1.));
#8054=DIRECTION('',(-1.,0.,0.));
#8055=DIRECTION('',(0.,1.,0.));
#8056=DIRECTION('',(1.,0.,0.));
#8057=DIRECTION('',(0.,-1.,0.));
#8058=DIRECTION('',(0.,0.,-1.));
#8059=DIRECTION('',(0.,0.,-1.));
#8060=DIRECTION('',(1.,0.,0.));
#8061=DIRECTION('',(1.,0.,0.));
#8062=DIRECTION('',(0.,0.,-1.));
#8063=DIRECTION('',(-1.,0.,0.));
#8064=DIRECTION('',(0.,1.,0.));
#8065=DIRECTION('',(1.,0.,0.));
#8066=DIRECTION('',(1.,0.,0.));
#8067=DIRECTION('',(0.,1.,0.));
#8068=DIRECTION('',(0.,0.,1.));
#8069=DIRECTION('',(0.,0.,1.));
#8070=DIRECTION('',(1.,0.,0.));
#8071=DIRECTION('',(0.,-1.,0.));
#8072=DIRECTION('',(0.,0.,-1.));
#8073=DIRECTION('',(0.,0.,-1.));
#8074=DIRECTION('',(1.,0.,0.));
#8075=DIRECTION('',(1.,0.,0.));
#8076=DIRECTION('',(0.,0.,1.));
#8077=DIRECTION('',(1.,0.,0.));
#8078=DIRECTION('',(0.,-1.,0.));
#8079=DIRECTION('',(1.,0.,0.));
#8080=DIRECTION('',(1.,0.,0.));
#8081=DIRECTION('',(1.,0.,0.));
#8082=DIRECTION('',(0.,-0.223107545900158,-0.974793836132753));
#8083=DIRECTION('',(1.,0.,0.));
#8084=DIRECTION('',(0.,0.,-1.));
#8085=DIRECTION('',(1.,0.,0.));
#8086=DIRECTION('',(0.,0.,1.));
#8087=DIRECTION('',(1.,0.,0.));
#8088=DIRECTION('',(0.,-1.,0.));
#8089=DIRECTION('',(1.,0.,0.));
#8090=DIRECTION('',(1.,0.,0.));
#8091=DIRECTION('',(1.,0.,0.));
#8092=DIRECTION('',(0.,-1.,0.));
#8093=DIRECTION('',(0.,0.,-1.));
#8094=DIRECTION('',(0.,0.,-1.));
#8095=DIRECTION('',(1.,0.,0.));
#8096=DIRECTION('',(1.,0.,0.));
#8097=DIRECTION('',(1.,0.,0.));
#8098=DIRECTION('',(0.,0.,-1.));
#8099=DIRECTION('',(-1.,0.,0.));
#8100=DIRECTION('',(0.,1.,0.));
#8101=DIRECTION('',(1.,0.,0.));
#8102=DIRECTION('',(1.,0.,0.));
#8103=DIRECTION('',(0.,-0.223107545900146,0.974793836132756));
#8104=DIRECTION('',(1.,0.,0.));
#8105=DIRECTION('',(0.,0.,-1.));
#8106=DIRECTION('',(1.,0.,0.));
#8107=DIRECTION('',(1.,0.,0.));
#8108=DIRECTION('',(0.,0.,-1.));
#8109=DIRECTION('',(-1.,0.,0.));
#8110=DIRECTION('',(0.,1.,0.));
#8111=DIRECTION('',(1.,0.,0.));
#8112=DIRECTION('',(0.,-1.,0.));
#8113=DIRECTION('',(0.,0.,-1.));
#8114=DIRECTION('',(0.,0.,-1.));
#8115=DIRECTION('',(1.,0.,0.));
#8116=DIRECTION('',(1.,0.,0.));
#8117=DIRECTION('',(0.,0.,-1.));
#8118=DIRECTION('',(-1.,0.,0.));
#8119=DIRECTION('',(0.,1.,0.));
#8120=DIRECTION('',(1.,0.,0.));
#8121=DIRECTION('',(1.,0.,0.));
#8122=DIRECTION('',(0.,1.,0.));
#8123=DIRECTION('',(0.,0.,1.));
#8124=DIRECTION('',(0.,0.,1.));
#8125=DIRECTION('',(1.,0.,0.));
#8126=DIRECTION('',(1.,0.,0.));
#8127=DIRECTION('',(0.,0.,1.));
#8128=DIRECTION('',(1.,0.,0.));
#8129=DIRECTION('',(0.,-1.,0.));
#8130=DIRECTION('',(1.,0.,0.));
#8131=DIRECTION('',(0.,-1.,0.));
#8132=DIRECTION('',(0.,0.,-1.));
#8133=DIRECTION('',(0.,0.,-1.));
#8134=DIRECTION('',(1.,0.,0.));
#8135=DIRECTION('',(1.,0.,0.));
#8136=DIRECTION('',(1.,0.,0.));
#8137=DIRECTION('',(0.,0.,1.));
#8138=DIRECTION('',(1.,0.,0.));
#8139=DIRECTION('',(0.,-1.,0.));
#8140=DIRECTION('',(1.,0.,0.));
#8141=DIRECTION('',(1.,0.,0.));
#8142=DIRECTION('',(1.,0.,0.));
#8143=DIRECTION('',(0.,1.,0.));
#8144=DIRECTION('',(0.,0.,1.));
#8145=DIRECTION('',(0.,0.,1.));
#8146=DIRECTION('',(1.,0.,0.));
#8147=DIRECTION('',(1.,0.,0.));
#8148=DIRECTION('',(0.,0.,1.));
#8149=DIRECTION('',(1.,0.,0.));
#8150=DIRECTION('',(0.,-1.,0.));
#8151=DIRECTION('',(1.,0.,0.));
#8152=DIRECTION('',(1.,0.,0.));
#8153=DIRECTION('',(0.,-1.,0.));
#8154=DIRECTION('',(0.,0.,-1.));
#8155=DIRECTION('',(0.,0.,-1.));
#8156=DIRECTION('',(1.,0.,0.));
#8157=DIRECTION('',(1.,0.,0.));
#8158=DIRECTION('',(0.,0.,-1.));
#8159=DIRECTION('',(-1.,0.,0.));
#8160=DIRECTION('',(0.,1.,0.));
#8161=DIRECTION('',(1.,0.,0.));
#8162=DIRECTION('',(1.,0.,0.));
#8163=DIRECTION('',(0.,0.,-1.));
#8164=DIRECTION('',(-1.,0.,0.));
#8165=DIRECTION('',(0.,1.,0.));
#8166=DIRECTION('',(1.,0.,0.));
#8167=DIRECTION('',(0.,-1.,0.));
#8168=DIRECTION('',(0.,0.,-1.));
#8169=DIRECTION('',(0.,0.,-1.));
#8170=DIRECTION('',(1.,0.,0.));
#8171=DIRECTION('',(1.,0.,0.));
#8172=DIRECTION('',(0.,0.,-1.));
#8173=DIRECTION('',(-1.,0.,0.));
#8174=DIRECTION('',(0.,1.,0.));
#8175=DIRECTION('',(1.,0.,0.));
#8176=DIRECTION('',(1.,0.,0.));
#8177=DIRECTION('',(0.,1.,0.));
#8178=DIRECTION('',(0.,0.,1.));
#8179=DIRECTION('',(0.,0.,1.));
#8180=DIRECTION('',(1.,0.,0.));
#8181=DIRECTION('',(1.,0.,0.));
#8182=DIRECTION('',(0.,0.,1.));
#8183=DIRECTION('',(1.,0.,0.));
#8184=DIRECTION('',(0.,-1.,0.));
#8185=DIRECTION('',(1.,0.,0.));
#8186=DIRECTION('',(1.,0.,0.));
#8187=DIRECTION('',(1.,0.,0.));
#8188=DIRECTION('',(1.,0.,0.));
#8189=DIRECTION('',(0.,-0.51096910941773,-0.859599074697531));
#8190=DIRECTION('',(0.,0.859599074697531,-0.51096910941773));
#8191=DIRECTION('',(0.,0.859599074697531,-0.51096910941773));
#8192=DIRECTION('',(1.,0.,0.));
#8193=DIRECTION('',(1.,0.,0.));
#8194=DIRECTION('',(0.,-1.,0.));
#8195=DIRECTION('',(0.,0.,-1.));
#8196=DIRECTION('',(0.,0.,-1.));
#8197=DIRECTION('',(1.,0.,0.));
#8198=DIRECTION('',(1.,0.,0.));
#8199=DIRECTION('',(0.,0.,1.));
#8200=DIRECTION('',(1.,0.,0.));
#8201=DIRECTION('',(0.,-1.,0.));
#8202=DIRECTION('',(1.,0.,0.));
#8203=DIRECTION('',(1.,0.,0.));
#8204=DIRECTION('',(1.,0.,0.));
#8205=DIRECTION('',(0.,-1.,0.));
#8206=DIRECTION('',(0.,0.,-1.));
#8207=DIRECTION('',(0.,0.,-1.));
#8208=DIRECTION('',(1.,0.,0.));
#8209=DIRECTION('',(1.,0.,0.));
#8210=DIRECTION('',(0.,0.,-1.));
#8211=DIRECTION('',(-1.,0.,0.));
#8212=DIRECTION('',(0.,1.,0.));
#8213=DIRECTION('',(1.,0.,0.));
#8214=DIRECTION('',(1.,0.,0.));
#8215=DIRECTION('',(1.,0.,0.));
#8216=DIRECTION('',(1.,0.,0.));
#8217=DIRECTION('',(1.,0.,0.));
#8218=DIRECTION('',(0.,0.48599457105394,0.873961828060069));
#8219=DIRECTION('',(0.,-0.873961828060069,0.48599457105394));
#8220=DIRECTION('',(0.,-0.873961828060069,0.48599457105394));
#8221=DIRECTION('',(1.,0.,0.));
#8222=DIRECTION('',(1.,0.,0.));
#8223=DIRECTION('',(0.,1.,0.));
#8224=DIRECTION('',(0.,0.,1.));
#8225=DIRECTION('',(0.,0.,1.));
#8226=DIRECTION('',(1.,0.,0.));
#8227=DIRECTION('',(1.,0.,0.));
#8228=DIRECTION('',(0.,0.,-1.));
#8229=DIRECTION('',(-1.,0.,0.));
#8230=DIRECTION('',(0.,1.,0.));
#8231=DIRECTION('',(1.,0.,0.));
#8232=DIRECTION('',(1.,0.,0.));
#8233=DIRECTION('',(1.,0.,0.));
#8234=DIRECTION('',(0.,1.,0.));
#8235=DIRECTION('',(0.,0.,1.));
#8236=DIRECTION('',(0.,0.,1.));
#8237=DIRECTION('',(1.,0.,0.));
#8238=DIRECTION('',(1.,0.,0.));
#8239=DIRECTION('',(0.,0.,1.));
#8240=DIRECTION('',(1.,0.,0.));
#8241=DIRECTION('',(0.,-1.,0.));
#8242=DIRECTION('',(1.,0.,0.));
#8243=DIRECTION('',(0.,1.,0.));
#8244=DIRECTION('',(0.,0.,1.));
#8245=DIRECTION('',(0.,0.,1.));
#8246=DIRECTION('',(1.,0.,0.));
#8247=DIRECTION('',(1.,0.,0.));
#8248=DIRECTION('',(1.,0.,0.));
#8249=DIRECTION('',(1.,0.,0.));
#8250=DIRECTION('',(0.,0.,1.));
#8251=DIRECTION('',(1.,0.,0.));
#8252=DIRECTION('',(0.,-1.,0.));
#8253=DIRECTION('',(1.,0.,0.));
#8254=DIRECTION('',(1.,0.,0.));
#8255=DIRECTION('',(1.,0.,0.));
#8256=DIRECTION('',(0.,-1.,0.));
#8257=DIRECTION('',(0.,0.,-1.));
#8258=DIRECTION('',(0.,0.,-1.));
#8259=DIRECTION('',(1.,0.,0.));
#8260=DIRECTION('',(1.,0.,0.));
#8261=DIRECTION('',(0.,0.,-1.));
#8262=DIRECTION('',(-1.,0.,0.));
#8263=DIRECTION('',(0.,1.,0.));
#8264=DIRECTION('',(1.,0.,0.));
#8265=DIRECTION('',(1.,0.,0.));
#8266=DIRECTION('',(1.,0.,0.));
#8267=DIRECTION('',(0.,-1.,0.));
#8268=DIRECTION('',(0.,0.,-1.));
#8269=DIRECTION('',(0.,0.,-1.));
#8270=DIRECTION('',(1.,0.,0.));
#8271=DIRECTION('',(1.,0.,0.));
#8272=DIRECTION('',(0.,0.,1.));
#8273=DIRECTION('',(1.,0.,0.));
#8274=DIRECTION('',(0.,-1.,0.));
#8275=DIRECTION('',(1.,0.,0.));
#8276=DIRECTION('',(1.,0.,0.));
#8277=DIRECTION('',(1.,0.,0.));
#8278=DIRECTION('',(0.,-1.,0.));
#8279=DIRECTION('',(0.,0.,-1.));
#8280=DIRECTION('',(0.,0.,-1.));
#8281=DIRECTION('',(1.,0.,0.));
#8282=DIRECTION('',(1.,0.,0.));
#8283=DIRECTION('',(0.,0.,-1.));
#8284=DIRECTION('',(-1.,0.,0.));
#8285=DIRECTION('',(0.,1.,0.));
#8286=DIRECTION('',(1.,0.,0.));
#8287=DIRECTION('',(1.,0.,0.));
#8288=DIRECTION('',(0.,-1.,0.));
#8289=DIRECTION('',(0.,0.,-1.));
#8290=DIRECTION('',(0.,0.,-1.));
#8291=DIRECTION('',(1.,0.,0.));
#8292=DIRECTION('',(1.,0.,0.));
#8293=DIRECTION('',(0.,0.,-1.));
#8294=DIRECTION('',(-1.,0.,0.));
#8295=DIRECTION('',(0.,1.,0.));
#8296=DIRECTION('',(1.,0.,0.));
#8297=DIRECTION('',(1.,0.,0.));
#8298=DIRECTION('',(0.,1.,0.));
#8299=DIRECTION('',(0.,0.,1.));
#8300=DIRECTION('',(0.,0.,1.));
#8301=DIRECTION('',(1.,0.,0.));
#8302=DIRECTION('',(1.,0.,0.));
#8303=DIRECTION('',(0.,0.,-1.));
#8304=DIRECTION('',(-1.,0.,0.));
#8305=DIRECTION('',(0.,1.,0.));
#8306=DIRECTION('',(1.,0.,0.));
#8307=DIRECTION('',(1.,0.,0.));
#8308=DIRECTION('',(0.,1.,0.));
#8309=DIRECTION('',(0.,0.,1.));
#8310=DIRECTION('',(0.,0.,1.));
#8311=DIRECTION('',(1.,0.,0.));
#8312=DIRECTION('',(1.,0.,0.));
#8313=DIRECTION('',(1.,0.,0.));
#8314=DIRECTION('',(0.,0.,1.));
#8315=DIRECTION('',(1.,0.,0.));
#8316=DIRECTION('',(0.,-1.,0.));
#8317=DIRECTION('',(1.,0.,0.));
#8318=DIRECTION('',(0.,-1.,0.));
#8319=DIRECTION('',(0.,0.,-1.));
#8320=DIRECTION('',(0.,0.,-1.));
#8321=DIRECTION('',(1.,0.,0.));
#8322=DIRECTION('',(1.,0.,0.));
#8323=DIRECTION('',(1.,0.,0.));
#8324=DIRECTION('',(0.,0.,-1.));
#8325=DIRECTION('',(-1.,0.,0.));
#8326=DIRECTION('',(0.,1.,0.));
#8327=DIRECTION('',(1.,0.,0.));
#8328=DIRECTION('',(1.,0.,0.));
#8329=DIRECTION('',(0.,1.,0.));
#8330=DIRECTION('',(0.,0.,1.));
#8331=DIRECTION('',(0.,0.,1.));
#8332=DIRECTION('',(1.,0.,0.));
#8333=DIRECTION('',(1.,0.,0.));
#8334=DIRECTION('',(0.,0.,1.));
#8335=DIRECTION('',(1.,0.,0.));
#8336=DIRECTION('',(0.,-1.,0.));
#8337=DIRECTION('',(1.,0.,0.));
#8338=DIRECTION('',(0.,0.,1.));
#8339=DIRECTION('',(1.,0.,0.));
#8340=DIRECTION('',(0.,-1.,0.));
#8341=DIRECTION('',(1.,0.,0.));
#8342=DIRECTION('',(1.,0.,0.));
#8343=DIRECTION('',(1.,0.,0.));
#8344=DIRECTION('',(1.,0.,0.));
#8345=DIRECTION('',(0.,-1.,0.));
#8346=DIRECTION('',(0.,0.,-1.));
#8347=DIRECTION('',(0.,0.,-1.));
#8348=DIRECTION('',(1.,0.,0.));
#8349=DIRECTION('',(1.,0.,0.));
#8350=DIRECTION('',(1.,0.,0.));
#8351=DIRECTION('',(0.,0.,-1.));
#8352=DIRECTION('',(-1.,0.,0.));
#8353=DIRECTION('',(0.,1.,0.));
#8354=DIRECTION('',(1.,0.,0.));
#8355=DIRECTION('',(1.,0.,0.));
#8356=DIRECTION('',(0.,-0.230178651058658,0.973148389813607));
#8357=DIRECTION('',(1.,0.,0.));
#8358=DIRECTION('',(0.,0.,-1.));
#8359=DIRECTION('',(1.,0.,0.));
#8360=DIRECTION('',(1.,0.,0.));
#8361=DIRECTION('',(0.,0.,-1.));
#8362=DIRECTION('',(-1.,0.,0.));
#8363=DIRECTION('',(0.,1.,0.));
#8364=DIRECTION('',(1.,0.,0.));
#8365=DIRECTION('',(0.,-1.,0.));
#8366=DIRECTION('',(0.,0.,-1.));
#8367=DIRECTION('',(0.,0.,-1.));
#8368=DIRECTION('',(1.,0.,0.));
#8369=DIRECTION('',(1.,0.,0.));
#8370=DIRECTION('',(0.,0.,-1.));
#8371=DIRECTION('',(-1.,0.,0.));
#8372=DIRECTION('',(0.,1.,0.));
#8373=DIRECTION('',(1.,0.,0.));
#8374=DIRECTION('',(1.,0.,0.));
#8375=DIRECTION('',(0.,1.,0.));
#8376=DIRECTION('',(0.,0.,1.));
#8377=DIRECTION('',(0.,0.,1.));
#8378=DIRECTION('',(1.,0.,0.));
#8379=DIRECTION('',(1.,0.,0.));
#8380=DIRECTION('',(1.,0.,0.));
#8381=DIRECTION('',(0.,-1.,0.));
#8382=DIRECTION('',(0.,0.,-1.));
#8383=DIRECTION('',(0.,0.,-1.));
#8384=DIRECTION('',(1.,0.,0.));
#8385=DIRECTION('',(1.,0.,0.));
#8386=DIRECTION('',(1.,0.,0.));
#8387=DIRECTION('',(0.,0.,-1.));
#8388=DIRECTION('',(-1.,0.,0.));
#8389=DIRECTION('',(0.,1.,0.));
#8390=DIRECTION('',(1.,0.,0.));
#8391=DIRECTION('',(1.,0.,0.));
#8392=DIRECTION('',(1.,0.,0.));
#8393=DIRECTION('',(0.,1.,0.));
#8394=DIRECTION('',(0.,0.,1.));
#8395=DIRECTION('',(0.,0.,1.));
#8396=DIRECTION('',(1.,0.,0.));
#8397=DIRECTION('',(1.,0.,0.));
#8398=DIRECTION('',(1.,0.,0.));
#8399=DIRECTION('',(0.,0.,1.));
#8400=DIRECTION('',(1.,0.,0.));
#8401=DIRECTION('',(0.,-1.,0.));
#8402=DIRECTION('',(1.,0.,0.));
#8403=DIRECTION('',(1.,0.,0.));
#8404=DIRECTION('',(0.,0.,-1.));
#8405=DIRECTION('',(0.,-1.,0.));
#8406=DIRECTION('',(0.,0.,-1.));
#8407=DIRECTION('',(0.,-1.,0.));
#8408=DIRECTION('',(0.,0.,-1.));
#8409=DIRECTION('',(0.,0.,1.));
#8410=DIRECTION('',(1.,0.,0.));
#8411=DIRECTION('',(0.,0.,1.));
#8412=DIRECTION('',(1.,0.,0.));
#8413=DIRECTION('',(0.,0.,1.));
#8414=DIRECTION('',(1.,0.,0.));
#8415=DIRECTION('',(0.,0.,-1.));
#8416=DIRECTION('',(0.,0.,-1.));
#8417=DIRECTION('',(-1.,0.,0.));
#8418=DIRECTION('',(0.,0.,1.));
#8419=DIRECTION('',(1.,0.,0.));
#8420=DIRECTION('',(0.,0.,-1.));
#8421=DIRECTION('',(0.,0.,1.));
#8422=DIRECTION('',(1.,0.,0.));
#8423=DIRECTION('',(1.,0.,0.));
#8424=DIRECTION('',(0.,0.,-1.));
#8425=DIRECTION('',(0.,-1.,0.));
#8426=DIRECTION('',(0.,0.,-1.));
#8427=DIRECTION('',(0.,-1.,0.));
#8428=DIRECTION('',(0.,0.,-1.));
#8429=DIRECTION('',(0.,-1.,0.));
#8430=DIRECTION('',(0.,0.,-1.));
#8431=DIRECTION('',(0.,0.,1.));
#8432=DIRECTION('',(1.,0.,0.));
#8433=DIRECTION('',(1.,0.,0.));
#8434=DIRECTION('',(0.,1.,0.));
#8435=DIRECTION('',(-1.,7.20300405249885E-17,0.));
#8436=DIRECTION('',(0.,1.,0.));
#8437=DIRECTION('',(0.,0.,1.));
#8438=DIRECTION('',(1.,0.,0.));
#8439=DIRECTION('',(0.,0.,-1.));
#8440=DIRECTION('',(0.,0.,1.));
#8441=DIRECTION('',(1.,0.,0.));
#8442=DIRECTION('',(0.,1.,0.));
#8443=DIRECTION('',(-1.,0.,0.));
#8444=DIRECTION('',(-1.,7.20300405249885E-17,0.));
#8445=DIRECTION('',(0.,-1.,0.));
#8446=DIRECTION('',(0.,0.,-1.));
#8447=DIRECTION('',(0.,0.,1.));
#8448=DIRECTION('',(-1.,0.,0.));
#8449=DIRECTION('',(-7.20300405249885E-17,-1.,0.));
#8450=DIRECTION('',(1.,-7.20300405249885E-17,0.));
#8451=DIRECTION('',(0.,0.,1.));
#8452=DIRECTION('',(-8.98238693062425E-17,-1.,0.));
#8453=DIRECTION('',(1.,-8.98238693062425E-17,0.));
#8454=DIRECTION('',(-1.,8.98238693062425E-17,0.));
#8455=DIRECTION('',(0.,0.,1.));
#8456=DIRECTION('',(-1.,8.98238693062425E-17,0.));
#8457=DIRECTION('',(-8.98238693062425E-17,-1.,0.));
#8458=DIRECTION('',(1.,-8.98238693062425E-17,0.));
#8459=DIRECTION('',(0.,0.,1.));
#8460=DIRECTION('',(-1.,8.98238693062425E-17,0.));
#8461=DIRECTION('',(-1.,8.98238693062425E-17,0.));
#8462=DIRECTION('',(0.,0.,1.));
#8463=DIRECTION('',(1.,0.,0.));
#8464=DIRECTION('',(0.,1.,0.));
#8465=DIRECTION('',(0.,0.,1.));
#8466=DIRECTION('',(1.,0.,0.));
#8467=DIRECTION('',(0.,1.,0.));
#8468=DIRECTION('',(0.,1.,0.));
#8469=DIRECTION('',(1.,0.,0.));
#8470=DIRECTION('',(0.,1.,0.));
#8471=CARTESIAN_POINT('',(0.,0.,0.));
#8472=CARTESIAN_POINT('',(0.1545,0.,0.018));
#8473=CARTESIAN_POINT('',(0.1545,-0.0142247505093312,0.00676370112240774));
#8474=CARTESIAN_POINT('',(0.1545,-0.0142247505093312,0.00577930430234927));
#8475=CARTESIAN_POINT('',(0.1545,-0.0133315015429818,0.00577930430234927));
#8476=CARTESIAN_POINT('',(0.1545,-0.0142247505093312,0.00676370112240774));
#8477=CARTESIAN_POINT('',(0.1545,-0.0133315015429818,0.00577930430234927));
#8478=CARTESIAN_POINT('',(0.1545,-0.0130459049346933,0.00577930430234927));
#8479=CARTESIAN_POINT('',(0.1545,-0.0127603083264047,0.00577930430234927));
#8480=CARTESIAN_POINT('',(0.1545,-0.0127603083264047,0.00577930430234927));
#8481=CARTESIAN_POINT('',(0.1545,-0.0123450792150632,0.00577930430234927));
#8482=CARTESIAN_POINT('',(0.1545,-0.0121698727851556,0.0059545107322568));
#8483=CARTESIAN_POINT('',(0.1545,-0.0121698727851556,0.0059545107322568));
#8484=CARTESIAN_POINT('',(0.1545,-0.0121698727851556,0.0059545107322568));
#8485=CARTESIAN_POINT('',(0.1545,-0.0119946663552481,0.00612971716216432));
#8486=CARTESIAN_POINT('',(0.1545,-0.0119946663552481,0.00654494627350586));
#8487=CARTESIAN_POINT('',(0.1545,-0.0119946663552481,0.00654494627350586));
#8488=CARTESIAN_POINT('',(0.1545,-0.0119946663552481,0.00765897559661729));
#8489=CARTESIAN_POINT('',(0.1545,-0.0119946663552481,0.00877300491972872));
#8490=CARTESIAN_POINT('',(0.1545,-0.0119946663552481,0.00877300491972872));
#8491=CARTESIAN_POINT('',(0.1545,-0.0119946663552481,0.00918823403107025));
#8492=CARTESIAN_POINT('',(0.1545,-0.0121698727851556,0.00936344046097777));
#8493=CARTESIAN_POINT('',(0.1545,-0.0121698727851556,0.00936344046097777));
#8494=CARTESIAN_POINT('',(0.1545,-0.0121698727851556,0.00936344046097777));
#8495=CARTESIAN_POINT('',(0.1545,-0.0123450792150632,0.0095386468908853));
#8496=CARTESIAN_POINT('',(0.1545,-0.0127603083264047,0.0095386468908853));
#8497=CARTESIAN_POINT('',(0.1545,-0.0127603083264047,0.0095386468908853));
#8498=CARTESIAN_POINT('',(0.1545,-0.0130459049346933,0.0095386468908853));
#8499=CARTESIAN_POINT('',(0.1545,-0.0133315015429818,0.0095386468908853));
#8500=CARTESIAN_POINT('',(0.1545,-0.0133315015429818,0.0095386468908853));
#8501=CARTESIAN_POINT('',(0.1545,-0.0142247505093312,0.0095386468908853));
#8502=CARTESIAN_POINT('',(0.1545,-0.0142247505093312,0.00855425007082684));
#8503=CARTESIAN_POINT('',(0.1545,-0.0142247505093312,0.00855425007082684));
#8504=CARTESIAN_POINT('',(0.1545,-0.0142247505093312,0.00765897559661729));
#8505=CARTESIAN_POINT('',(0.1545,0.,0.018));
#8506=CARTESIAN_POINT('',(0.1545,-0.0540361075016133,0.00817750560882915));
#8507=CARTESIAN_POINT('',(0.1545,-0.0540361075016133,0.00803572005861497));
#8508=CARTESIAN_POINT('',(0.1545,-0.0538922964435389,0.00803572005861497));
#8509=CARTESIAN_POINT('',(0.1545,-0.0540361075016133,0.00817750560882915));
#8510=CARTESIAN_POINT('',(0.1545,-0.0538922964435389,0.00803572005861497));
#8511=CARTESIAN_POINT('',(0.1545,-0.0530112005243508,0.00803572005861497));
#8512=CARTESIAN_POINT('',(0.1545,-0.0521301046051627,0.00803572005861497));
#8513=CARTESIAN_POINT('',(0.1545,-0.0521301046051627,0.00803572005861497));
#8514=CARTESIAN_POINT('',(0.1545,-0.0519862935470883,0.00803572005861497));
#8515=CARTESIAN_POINT('',(0.1545,-0.0519862935470883,0.00817750560882915));
#8516=CARTESIAN_POINT('',(0.1545,-0.0519862935470883,0.00817750560882915));
#8517=CARTESIAN_POINT('',(0.1545,-0.0519862935470883,0.00848842106537025));
#8518=CARTESIAN_POINT('',(0.1545,-0.0519862935470883,0.00879933652191135));
#8519=CARTESIAN_POINT('',(0.1545,-0.0519862935470883,0.00879933652191135));
#8520=CARTESIAN_POINT('',(0.1545,-0.0519862935470883,0.00921456563325289));
#8521=CARTESIAN_POINT('',(0.1545,-0.0521554234534152,0.0093826827856497));
#8522=CARTESIAN_POINT('',(0.1545,-0.0521554234534152,0.0093826827856497));
#8523=CARTESIAN_POINT('',(0.1545,-0.0521554234534152,0.0093826827856497));
#8524=CARTESIAN_POINT('',(0.1545,-0.0523245533597421,0.00955079993804652));
#8525=CARTESIAN_POINT('',(0.1545,-0.0527397824710837,0.00955079993804652));
#8526=CARTESIAN_POINT('',(0.1545,-0.0527397824710836,0.00955079993804652));
#8527=CARTESIAN_POINT('',(0.1545,-0.0530112005243508,0.00955079993804652));
#8528=CARTESIAN_POINT('',(0.1545,-0.0532826185776179,0.00955079993804652));
#8529=CARTESIAN_POINT('',(0.1545,-0.0532826185776179,0.00955079993804652));
#8530=CARTESIAN_POINT('',(0.1545,-0.0536978476889595,0.00955079993804652));
#8531=CARTESIAN_POINT('',(0.1545,-0.0538669775952864,0.0093826827856497));
#8532=CARTESIAN_POINT('',(0.1545,-0.0538669775952864,0.0093826827856497));
#8533=CARTESIAN_POINT('',(0.1545,-0.0538669775952864,0.0093826827856497));
#8534=CARTESIAN_POINT('',(0.1545,-0.0540361075016133,0.00921456563325289));
#8535=CARTESIAN_POINT('',(0.1545,-0.0540361075016133,0.00879933652191135));
#8536=CARTESIAN_POINT('',(0.1545,-0.0540361075016133,0.00879933652191135));
#8537=CARTESIAN_POINT('',(0.1545,-0.0540361075016133,0.00848842106537025));
#8538=CARTESIAN_POINT('',(0.1545,0.,0.018));
#8539=CARTESIAN_POINT('',(0.1545,0.000512844681502936,0.00577930430234927));
#8540=CARTESIAN_POINT('',(0.1545,0.00140609364785228,0.00577930430234927));
#8541=CARTESIAN_POINT('',(0.1545,0.00140609364785228,0.00676370112240774));
#8542=CARTESIAN_POINT('',(0.1545,0.000512844681502936,0.00577930430234927));
#8543=CARTESIAN_POINT('',(0.1545,0.00140609364785228,0.00676370112240774));
#8544=CARTESIAN_POINT('',(0.1545,0.00140609364785228,0.00808028123153943));
#8545=CARTESIAN_POINT('',(0.1545,0.00140609364785228,0.00939686134067112));
#8546=CARTESIAN_POINT('',(0.1545,0.00140609364785228,0.00939686134067112));
#8547=CARTESIAN_POINT('',(0.1545,0.00140609364785228,0.0095386468908853));
#8548=CARTESIAN_POINT('',(0.1545,0.00125215505047689,0.0095386468908853));
#8549=CARTESIAN_POINT('',(0.1545,0.00125215505047689,0.0095386468908853));
#8550=CARTESIAN_POINT('',(0.1545,0.000642477184555908,0.0095386468908853));
#8551=CARTESIAN_POINT('',(0.1545,3.27993186349241E-5,0.0095386468908853));
#8552=CARTESIAN_POINT('',(0.1545,3.27993186349241E-5,0.0095386468908853));
#8553=CARTESIAN_POINT('',(0.1545,-0.000382429792706612,0.0095386468908853));
#8554=CARTESIAN_POINT('',(0.1545,-0.000550546945103425,0.00936344046097777));
#8555=CARTESIAN_POINT('',(0.1545,-0.000550546945103425,0.00936344046097777));
#8556=CARTESIAN_POINT('',(0.1545,-0.000550546945103425,0.00936344046097777));
#8557=CARTESIAN_POINT('',(0.1545,-0.000718664097500245,0.00918823403107025));
#8558=CARTESIAN_POINT('',(0.1545,-0.000718664097500245,0.00877300491972872));
#8559=CARTESIAN_POINT('',(0.1545,-0.000718664097500245,0.00877300491972872));
#8560=CARTESIAN_POINT('',(0.1545,-0.000718664097500245,0.00765897559661729));
#8561=CARTESIAN_POINT('',(0.1545,-0.000718664097500245,0.00654494627350586));
#8562=CARTESIAN_POINT('',(0.1545,-0.000718664097500245,0.00654494627350586));
#8563=CARTESIAN_POINT('',(0.1545,-0.000718664097500245,0.00612971716216432));
#8564=CARTESIAN_POINT('',(0.1545,-0.000550546945103425,0.0059545107322568));
#8565=CARTESIAN_POINT('',(0.1545,-0.000550546945103425,0.0059545107322568));
#8566=CARTESIAN_POINT('',(0.1545,-0.000550546945103425,0.0059545107322568));
#8567=CARTESIAN_POINT('',(0.1545,-0.000382429792706612,0.00577930430234927));
#8568=CARTESIAN_POINT('',(0.1545,3.27993186349241E-5,0.00577930430234927));
#8569=CARTESIAN_POINT('',(0.1545,3.27993186349241E-5,0.00577930430234927));
#8570=CARTESIAN_POINT('',(0.1545,0.00027282200006893,0.00577930430234927));
#8571=CARTESIAN_POINT('',(0.1545,0.,0.018));
#8572=CARTESIAN_POINT('',(0.1545,0.0160019032884723,0.00817750560882915));
#8573=CARTESIAN_POINT('',(0.1545,0.0160019032884723,0.00803572005861497));
#8574=CARTESIAN_POINT('',(0.1545,0.0161457143465466,0.00803572005861497));
#8575=CARTESIAN_POINT('',(0.1545,0.0160019032884723,0.00817750560882915));
#8576=CARTESIAN_POINT('',(0.1545,0.0161457143465466,0.00803572005861497));
#8577=CARTESIAN_POINT('',(0.1545,0.0170268102657348,0.00803572005861497));
#8578=CARTESIAN_POINT('',(0.1545,0.0179079061849228,0.00803572005861497));
#8579=CARTESIAN_POINT('',(0.1545,0.0179079061849228,0.00803572005861497));
#8580=CARTESIAN_POINT('',(0.1545,0.0180517172429972,0.00803572005861497));
#8581=CARTESIAN_POINT('',(0.1545,0.0180517172429972,0.00817750560882915));
#8582=CARTESIAN_POINT('',(0.1545,0.0180517172429972,0.00817750560882915));
#8583=CARTESIAN_POINT('',(0.1545,0.0180517172429972,0.00848842106537025));
#8584=CARTESIAN_POINT('',(0.1545,0.0180517172429972,0.00879933652191135));
#8585=CARTESIAN_POINT('',(0.1545,0.0180517172429972,0.00879933652191135));
#8586=CARTESIAN_POINT('',(0.1545,0.0180517172429972,0.00921456563325289));
#8587=CARTESIAN_POINT('',(0.1545,0.0178825873366703,0.0093826827856497));
#8588=CARTESIAN_POINT('',(0.1545,0.0178825873366703,0.0093826827856497));
#8589=CARTESIAN_POINT('',(0.1545,0.0178825873366703,0.0093826827856497));
#8590=CARTESIAN_POINT('',(0.1545,0.0177134574303435,0.00955079993804652));
#8591=CARTESIAN_POINT('',(0.1545,0.0172982283190019,0.00955079993804652));
#8592=CARTESIAN_POINT('',(0.1545,0.0172982283190019,0.00955079993804652));
#8593=CARTESIAN_POINT('',(0.1545,0.0170268102657348,0.00955079993804652));
#8594=CARTESIAN_POINT('',(0.1545,0.0167553922124676,0.00955079993804652));
#8595=CARTESIAN_POINT('',(0.1545,0.0167553922124676,0.00955079993804652));
#8596=CARTESIAN_POINT('',(0.1545,0.016340163101126,0.00955079993804652));
#8597=CARTESIAN_POINT('',(0.1545,0.0161710331947992,0.0093826827856497));
#8598=CARTESIAN_POINT('',(0.1545,0.0161710331947992,0.0093826827856497));
#8599=CARTESIAN_POINT('',(0.1545,0.0161710331947992,0.0093826827856497));
#8600=CARTESIAN_POINT('',(0.1545,0.0160019032884723,0.00921456563325289));
#8601=CARTESIAN_POINT('',(0.1545,0.0160019032884723,0.00879933652191135));
#8602=CARTESIAN_POINT('',(0.1545,0.0160019032884723,0.00879933652191135));
#8603=CARTESIAN_POINT('',(0.1545,0.0160019032884723,0.00848842106537025));
#8604=CARTESIAN_POINT('',(0.1545,0.,0.018));
#8605=CARTESIAN_POINT('',(0.1545,0.00612552696212435,0.00592108985256346));
#8606=CARTESIAN_POINT('',(0.1545,0.00612552696212435,0.00577930430234927));
#8607=CARTESIAN_POINT('',(0.1545,0.00626731251233853,0.00577930430234927));
#8608=CARTESIAN_POINT('',(0.1545,0.00612552696212435,0.00592108985256346));
#8609=CARTESIAN_POINT('',(0.1545,0.00626731251233853,0.00577930430234927));
#8610=CARTESIAN_POINT('',(0.1545,0.00692864082869468,0.00577930430234927));
#8611=CARTESIAN_POINT('',(0.1545,0.00758996914505082,0.00577930430234927));
#8612=CARTESIAN_POINT('',(0.1545,0.00758996914505082,0.00577930430234927));
#8613=CARTESIAN_POINT('',(0.1545,0.00800519825639236,0.00577930430234927));
#8614=CARTESIAN_POINT('',(0.1545,0.00818040468629988,0.0059545107322568));
#8615=CARTESIAN_POINT('',(0.1545,0.00818040468629988,0.0059545107322568));
#8616=CARTESIAN_POINT('',(0.1545,0.00818040468629988,0.0059545107322568));
#8617=CARTESIAN_POINT('',(0.1545,0.0083556111162074,0.00612971716216432));
#8618=CARTESIAN_POINT('',(0.1545,0.0083556111162074,0.00654494627350586));
#8619=CARTESIAN_POINT('',(0.1545,0.0083556111162074,0.00654494627350586));
#8620=CARTESIAN_POINT('',(0.1545,0.0083556111162074,0.0076721413977086));
#8621=CARTESIAN_POINT('',(0.1545,0.0083556111162074,0.00879933652191135));
#8622=CARTESIAN_POINT('',(0.1545,0.0083556111162074,0.00879933652191135));
#8623=CARTESIAN_POINT('',(0.1545,0.0083556111162074,0.00921456563325289));
#8624=CARTESIAN_POINT('',(0.1545,0.00818040468629988,0.00938977206316041));
#8625=CARTESIAN_POINT('',(0.1545,0.00818040468629988,0.00938977206316041));
#8626=CARTESIAN_POINT('',(0.1545,0.00818040468629988,0.00938977206316041));
#8627=CARTESIAN_POINT('',(0.1545,0.00800519825639236,0.00956497849306793));
#8628=CARTESIAN_POINT('',(0.1545,0.00758996914505082,0.00956497849306793));
#8629=CARTESIAN_POINT('',(0.1545,0.00758996914505082,0.00956497849306793));
#8630=CARTESIAN_POINT('',(0.1545,0.00730437253676226,0.00956497849306793));
#8631=CARTESIAN_POINT('',(0.1545,0.00701877592847369,0.00956497849306793));
#8632=CARTESIAN_POINT('',(0.1545,0.00701877592847369,0.00956497849306793));
#8633=CARTESIAN_POINT('',(0.1545,0.00612552696212435,0.00956497849306793));
#8634=CARTESIAN_POINT('',(0.1545,0.00612552696212435,0.00857855616514927));
#8635=CARTESIAN_POINT('',(0.1545,0.00612552696212435,0.00857855616514927));
#8636=CARTESIAN_POINT('',(0.1545,0.00612552696212435,0.00724982300885636));
#8637=CARTESIAN_POINT('',(0.1545,0.,0.018));
#8638=CARTESIAN_POINT('',(0.1545,-0.00740689105188924,0.00676370112240774));
#8639=CARTESIAN_POINT('',(0.1545,-0.00740689105188924,0.00577930430234927));
#8640=CARTESIAN_POINT('',(0.1545,-0.00651364208553989,0.00577930430234927));
#8641=CARTESIAN_POINT('',(0.1545,-0.00740689105188924,0.00676370112240774));
#8642=CARTESIAN_POINT('',(0.1545,-0.00651364208553989,0.00577930430234927));
#8643=CARTESIAN_POINT('',(0.1545,-0.00622804547725132,0.00577930430234927));
#8644=CARTESIAN_POINT('',(0.1545,-0.00594244886896275,0.00577930430234927));
#8645=CARTESIAN_POINT('',(0.1545,-0.00594244886896275,0.00577930430234927));
#8646=CARTESIAN_POINT('',(0.1545,-0.00552721975762122,0.00577930430234927));
#8647=CARTESIAN_POINT('',(0.1545,-0.00535201332771369,0.0059545107322568));
#8648=CARTESIAN_POINT('',(0.1545,-0.00535201332771369,0.0059545107322568));
#8649=CARTESIAN_POINT('',(0.1545,-0.00535201332771369,0.0059545107322568));
#8650=CARTESIAN_POINT('',(0.1545,-0.00517680689780617,0.00612971716216432));
#8651=CARTESIAN_POINT('',(0.1545,-0.00517680689780617,0.00654494627350586));
#8652=CARTESIAN_POINT('',(0.1545,-0.00517680689780617,0.00654494627350586));
#8653=CARTESIAN_POINT('',(0.1545,-0.00517680689780617,0.00765897559661729));
#8654=CARTESIAN_POINT('',(0.1545,-0.00517680689780617,0.00877300491972872));
#8655=CARTESIAN_POINT('',(0.1545,-0.00517680689780617,0.00877300491972872));
#8656=CARTESIAN_POINT('',(0.1545,-0.00517680689780617,0.00918823403107025));
#8657=CARTESIAN_POINT('',(0.1545,-0.00535201332771369,0.00936344046097777));
#8658=CARTESIAN_POINT('',(0.1545,-0.00535201332771369,0.00936344046097777));
#8659=CARTESIAN_POINT('',(0.1545,-0.00535201332771369,0.00936344046097777));
#8660=CARTESIAN_POINT('',(0.1545,-0.00552721975762122,0.0095386468908853));
#8661=CARTESIAN_POINT('',(0.1545,-0.00594244886896275,0.0095386468908853));
#8662=CARTESIAN_POINT('',(0.1545,-0.00594244886896275,0.0095386468908853));
#8663=CARTESIAN_POINT('',(0.1545,-0.00622804547725132,0.0095386468908853));
#8664=CARTESIAN_POINT('',(0.1545,-0.00651364208553989,0.0095386468908853));
#8665=CARTESIAN_POINT('',(0.1545,-0.00651364208553989,0.0095386468908853));
#8666=CARTESIAN_POINT('',(0.1545,-0.00740689105188924,0.0095386468908853));
#8667=CARTESIAN_POINT('',(0.1545,-0.00740689105188924,0.00855425007082684));
#8668=CARTESIAN_POINT('',(0.1545,-0.00740689105188924,0.00855425007082684));
#8669=CARTESIAN_POINT('',(0.1545,-0.00740689105188924,0.00765897559661729));
#8670=CARTESIAN_POINT('',(0.1545,0.,0.018));
#8671=CARTESIAN_POINT('',(0.1545,-0.0607101559009809,0.00592108985256346));
#8672=CARTESIAN_POINT('',(0.1545,-0.0607101559009809,0.00577930430234927));
#8673=CARTESIAN_POINT('',(0.1545,-0.0605683703507667,0.00577930430234927));
#8674=CARTESIAN_POINT('',(0.1545,-0.0607101559009809,0.00592108985256346));
#8675=CARTESIAN_POINT('',(0.1545,-0.0605683703507667,0.00577930430234927));
#8676=CARTESIAN_POINT('',(0.1545,-0.0599070420344106,0.00577930430234927));
#8677=CARTESIAN_POINT('',(0.1545,-0.0592457137180544,0.00577930430234927));
#8678=CARTESIAN_POINT('',(0.1545,-0.0592457137180544,0.00577930430234927));
#8679=CARTESIAN_POINT('',(0.1545,-0.0588304846067129,0.00577930430234927));
#8680=CARTESIAN_POINT('',(0.1545,-0.0586552781768054,0.0059545107322568));
#8681=CARTESIAN_POINT('',(0.1545,-0.0586552781768054,0.0059545107322568));
#8682=CARTESIAN_POINT('',(0.1545,-0.0586552781768054,0.0059545107322568));
#8683=CARTESIAN_POINT('',(0.1545,-0.0584800717468978,0.00612971716216432));
#8684=CARTESIAN_POINT('',(0.1545,-0.0584800717468978,0.00654494627350586));
#8685=CARTESIAN_POINT('',(0.1545,-0.0584800717468978,0.00654494627350586));
#8686=CARTESIAN_POINT('',(0.1545,-0.0584800717468978,0.0076721413977086));
#8687=CARTESIAN_POINT('',(0.1545,-0.0584800717468978,0.00879933652191135));
#8688=CARTESIAN_POINT('',(0.1545,-0.0584800717468978,0.00879933652191135));
#8689=CARTESIAN_POINT('',(0.1545,-0.0584800717468978,0.00921456563325289));
#8690=CARTESIAN_POINT('',(0.1545,-0.0586552781768054,0.00938977206316041));
#8691=CARTESIAN_POINT('',(0.1545,-0.0586552781768054,0.00938977206316041));
#8692=CARTESIAN_POINT('',(0.1545,-0.0586552781768054,0.00938977206316041));
#8693=CARTESIAN_POINT('',(0.1545,-0.0588304846067129,0.00956497849306793));
#8694=CARTESIAN_POINT('',(0.1545,-0.0592457137180544,0.00956497849306793));
#8695=CARTESIAN_POINT('',(0.1545,-0.0592457137180544,0.00956497849306793));
#8696=CARTESIAN_POINT('',(0.1545,-0.059531310326343,0.00956497849306793));
#8697=CARTESIAN_POINT('',(0.1545,-0.0598169069346315,0.00956497849306793));
#8698=CARTESIAN_POINT('',(0.1545,-0.0598169069346315,0.00956497849306793));
#8699=CARTESIAN_POINT('',(0.1545,-0.0607101559009809,0.00956497849306793));
#8700=CARTESIAN_POINT('',(0.1545,-0.0607101559009809,0.00857855616514927));
#8701=CARTESIAN_POINT('',(0.1545,-0.0607101559009809,0.00857855616514927));
#8702=CARTESIAN_POINT('',(0.1545,-0.0607101559009809,0.00724982300885636));
#8703=CARTESIAN_POINT('',(0.1545,0.,0.018));
#8704=CARTESIAN_POINT('',(0.1545,-0.0207985362696188,0.00593526840758487));
#8705=CARTESIAN_POINT('',(0.1545,-0.0206294063632918,0.00576715125518806));
#8706=CARTESIAN_POINT('',(0.1545,-0.0202141772519503,0.00576715125518806));
#8707=CARTESIAN_POINT('',(0.1545,-0.0207985362696188,0.00593526840758487));
#8708=CARTESIAN_POINT('',(0.1545,-0.0202141772519503,0.00576715125518806));
#8709=CARTESIAN_POINT('',(0.1545,-0.0198840194707373,0.00576715125518806));
#8710=CARTESIAN_POINT('',(0.1545,-0.0195538616895242,0.00576715125518806));
#8711=CARTESIAN_POINT('',(0.1545,-0.0195538616895242,0.00576715125518806));
#8712=CARTESIAN_POINT('',(0.1545,-0.0191386325781827,0.00576715125518806));
#8713=CARTESIAN_POINT('',(0.1545,-0.0189634261482752,0.00593526840758487));
#8714=CARTESIAN_POINT('',(0.1545,-0.0189634261482752,0.00593526840758487));
#8715=CARTESIAN_POINT('',(0.1545,-0.0189634261482752,0.00593526840758487));
#8716=CARTESIAN_POINT('',(0.1545,-0.0187882197183677,0.00610338555998169));
#8717=CARTESIAN_POINT('',(0.1545,-0.0187882197183677,0.00651861467132322));
#8718=CARTESIAN_POINT('',(0.1545,-0.0187882197183677,0.00651861467132322));
#8719=CARTESIAN_POINT('',(0.1545,-0.0187882197183677,0.00765897559661729));
#8720=CARTESIAN_POINT('',(0.1545,-0.0187882197183677,0.00879933652191135));
#8721=CARTESIAN_POINT('',(0.1545,-0.0187882197183677,0.00879933652191135));
#8722=CARTESIAN_POINT('',(0.1545,-0.0187882197183677,0.00921456563325289));
#8723=CARTESIAN_POINT('',(0.1545,-0.0189634261482752,0.0093826827856497));
#8724=CARTESIAN_POINT('',(0.1545,-0.0189634261482752,0.0093826827856497));
#8725=CARTESIAN_POINT('',(0.1545,-0.0189634261482752,0.0093826827856497));
#8726=CARTESIAN_POINT('',(0.1545,-0.0191386325781827,0.00955079993804652));
#8727=CARTESIAN_POINT('',(0.1545,-0.0195538616895242,0.00955079993804652));
#8728=CARTESIAN_POINT('',(0.1545,-0.0195538616895242,0.00955079993804652));
#8729=CARTESIAN_POINT('',(0.1545,-0.0198840194707373,0.00955079993804652));
#8730=CARTESIAN_POINT('',(0.1545,-0.0202141772519503,0.00955079993804652));
#8731=CARTESIAN_POINT('',(0.1545,-0.0202141772519503,0.00955079993804652));
#8732=CARTESIAN_POINT('',(0.1545,-0.0206294063632918,0.00955079993804652));
#8733=CARTESIAN_POINT('',(0.1545,-0.0207985362696188,0.0093826827856497));
#8734=CARTESIAN_POINT('',(0.1545,-0.0207985362696188,0.0093826827856497));
#8735=CARTESIAN_POINT('',(0.1545,-0.0207985362696188,0.0093826827856497));
#8736=CARTESIAN_POINT('',(0.1545,-0.0209676661759456,0.00921456563325289));
#8737=CARTESIAN_POINT('',(0.1545,-0.0209676661759456,0.00879933652191135));
#8738=CARTESIAN_POINT('',(0.1545,-0.0209676661759456,0.00879933652191135));
#8739=CARTESIAN_POINT('',(0.1545,-0.0209676661759456,0.00765897559661729));
#8740=CARTESIAN_POINT('',(0.1545,-0.0209676661759456,0.00651861467132322));
#8741=CARTESIAN_POINT('',(0.1545,-0.0209676661759456,0.00651861467132322));
#8742=CARTESIAN_POINT('',(0.1545,-0.0209676661759456,0.00610338555998169));
#8743=CARTESIAN_POINT('',(0.1545,-0.0207985362696188,0.00593526840758487));
#8744=CARTESIAN_POINT('',(0.1505,-0.0127603083264047,0.00577930430234927));
#8745=CARTESIAN_POINT('',(0.1545,-0.0127603083264047,0.00577930430234927));
#8746=CARTESIAN_POINT('',(0.1505,-0.0124834889188437,0.00577930430234927));
#8747=CARTESIAN_POINT('',(0.1545,-0.0124834889188437,0.00577930430234927));
#8748=CARTESIAN_POINT('',(0.1505,-0.0122866770717607,0.00583770644565178));
#8749=CARTESIAN_POINT('',(0.1545,-0.0122866770717607,0.00583770644565178));
#8750=CARTESIAN_POINT('',(0.1505,-0.0121698727851556,0.0059545107322568));
#8751=CARTESIAN_POINT('',(0.1545,-0.0121698727851556,0.0059545107322568));
#8752=CARTESIAN_POINT('',(0.1505,-0.0127603083264047,0.00577930430234927));
#8753=CARTESIAN_POINT('',(0.1505,-0.0127603083264047,0.00577930430234927));
#8754=CARTESIAN_POINT('',(0.1505,-0.0127603083264047,0.00577930430234927));
#8755=CARTESIAN_POINT('',(0.1505,-0.0123450792150632,0.00577930430234927));
#8756=CARTESIAN_POINT('',(0.1505,-0.0121698727851556,0.0059545107322568));
#8757=CARTESIAN_POINT('',(0.1505,-0.0121698727851556,0.0059545107322568));
#8758=CARTESIAN_POINT('',(0.1505,-0.0121698727851556,0.0059545107322568));
#8759=CARTESIAN_POINT('',(0.1505,-0.0121698727851556,0.0059545107322568));
#8760=CARTESIAN_POINT('',(0.1545,-0.0121698727851556,0.0059545107322568));
#8761=CARTESIAN_POINT('',(0.1505,-0.0120530684985506,0.00607131501886181));
#8762=CARTESIAN_POINT('',(0.1545,-0.0120530684985506,0.00607131501886181));
#8763=CARTESIAN_POINT('',(0.1505,-0.0119946663552481,0.00626812686594483));
#8764=CARTESIAN_POINT('',(0.1545,-0.0119946663552481,0.00626812686594483));
#8765=CARTESIAN_POINT('',(0.1505,-0.0119946663552481,0.00654494627350586));
#8766=CARTESIAN_POINT('',(0.1545,-0.0119946663552481,0.00654494627350586));
#8767=CARTESIAN_POINT('',(0.1505,-0.0121698727851556,0.0059545107322568));
#8768=CARTESIAN_POINT('',(0.1505,-0.0119946663552481,0.00612971716216432));
#8769=CARTESIAN_POINT('',(0.1505,-0.0119946663552481,0.00654494627350586));
#8770=CARTESIAN_POINT('',(0.1505,-0.0119946663552481,0.00654494627350586));
#8771=CARTESIAN_POINT('',(0.1505,-0.0119946663552481,0.00654494627350586));
#8772=CARTESIAN_POINT('',(0.1505,-0.0119946663552481,0.00765897559661729));
#8773=CARTESIAN_POINT('',(0.1505,-0.0119946663552481,0.00765897559661729));
#8774=CARTESIAN_POINT('',(0.1505,-0.0119946663552481,0.00877300491972872));
#8775=CARTESIAN_POINT('',(0.1505,-0.0119946663552481,0.00877300491972872));
#8776=CARTESIAN_POINT('',(0.1505,-0.0119946663552481,0.00877300491972872));
#8777=CARTESIAN_POINT('',(0.1545,-0.0119946663552481,0.00877300491972872));
#8778=CARTESIAN_POINT('',(0.1505,-0.0119946663552481,0.00904982432728974));
#8779=CARTESIAN_POINT('',(0.1545,-0.0119946663552481,0.00904982432728974));
#8780=CARTESIAN_POINT('',(0.1505,-0.0120530684985506,0.00924663617437276));
#8781=CARTESIAN_POINT('',(0.1545,-0.0120530684985506,0.00924663617437276));
#8782=CARTESIAN_POINT('',(0.1505,-0.0121698727851556,0.00936344046097777));
#8783=CARTESIAN_POINT('',(0.1545,-0.0121698727851556,0.00936344046097777));
#8784=CARTESIAN_POINT('',(0.1505,-0.0119946663552481,0.00877300491972872));
#8785=CARTESIAN_POINT('',(0.1505,-0.0119946663552481,0.00918823403107025));
#8786=CARTESIAN_POINT('',(0.1505,-0.0121698727851556,0.00936344046097777));
#8787=CARTESIAN_POINT('',(0.1505,-0.0121698727851556,0.00936344046097777));
#8788=CARTESIAN_POINT('',(0.1505,-0.0121698727851556,0.00936344046097777));
#8789=CARTESIAN_POINT('',(0.1505,-0.0121698727851556,0.00936344046097777));
#8790=CARTESIAN_POINT('',(0.1545,-0.0121698727851556,0.00936344046097777));
#8791=CARTESIAN_POINT('',(0.1505,-0.0122866770717607,0.00948024474758279));
#8792=CARTESIAN_POINT('',(0.1545,-0.0122866770717607,0.00948024474758279));
#8793=CARTESIAN_POINT('',(0.1505,-0.0124834889188437,0.0095386468908853));
#8794=CARTESIAN_POINT('',(0.1545,-0.0124834889188437,0.0095386468908853));
#8795=CARTESIAN_POINT('',(0.1505,-0.0127603083264047,0.0095386468908853));
#8796=CARTESIAN_POINT('',(0.1545,-0.0127603083264047,0.0095386468908853));
#8797=CARTESIAN_POINT('',(0.1505,-0.0121698727851556,0.00936344046097777));
#8798=CARTESIAN_POINT('',(0.1505,-0.0123450792150632,0.0095386468908853));
#8799=CARTESIAN_POINT('',(0.1505,-0.0127603083264047,0.0095386468908853));
#8800=CARTESIAN_POINT('',(0.1505,-0.0127603083264047,0.0095386468908853));
#8801=CARTESIAN_POINT('',(0.1505,-0.0127603083264047,0.0095386468908853));
#8802=CARTESIAN_POINT('',(0.1505,-0.0130459049346933,0.0095386468908853));
#8803=CARTESIAN_POINT('',(0.1505,-0.0130459049346933,0.0095386468908853));
#8804=CARTESIAN_POINT('',(0.1505,-0.0133315015429818,0.0095386468908853));
#8805=CARTESIAN_POINT('',(0.1505,-0.0133315015429818,0.0095386468908853));
#8806=CARTESIAN_POINT('',(0.1505,-0.0133315015429818,0.0095386468908853));
#8807=CARTESIAN_POINT('',(0.1545,-0.0133315015429818,0.0095386468908853));
#8808=CARTESIAN_POINT('',(0.1505,-0.0139270008538814,0.0095386468908853));
#8809=CARTESIAN_POINT('',(0.1545,-0.0139270008538814,0.0095386468908853));
#8810=CARTESIAN_POINT('',(0.1505,-0.0142247505093312,0.00921051461753248));
#8811=CARTESIAN_POINT('',(0.1545,-0.0142247505093312,0.00921051461753248));
#8812=CARTESIAN_POINT('',(0.1505,-0.0142247505093312,0.00855425007082684));
#8813=CARTESIAN_POINT('',(0.1545,-0.0142247505093312,0.00855425007082684));
#8814=CARTESIAN_POINT('',(0.1505,-0.0133315015429818,0.0095386468908853));
#8815=CARTESIAN_POINT('',(0.1505,-0.0142247505093312,0.0095386468908853));
#8816=CARTESIAN_POINT('',(0.1505,-0.0142247505093312,0.00855425007082684));
#8817=CARTESIAN_POINT('',(0.1505,-0.0142247505093312,0.00855425007082684));
#8818=CARTESIAN_POINT('',(0.1505,-0.0142247505093312,0.00855425007082684));
#8819=CARTESIAN_POINT('',(0.1505,-0.0142247505093312,0.00765897559661729));
#8820=CARTESIAN_POINT('',(0.1505,-0.0142247505093312,0.00765897559661729));
#8821=CARTESIAN_POINT('',(0.1505,-0.0142247505093312,0.00676370112240774));
#8822=CARTESIAN_POINT('',(0.1505,-0.0142247505093312,0.00676370112240774));
#8823=CARTESIAN_POINT('',(0.1505,-0.0142247505093312,0.00676370112240774));
#8824=CARTESIAN_POINT('',(0.1545,-0.0142247505093312,0.00676370112240774));
#8825=CARTESIAN_POINT('',(0.1505,-0.0142247505093312,0.00610743657570209));
#8826=CARTESIAN_POINT('',(0.1545,-0.0142247505093312,0.00610743657570209));
#8827=CARTESIAN_POINT('',(0.1505,-0.0139270008538814,0.00577930430234927));
#8828=CARTESIAN_POINT('',(0.1545,-0.0139270008538814,0.00577930430234927));
#8829=CARTESIAN_POINT('',(0.1505,-0.0133315015429818,0.00577930430234927));
#8830=CARTESIAN_POINT('',(0.1545,-0.0133315015429818,0.00577930430234927));
#8831=CARTESIAN_POINT('',(0.1505,-0.0142247505093312,0.00676370112240774));
#8832=CARTESIAN_POINT('',(0.1505,-0.0142247505093312,0.00577930430234927));
#8833=CARTESIAN_POINT('',(0.1505,-0.0133315015429818,0.00577930430234927));
#8834=CARTESIAN_POINT('',(0.1505,-0.0133315015429818,0.00577930430234927));
#8835=CARTESIAN_POINT('',(0.1505,-0.0133315015429818,0.00577930430234927));
#8836=CARTESIAN_POINT('',(0.1505,-0.0130459049346933,0.00577930430234927));
#8837=CARTESIAN_POINT('',(0.1505,-0.0130459049346933,0.00577930430234927));
#8838=CARTESIAN_POINT('',(0.1505,-0.0521301046051627,0.00803572005861497));
#8839=CARTESIAN_POINT('',(0.1545,-0.0521301046051627,0.00803572005861497));
#8840=CARTESIAN_POINT('',(0.1505,-0.0520342305664464,0.00803572005861497));
#8841=CARTESIAN_POINT('',(0.1545,-0.0520342305664464,0.00803572005861497));
#8842=CARTESIAN_POINT('',(0.1505,-0.0519862935470883,0.00808298190868636));
#8843=CARTESIAN_POINT('',(0.1545,-0.0519862935470883,0.00808298190868636));
#8844=CARTESIAN_POINT('',(0.1505,-0.0519862935470883,0.00817750560882915));
#8845=CARTESIAN_POINT('',(0.1545,-0.0519862935470883,0.00817750560882915));
#8846=CARTESIAN_POINT('',(0.1505,-0.0521301046051627,0.00803572005861497));
#8847=CARTESIAN_POINT('',(0.1505,-0.0521301046051627,0.00803572005861497));
#8848=CARTESIAN_POINT('',(0.1505,-0.0521301046051627,0.00803572005861497));
#8849=CARTESIAN_POINT('',(0.1505,-0.0519862935470883,0.00803572005861497));
#8850=CARTESIAN_POINT('',(0.1505,-0.0519862935470883,0.00817750560882915));
#8851=CARTESIAN_POINT('',(0.1505,-0.0519862935470883,0.00817750560882915));
#8852=CARTESIAN_POINT('',(0.1505,-0.0519862935470883,0.00817750560882915));
#8853=CARTESIAN_POINT('',(0.1505,-0.0519862935470883,0.00848842106537025));
#8854=CARTESIAN_POINT('',(0.1505,-0.0519862935470883,0.00848842106537025));
#8855=CARTESIAN_POINT('',(0.1505,-0.0519862935470883,0.00879933652191135));
#8856=CARTESIAN_POINT('',(0.1505,-0.0519862935470883,0.00879933652191135));
#8857=CARTESIAN_POINT('',(0.1505,-0.0519862935470883,0.00879933652191135));
#8858=CARTESIAN_POINT('',(0.1545,-0.0519862935470883,0.00879933652191135));
#8859=CARTESIAN_POINT('',(0.1505,-0.0519862935470883,0.00907615592947237));
#8860=CARTESIAN_POINT('',(0.1545,-0.0519862935470883,0.00907615592947237));
#8861=CARTESIAN_POINT('',(0.1505,-0.0520426701825306,0.00927060468405183));
#8862=CARTESIAN_POINT('',(0.1545,-0.0520426701825306,0.00927060468405183));
#8863=CARTESIAN_POINT('',(0.1505,-0.0521554234534152,0.0093826827856497));
#8864=CARTESIAN_POINT('',(0.1545,-0.0521554234534152,0.0093826827856497));
#8865=CARTESIAN_POINT('',(0.1505,-0.0519862935470883,0.00879933652191135));
#8866=CARTESIAN_POINT('',(0.1505,-0.0519862935470883,0.00921456563325289));
#8867=CARTESIAN_POINT('',(0.1505,-0.0521554234534152,0.0093826827856497));
#8868=CARTESIAN_POINT('',(0.1505,-0.0521554234534152,0.0093826827856497));
#8869=CARTESIAN_POINT('',(0.1505,-0.0521554234534152,0.0093826827856497));
#8870=CARTESIAN_POINT('',(0.1505,-0.0521554234534152,0.0093826827856497));
#8871=CARTESIAN_POINT('',(0.1545,-0.0521554234534152,0.0093826827856497));
#8872=CARTESIAN_POINT('',(0.1505,-0.0522681767242998,0.00949476088724758));
#8873=CARTESIAN_POINT('',(0.1545,-0.0522681767242998,0.00949476088724758));
#8874=CARTESIAN_POINT('',(0.1505,-0.0524629630635226,0.00955079993804652));
#8875=CARTESIAN_POINT('',(0.1545,-0.0524629630635226,0.00955079993804652));
#8876=CARTESIAN_POINT('',(0.1505,-0.0527397824710837,0.00955079993804652));
#8877=CARTESIAN_POINT('',(0.1545,-0.0527397824710837,0.00955079993804652));
#8878=CARTESIAN_POINT('',(0.1505,-0.0521554234534152,0.0093826827856497));
#8879=CARTESIAN_POINT('',(0.1505,-0.0523245533597421,0.00955079993804652));
#8880=CARTESIAN_POINT('',(0.1505,-0.0527397824710837,0.00955079993804652));
#8881=CARTESIAN_POINT('',(0.1505,-0.0527397824710836,0.00955079993804652));
#8882=CARTESIAN_POINT('',(0.1505,-0.0527397824710836,0.00955079993804652));
#8883=CARTESIAN_POINT('',(0.1505,-0.0530112005243508,0.00955079993804652));
#8884=CARTESIAN_POINT('',(0.1505,-0.0530112005243508,0.00955079993804652));
#8885=CARTESIAN_POINT('',(0.1505,-0.0532826185776179,0.00955079993804652));
#8886=CARTESIAN_POINT('',(0.1505,-0.0532826185776179,0.00955079993804652));
#8887=CARTESIAN_POINT('',(0.1505,-0.0532826185776179,0.00955079993804652));
#8888=CARTESIAN_POINT('',(0.1545,-0.0532826185776179,0.00955079993804652));
#8889=CARTESIAN_POINT('',(0.1505,-0.053559437985179,0.00955079993804652));
#8890=CARTESIAN_POINT('',(0.1545,-0.053559437985179,0.00955079993804652));
#8891=CARTESIAN_POINT('',(0.1505,-0.0537542243244018,0.00949476088724758));
#8892=CARTESIAN_POINT('',(0.1545,-0.0537542243244018,0.00949476088724758));
#8893=CARTESIAN_POINT('',(0.1505,-0.0538669775952864,0.0093826827856497));
#8894=CARTESIAN_POINT('',(0.1545,-0.0538669775952864,0.0093826827856497));
#8895=CARTESIAN_POINT('',(0.1505,-0.0532826185776179,0.00955079993804652));
#8896=CARTESIAN_POINT('',(0.1505,-0.0536978476889595,0.00955079993804652));
#8897=CARTESIAN_POINT('',(0.1505,-0.0538669775952864,0.0093826827856497));
#8898=CARTESIAN_POINT('',(0.1505,-0.0538669775952864,0.0093826827856497));
#8899=CARTESIAN_POINT('',(0.1505,-0.0538669775952864,0.0093826827856497));
#8900=CARTESIAN_POINT('',(0.1505,-0.0538669775952864,0.0093826827856497));
#8901=CARTESIAN_POINT('',(0.1545,-0.0538669775952864,0.0093826827856497));
#8902=CARTESIAN_POINT('',(0.1505,-0.053979730866171,0.00927060468405183));
#8903=CARTESIAN_POINT('',(0.1545,-0.053979730866171,0.00927060468405183));
#8904=CARTESIAN_POINT('',(0.1505,-0.0540361075016133,0.00907615592947237));
#8905=CARTESIAN_POINT('',(0.1545,-0.0540361075016133,0.00907615592947237));
#8906=CARTESIAN_POINT('',(0.1505,-0.0540361075016133,0.00879933652191135));
#8907=CARTESIAN_POINT('',(0.1545,-0.0540361075016133,0.00879933652191135));
#8908=CARTESIAN_POINT('',(0.1505,-0.0538669775952864,0.0093826827856497));
#8909=CARTESIAN_POINT('',(0.1505,-0.0540361075016133,0.00921456563325289));
#8910=CARTESIAN_POINT('',(0.1505,-0.0540361075016133,0.00879933652191135));
#8911=CARTESIAN_POINT('',(0.1505,-0.0540361075016133,0.00879933652191135));
#8912=CARTESIAN_POINT('',(0.1505,-0.0540361075016133,0.00879933652191135));
#8913=CARTESIAN_POINT('',(0.1505,-0.0540361075016133,0.00848842106537025));
#8914=CARTESIAN_POINT('',(0.1505,-0.0540361075016133,0.00848842106537025));
#8915=CARTESIAN_POINT('',(0.1505,-0.0540361075016133,0.00817750560882915));
#8916=CARTESIAN_POINT('',(0.1505,-0.0540361075016133,0.00817750560882915));
#8917=CARTESIAN_POINT('',(0.1505,-0.0540361075016133,0.00817750560882915));
#8918=CARTESIAN_POINT('',(0.1545,-0.0540361075016133,0.00817750560882915));
#8919=CARTESIAN_POINT('',(0.1505,-0.0540361075016133,0.00808298190868636));
#8920=CARTESIAN_POINT('',(0.1545,-0.0540361075016133,0.00808298190868636));
#8921=CARTESIAN_POINT('',(0.1505,-0.0539881704822552,0.00803572005861497));
#8922=CARTESIAN_POINT('',(0.1545,-0.0539881704822552,0.00803572005861497));
#8923=CARTESIAN_POINT('',(0.1505,-0.0538922964435389,0.00803572005861497));
#8924=CARTESIAN_POINT('',(0.1545,-0.0538922964435389,0.00803572005861497));
#8925=CARTESIAN_POINT('',(0.1505,-0.0540361075016133,0.00817750560882915));
#8926=CARTESIAN_POINT('',(0.1505,-0.0540361075016133,0.00803572005861497));
#8927=CARTESIAN_POINT('',(0.1505,-0.0538922964435389,0.00803572005861497));
#8928=CARTESIAN_POINT('',(0.1505,-0.0538922964435389,0.00803572005861497));
#8929=CARTESIAN_POINT('',(0.1505,-0.0538922964435389,0.00803572005861497));
#8930=CARTESIAN_POINT('',(0.1505,-0.0530112005243508,0.00803572005861497));
#8931=CARTESIAN_POINT('',(0.1505,-0.0530112005243508,0.00803572005861497));
#8932=CARTESIAN_POINT('',(0.1505,0.00140609364785228,0.00939686134067112));
#8933=CARTESIAN_POINT('',(0.1545,0.00140609364785228,0.00939686134067112));
#8934=CARTESIAN_POINT('',(0.1505,0.00140609364785228,0.00949138504081391));
#8935=CARTESIAN_POINT('',(0.1545,0.00140609364785228,0.00949138504081391));
#8936=CARTESIAN_POINT('',(0.1505,0.00135478078206048,0.0095386468908853));
#8937=CARTESIAN_POINT('',(0.1545,0.00135478078206048,0.0095386468908853));
#8938=CARTESIAN_POINT('',(0.1505,0.00125215505047689,0.0095386468908853));
#8939=CARTESIAN_POINT('',(0.1545,0.00125215505047689,0.0095386468908853));
#8940=CARTESIAN_POINT('',(0.1505,0.00140609364785228,0.00939686134067112));
#8941=CARTESIAN_POINT('',(0.1505,0.00140609364785228,0.00939686134067112));
#8942=CARTESIAN_POINT('',(0.1505,0.00140609364785228,0.00939686134067112));
#8943=CARTESIAN_POINT('',(0.1505,0.00140609364785228,0.0095386468908853));
#8944=CARTESIAN_POINT('',(0.1505,0.00125215505047689,0.0095386468908853));
#8945=CARTESIAN_POINT('',(0.1505,0.00125215505047689,0.0095386468908853));
#8946=CARTESIAN_POINT('',(0.1505,0.00125215505047689,0.0095386468908853));
#8947=CARTESIAN_POINT('',(0.1505,0.000642477184555908,0.0095386468908853));
#8948=CARTESIAN_POINT('',(0.1505,0.000642477184555908,0.0095386468908853));
#8949=CARTESIAN_POINT('',(0.1505,3.27993186349241E-5,0.0095386468908853));
#8950=CARTESIAN_POINT('',(0.1505,3.27993186349241E-5,0.0095386468908853));
#8951=CARTESIAN_POINT('',(0.1505,3.27993186349241E-5,0.0095386468908853));
#8952=CARTESIAN_POINT('',(0.1545,3.27993186349241E-5,0.0095386468908853));
#8953=CARTESIAN_POINT('',(0.1505,-0.0002440200889261,0.0095386468908853));
#8954=CARTESIAN_POINT('',(0.1545,-0.0002440200889261,0.0095386468908853));
#8955=CARTESIAN_POINT('',(0.1505,-0.00043846884350555,0.00948024474758279));
#8956=CARTESIAN_POINT('',(0.1545,-0.00043846884350555,0.00948024474758279));
#8957=CARTESIAN_POINT('',(0.1505,-0.000550546945103425,0.00936344046097777));
#8958=CARTESIAN_POINT('',(0.1545,-0.000550546945103425,0.00936344046097777));
#8959=CARTESIAN_POINT('',(0.1505,3.27993186349241E-5,0.0095386468908853));
#8960=CARTESIAN_POINT('',(0.1505,-0.000382429792706612,0.0095386468908853));
#8961=CARTESIAN_POINT('',(0.1505,-0.000550546945103425,0.00936344046097777));
#8962=CARTESIAN_POINT('',(0.1505,-0.000550546945103425,0.00936344046097777));
#8963=CARTESIAN_POINT('',(0.1505,-0.000550546945103425,0.00936344046097777));
#8964=CARTESIAN_POINT('',(0.1505,-0.000550546945103425,0.00936344046097777));
#8965=CARTESIAN_POINT('',(0.1545,-0.000550546945103425,0.00936344046097777));
#8966=CARTESIAN_POINT('',(0.1505,-0.000662625046701305,0.00924663617437276));
#8967=CARTESIAN_POINT('',(0.1545,-0.000662625046701305,0.00924663617437276));
#8968=CARTESIAN_POINT('',(0.1505,-0.000718664097500245,0.00904982432728974));
#8969=CARTESIAN_POINT('',(0.1545,-0.000718664097500245,0.00904982432728974));
#8970=CARTESIAN_POINT('',(0.1505,-0.000718664097500245,0.00877300491972872));
#8971=CARTESIAN_POINT('',(0.1545,-0.000718664097500245,0.00877300491972872));
#8972=CARTESIAN_POINT('',(0.1505,-0.000550546945103425,0.00936344046097777));
#8973=CARTESIAN_POINT('',(0.1505,-0.000718664097500245,0.00918823403107025));
#8974=CARTESIAN_POINT('',(0.1505,-0.000718664097500245,0.00877300491972872));
#8975=CARTESIAN_POINT('',(0.1505,-0.000718664097500245,0.00877300491972872));
#8976=CARTESIAN_POINT('',(0.1505,-0.000718664097500245,0.00877300491972872));
#8977=CARTESIAN_POINT('',(0.1505,-0.000718664097500245,0.00765897559661729));
#8978=CARTESIAN_POINT('',(0.1505,-0.000718664097500245,0.00765897559661729));
#8979=CARTESIAN_POINT('',(0.1505,-0.000718664097500245,0.00654494627350586));
#8980=CARTESIAN_POINT('',(0.1505,-0.000718664097500245,0.00654494627350586));
#8981=CARTESIAN_POINT('',(0.1505,-0.000718664097500245,0.00654494627350586));
#8982=CARTESIAN_POINT('',(0.1545,-0.000718664097500245,0.00654494627350586));
#8983=CARTESIAN_POINT('',(0.1505,-0.000718664097500245,0.00626812686594483));
#8984=CARTESIAN_POINT('',(0.1545,-0.000718664097500245,0.00626812686594483));
#8985=CARTESIAN_POINT('',(0.1505,-0.000662625046701305,0.00607131501886181));
#8986=CARTESIAN_POINT('',(0.1545,-0.000662625046701305,0.00607131501886181));
#8987=CARTESIAN_POINT('',(0.1505,-0.000550546945103425,0.0059545107322568));
#8988=CARTESIAN_POINT('',(0.1545,-0.000550546945103425,0.0059545107322568));
#8989=CARTESIAN_POINT('',(0.1505,-0.000718664097500245,0.00654494627350586));
#8990=CARTESIAN_POINT('',(0.1505,-0.000718664097500245,0.00612971716216432));
#8991=CARTESIAN_POINT('',(0.1505,-0.000550546945103425,0.0059545107322568));
#8992=CARTESIAN_POINT('',(0.1505,-0.000550546945103425,0.0059545107322568));
#8993=CARTESIAN_POINT('',(0.1505,-0.000550546945103425,0.0059545107322568));
#8994=CARTESIAN_POINT('',(0.1505,-0.000550546945103425,0.0059545107322568));
#8995=CARTESIAN_POINT('',(0.1545,-0.000550546945103425,0.0059545107322568));
#8996=CARTESIAN_POINT('',(0.1505,-0.00043846884350555,0.00583770644565178));
#8997=CARTESIAN_POINT('',(0.1545,-0.00043846884350555,0.00583770644565178));
#8998=CARTESIAN_POINT('',(0.1505,-0.0002440200889261,0.00577930430234927));
#8999=CARTESIAN_POINT('',(0.1545,-0.0002440200889261,0.00577930430234927));
#9000=CARTESIAN_POINT('',(0.1505,3.27993186349241E-5,0.00577930430234927));
#9001=CARTESIAN_POINT('',(0.1545,3.27993186349241E-5,0.00577930430234927));
#9002=CARTESIAN_POINT('',(0.1505,-0.000550546945103425,0.0059545107322568));
#9003=CARTESIAN_POINT('',(0.1505,-0.000382429792706612,0.00577930430234927));
#9004=CARTESIAN_POINT('',(0.1505,3.27993186349241E-5,0.00577930430234927));
#9005=CARTESIAN_POINT('',(0.1505,3.27993186349241E-5,0.00577930430234927));
#9006=CARTESIAN_POINT('',(0.1505,3.27993186349241E-5,0.00577930430234927));
#9007=CARTESIAN_POINT('',(0.1505,0.00027282200006893,0.00577930430234927));
#9008=CARTESIAN_POINT('',(0.1505,0.00027282200006893,0.00577930430234927));
#9009=CARTESIAN_POINT('',(0.1505,0.000512844681502936,0.00577930430234927));
#9010=CARTESIAN_POINT('',(0.1505,0.000512844681502936,0.00577930430234927));
#9011=CARTESIAN_POINT('',(0.1505,0.000512844681502936,0.00577930430234927));
#9012=CARTESIAN_POINT('',(0.1545,0.000512844681502936,0.00577930430234927));
#9013=CARTESIAN_POINT('',(0.1505,0.0011083439924025,0.00577930430234927));
#9014=CARTESIAN_POINT('',(0.1545,0.0011083439924025,0.00577930430234927));
#9015=CARTESIAN_POINT('',(0.1505,0.00140609364785228,0.00610743657570209));
#9016=CARTESIAN_POINT('',(0.1545,0.00140609364785228,0.00610743657570209));
#9017=CARTESIAN_POINT('',(0.1505,0.00140609364785228,0.00676370112240774));
#9018=CARTESIAN_POINT('',(0.1545,0.00140609364785228,0.00676370112240774));
#9019=CARTESIAN_POINT('',(0.1505,0.000512844681502936,0.00577930430234927));
#9020=CARTESIAN_POINT('',(0.1505,0.00140609364785228,0.00577930430234927));
#9021=CARTESIAN_POINT('',(0.1505,0.00140609364785228,0.00676370112240774));
#9022=CARTESIAN_POINT('',(0.1505,0.00140609364785228,0.00676370112240774));
#9023=CARTESIAN_POINT('',(0.1505,0.00140609364785228,0.00676370112240774));
#9024=CARTESIAN_POINT('',(0.1505,0.00140609364785228,0.00808028123153943));
#9025=CARTESIAN_POINT('',(0.1505,0.00140609364785228,0.00808028123153943));
#9026=CARTESIAN_POINT('',(0.1505,0.0179079061849228,0.00803572005861497));
#9027=CARTESIAN_POINT('',(0.1545,0.0179079061849228,0.00803572005861497));
#9028=CARTESIAN_POINT('',(0.1505,0.0180037802236391,0.00803572005861497));
#9029=CARTESIAN_POINT('',(0.1545,0.0180037802236391,0.00803572005861497));
#9030=CARTESIAN_POINT('',(0.1505,0.0180517172429972,0.00808298190868636));
#9031=CARTESIAN_POINT('',(0.1545,0.0180517172429972,0.00808298190868636));
#9032=CARTESIAN_POINT('',(0.1505,0.0180517172429972,0.00817750560882915));
#9033=CARTESIAN_POINT('',(0.1545,0.0180517172429972,0.00817750560882915));
#9034=CARTESIAN_POINT('',(0.1505,0.0179079061849228,0.00803572005861497));
#9035=CARTESIAN_POINT('',(0.1505,0.0179079061849228,0.00803572005861497));
#9036=CARTESIAN_POINT('',(0.1505,0.0179079061849228,0.00803572005861497));
#9037=CARTESIAN_POINT('',(0.1505,0.0180517172429972,0.00803572005861497));
#9038=CARTESIAN_POINT('',(0.1505,0.0180517172429972,0.00817750560882915));
#9039=CARTESIAN_POINT('',(0.1505,0.0180517172429972,0.00817750560882915));
#9040=CARTESIAN_POINT('',(0.1505,0.0180517172429972,0.00817750560882915));
#9041=CARTESIAN_POINT('',(0.1505,0.0180517172429972,0.00848842106537025));
#9042=CARTESIAN_POINT('',(0.1505,0.0180517172429972,0.00848842106537025));
#9043=CARTESIAN_POINT('',(0.1505,0.0180517172429972,0.00879933652191135));
#9044=CARTESIAN_POINT('',(0.1505,0.0180517172429972,0.00879933652191135));
#9045=CARTESIAN_POINT('',(0.1505,0.0180517172429972,0.00879933652191135));
#9046=CARTESIAN_POINT('',(0.1545,0.0180517172429972,0.00879933652191135));
#9047=CARTESIAN_POINT('',(0.1505,0.0180517172429972,0.00907615592947237));
#9048=CARTESIAN_POINT('',(0.1545,0.0180517172429972,0.00907615592947237));
#9049=CARTESIAN_POINT('',(0.1505,0.0179953406075549,0.00927060468405183));
#9050=CARTESIAN_POINT('',(0.1545,0.0179953406075549,0.00927060468405183));
#9051=CARTESIAN_POINT('',(0.1505,0.0178825873366703,0.0093826827856497));
#9052=CARTESIAN_POINT('',(0.1545,0.0178825873366703,0.0093826827856497));
#9053=CARTESIAN_POINT('',(0.1505,0.0180517172429972,0.00879933652191135));
#9054=CARTESIAN_POINT('',(0.1505,0.0180517172429972,0.00921456563325289));
#9055=CARTESIAN_POINT('',(0.1505,0.0178825873366703,0.0093826827856497));
#9056=CARTESIAN_POINT('',(0.1505,0.0178825873366703,0.0093826827856497));
#9057=CARTESIAN_POINT('',(0.1505,0.0178825873366703,0.0093826827856497));
#9058=CARTESIAN_POINT('',(0.1505,0.0178825873366703,0.0093826827856497));
#9059=CARTESIAN_POINT('',(0.1545,0.0178825873366703,0.0093826827856497));
#9060=CARTESIAN_POINT('',(0.1505,0.0177698340657858,0.00949476088724758));
#9061=CARTESIAN_POINT('',(0.1545,0.0177698340657858,0.00949476088724758));
#9062=CARTESIAN_POINT('',(0.1505,0.0175750477265629,0.00955079993804652));
#9063=CARTESIAN_POINT('',(0.1545,0.0175750477265629,0.00955079993804652));
#9064=CARTESIAN_POINT('',(0.1505,0.0172982283190019,0.00955079993804652));
#9065=CARTESIAN_POINT('',(0.1545,0.0172982283190019,0.00955079993804652));
#9066=CARTESIAN_POINT('',(0.1505,0.0178825873366703,0.0093826827856497));
#9067=CARTESIAN_POINT('',(0.1505,0.0177134574303435,0.00955079993804652));
#9068=CARTESIAN_POINT('',(0.1505,0.0172982283190019,0.00955079993804652));
#9069=CARTESIAN_POINT('',(0.1505,0.0172982283190019,0.00955079993804652));
#9070=CARTESIAN_POINT('',(0.1505,0.0172982283190019,0.00955079993804652));
#9071=CARTESIAN_POINT('',(0.1505,0.0170268102657348,0.00955079993804652));
#9072=CARTESIAN_POINT('',(0.1505,0.0170268102657348,0.00955079993804652));
#9073=CARTESIAN_POINT('',(0.1505,0.0167553922124676,0.00955079993804652));
#9074=CARTESIAN_POINT('',(0.1505,0.0167553922124676,0.00955079993804652));
#9075=CARTESIAN_POINT('',(0.1505,0.0167553922124676,0.00955079993804652));
#9076=CARTESIAN_POINT('',(0.1545,0.0167553922124676,0.00955079993804652));
#9077=CARTESIAN_POINT('',(0.1505,0.0164785728049066,0.00955079993804652));
#9078=CARTESIAN_POINT('',(0.1545,0.0164785728049066,0.00955079993804652));
#9079=CARTESIAN_POINT('',(0.1505,0.0162837864656837,0.00949476088724758));
#9080=CARTESIAN_POINT('',(0.1545,0.0162837864656837,0.00949476088724758));
#9081=CARTESIAN_POINT('',(0.1505,0.0161710331947992,0.0093826827856497));
#9082=CARTESIAN_POINT('',(0.1545,0.0161710331947992,0.0093826827856497));
#9083=CARTESIAN_POINT('',(0.1505,0.0167553922124676,0.00955079993804652));
#9084=CARTESIAN_POINT('',(0.1505,0.016340163101126,0.00955079993804652));
#9085=CARTESIAN_POINT('',(0.1505,0.0161710331947992,0.0093826827856497));
#9086=CARTESIAN_POINT('',(0.1505,0.0161710331947992,0.0093826827856497));
#9087=CARTESIAN_POINT('',(0.1505,0.0161710331947992,0.0093826827856497));
#9088=CARTESIAN_POINT('',(0.1505,0.0161710331947992,0.0093826827856497));
#9089=CARTESIAN_POINT('',(0.1545,0.0161710331947992,0.0093826827856497));
#9090=CARTESIAN_POINT('',(0.1505,0.0160582799239146,0.00927060468405183));
#9091=CARTESIAN_POINT('',(0.1545,0.0160582799239146,0.00927060468405183));
#9092=CARTESIAN_POINT('',(0.1505,0.0160019032884723,0.00907615592947237));
#9093=CARTESIAN_POINT('',(0.1545,0.0160019032884723,0.00907615592947237));
#9094=CARTESIAN_POINT('',(0.1505,0.0160019032884723,0.00879933652191135));
#9095=CARTESIAN_POINT('',(0.1545,0.0160019032884723,0.00879933652191135));
#9096=CARTESIAN_POINT('',(0.1505,0.0161710331947992,0.0093826827856497));
#9097=CARTESIAN_POINT('',(0.1505,0.0160019032884723,0.00921456563325289));
#9098=CARTESIAN_POINT('',(0.1505,0.0160019032884723,0.00879933652191135));
#9099=CARTESIAN_POINT('',(0.1505,0.0160019032884723,0.00879933652191135));
#9100=CARTESIAN_POINT('',(0.1505,0.0160019032884723,0.00879933652191135));
#9101=CARTESIAN_POINT('',(0.1505,0.0160019032884723,0.00848842106537025));
#9102=CARTESIAN_POINT('',(0.1505,0.0160019032884723,0.00848842106537025));
#9103=CARTESIAN_POINT('',(0.1505,0.0160019032884723,0.00817750560882915));
#9104=CARTESIAN_POINT('',(0.1505,0.0160019032884723,0.00817750560882915));
#9105=CARTESIAN_POINT('',(0.1505,0.0160019032884723,0.00817750560882915));
#9106=CARTESIAN_POINT('',(0.1545,0.0160019032884723,0.00817750560882915));
#9107=CARTESIAN_POINT('',(0.1505,0.0160019032884723,0.00808298190868636));
#9108=CARTESIAN_POINT('',(0.1545,0.0160019032884723,0.00808298190868636));
#9109=CARTESIAN_POINT('',(0.1505,0.0160498403078304,0.00803572005861497));
#9110=CARTESIAN_POINT('',(0.1545,0.0160498403078304,0.00803572005861497));
#9111=CARTESIAN_POINT('',(0.1505,0.0161457143465466,0.00803572005861497));
#9112=CARTESIAN_POINT('',(0.1545,0.0161457143465466,0.00803572005861497));
#9113=CARTESIAN_POINT('',(0.1505,0.0160019032884723,0.00817750560882915));
#9114=CARTESIAN_POINT('',(0.1505,0.0160019032884723,0.00803572005861497));
#9115=CARTESIAN_POINT('',(0.1505,0.0161457143465466,0.00803572005861497));
#9116=CARTESIAN_POINT('',(0.1505,0.0161457143465466,0.00803572005861497));
#9117=CARTESIAN_POINT('',(0.1505,0.0161457143465466,0.00803572005861497));
#9118=CARTESIAN_POINT('',(0.1505,0.0170268102657348,0.00803572005861497));
#9119=CARTESIAN_POINT('',(0.1505,0.0170268102657348,0.00803572005861497));
#9120=CARTESIAN_POINT('',(0.1505,0.00758996914505082,0.00577930430234927));
#9121=CARTESIAN_POINT('',(0.1545,0.00758996914505082,0.00577930430234927));
#9122=CARTESIAN_POINT('',(0.1505,0.00786678855261185,0.00577930430234927));
#9123=CARTESIAN_POINT('',(0.1545,0.00786678855261185,0.00577930430234927));
#9124=CARTESIAN_POINT('',(0.1505,0.00806360039969487,0.00583770644565178));
#9125=CARTESIAN_POINT('',(0.1545,0.00806360039969487,0.00583770644565178));
#9126=CARTESIAN_POINT('',(0.1505,0.00818040468629988,0.0059545107322568));
#9127=CARTESIAN_POINT('',(0.1545,0.00818040468629988,0.0059545107322568));
#9128=CARTESIAN_POINT('',(0.1505,0.00758996914505082,0.00577930430234927));
#9129=CARTESIAN_POINT('',(0.1505,0.00758996914505082,0.00577930430234927));
#9130=CARTESIAN_POINT('',(0.1505,0.00758996914505082,0.00577930430234927));
#9131=CARTESIAN_POINT('',(0.1505,0.00800519825639236,0.00577930430234927));
#9132=CARTESIAN_POINT('',(0.1505,0.00818040468629988,0.0059545107322568));
#9133=CARTESIAN_POINT('',(0.1505,0.00818040468629988,0.0059545107322568));
#9134=CARTESIAN_POINT('',(0.1505,0.00818040468629988,0.0059545107322568));
#9135=CARTESIAN_POINT('',(0.1505,0.00818040468629988,0.0059545107322568));
#9136=CARTESIAN_POINT('',(0.1545,0.00818040468629988,0.0059545107322568));
#9137=CARTESIAN_POINT('',(0.1505,0.00829720897290489,0.00607131501886181));
#9138=CARTESIAN_POINT('',(0.1545,0.00829720897290489,0.00607131501886181));
#9139=CARTESIAN_POINT('',(0.1505,0.0083556111162074,0.00626812686594483));
#9140=CARTESIAN_POINT('',(0.1545,0.0083556111162074,0.00626812686594483));
#9141=CARTESIAN_POINT('',(0.1505,0.0083556111162074,0.00654494627350586));
#9142=CARTESIAN_POINT('',(0.1545,0.0083556111162074,0.00654494627350586));
#9143=CARTESIAN_POINT('',(0.1505,0.00818040468629988,0.0059545107322568));
#9144=CARTESIAN_POINT('',(0.1505,0.0083556111162074,0.00612971716216432));
#9145=CARTESIAN_POINT('',(0.1505,0.0083556111162074,0.00654494627350586));
#9146=CARTESIAN_POINT('',(0.1505,0.0083556111162074,0.00654494627350586));
#9147=CARTESIAN_POINT('',(0.1505,0.0083556111162074,0.00654494627350586));
#9148=CARTESIAN_POINT('',(0.1505,0.0083556111162074,0.0076721413977086));
#9149=CARTESIAN_POINT('',(0.1505,0.0083556111162074,0.0076721413977086));
#9150=CARTESIAN_POINT('',(0.1505,0.0083556111162074,0.00879933652191135));
#9151=CARTESIAN_POINT('',(0.1505,0.0083556111162074,0.00879933652191135));
#9152=CARTESIAN_POINT('',(0.1505,0.0083556111162074,0.00879933652191135));
#9153=CARTESIAN_POINT('',(0.1545,0.0083556111162074,0.00879933652191135));
#9154=CARTESIAN_POINT('',(0.1505,0.0083556111162074,0.00907615592947237));
#9155=CARTESIAN_POINT('',(0.1545,0.0083556111162074,0.00907615592947237));
#9156=CARTESIAN_POINT('',(0.1505,0.00829720897290489,0.00927296777655539));
#9157=CARTESIAN_POINT('',(0.1545,0.00829720897290489,0.00927296777655539));
#9158=CARTESIAN_POINT('',(0.1505,0.00818040468629988,0.00938977206316041));
#9159=CARTESIAN_POINT('',(0.1545,0.00818040468629988,0.00938977206316041));
#9160=CARTESIAN_POINT('',(0.1505,0.0083556111162074,0.00879933652191135));
#9161=CARTESIAN_POINT('',(0.1505,0.0083556111162074,0.00921456563325289));
#9162=CARTESIAN_POINT('',(0.1505,0.00818040468629988,0.00938977206316041));
#9163=CARTESIAN_POINT('',(0.1505,0.00818040468629988,0.00938977206316041));
#9164=CARTESIAN_POINT('',(0.1505,0.00818040468629988,0.00938977206316041));
#9165=CARTESIAN_POINT('',(0.1505,0.00818040468629988,0.00938977206316041));
#9166=CARTESIAN_POINT('',(0.1545,0.00818040468629988,0.00938977206316041));
#9167=CARTESIAN_POINT('',(0.1505,0.00806360039969487,0.00950657634976542));
#9168=CARTESIAN_POINT('',(0.1545,0.00806360039969487,0.00950657634976542));
#9169=CARTESIAN_POINT('',(0.1505,0.00786678855261185,0.00956497849306793));
#9170=CARTESIAN_POINT('',(0.1545,0.00786678855261185,0.00956497849306793));
#9171=CARTESIAN_POINT('',(0.1505,0.00758996914505082,0.00956497849306793));
#9172=CARTESIAN_POINT('',(0.1545,0.00758996914505082,0.00956497849306793));
#9173=CARTESIAN_POINT('',(0.1505,0.00818040468629988,0.00938977206316041));
#9174=CARTESIAN_POINT('',(0.1505,0.00800519825639236,0.00956497849306793));
#9175=CARTESIAN_POINT('',(0.1505,0.00758996914505082,0.00956497849306793));
#9176=CARTESIAN_POINT('',(0.1505,0.00758996914505082,0.00956497849306793));
#9177=CARTESIAN_POINT('',(0.1505,0.00758996914505082,0.00956497849306793));
#9178=CARTESIAN_POINT('',(0.1505,0.00730437253676226,0.00956497849306793));
#9179=CARTESIAN_POINT('',(0.1505,0.00730437253676226,0.00956497849306793));
#9180=CARTESIAN_POINT('',(0.1505,0.00701877592847369,0.00956497849306793));
#9181=CARTESIAN_POINT('',(0.1505,0.00701877592847369,0.00956497849306793));
#9182=CARTESIAN_POINT('',(0.1505,0.00701877592847369,0.00956497849306793));
#9183=CARTESIAN_POINT('',(0.1545,0.00701877592847369,0.00956497849306793));
#9184=CARTESIAN_POINT('',(0.1505,0.00642327661757413,0.00956497849306793));
#9185=CARTESIAN_POINT('',(0.1545,0.00642327661757413,0.00956497849306793));
#9186=CARTESIAN_POINT('',(0.1505,0.00612552696212435,0.00923617105042838));
#9187=CARTESIAN_POINT('',(0.1545,0.00612552696212435,0.00923617105042838));
#9188=CARTESIAN_POINT('',(0.1505,0.00612552696212435,0.00857855616514927));
#9189=CARTESIAN_POINT('',(0.1545,0.00612552696212435,0.00857855616514927));
#9190=CARTESIAN_POINT('',(0.1505,0.00701877592847369,0.00956497849306793));
#9191=CARTESIAN_POINT('',(0.1505,0.00612552696212435,0.00956497849306793));
#9192=CARTESIAN_POINT('',(0.1505,0.00612552696212435,0.00857855616514927));
#9193=CARTESIAN_POINT('',(0.1505,0.00612552696212435,0.00857855616514927));
#9194=CARTESIAN_POINT('',(0.1505,0.00612552696212435,0.00857855616514927));
#9195=CARTESIAN_POINT('',(0.1505,0.00612552696212435,0.00724982300885636));
#9196=CARTESIAN_POINT('',(0.1505,0.00612552696212435,0.00724982300885636));
#9197=CARTESIAN_POINT('',(0.1505,0.00612552696212435,0.00592108985256346));
#9198=CARTESIAN_POINT('',(0.1505,0.00612552696212435,0.00592108985256346));
#9199=CARTESIAN_POINT('',(0.1505,0.00612552696212435,0.00592108985256346));
#9200=CARTESIAN_POINT('',(0.1545,0.00612552696212435,0.00592108985256346));
#9201=CARTESIAN_POINT('',(0.1505,0.00612552696212435,0.00582656615242067));
#9202=CARTESIAN_POINT('',(0.1545,0.00612552696212435,0.00582656615242067));
#9203=CARTESIAN_POINT('',(0.1505,0.00617278881219574,0.00577930430234927));
#9204=CARTESIAN_POINT('',(0.1545,0.00617278881219574,0.00577930430234927));
#9205=CARTESIAN_POINT('',(0.1505,0.00626731251233853,0.00577930430234927));
#9206=CARTESIAN_POINT('',(0.1545,0.00626731251233853,0.00577930430234927));
#9207=CARTESIAN_POINT('',(0.1505,0.00612552696212435,0.00592108985256346));
#9208=CARTESIAN_POINT('',(0.1505,0.00612552696212435,0.00577930430234927));
#9209=CARTESIAN_POINT('',(0.1505,0.00626731251233853,0.00577930430234927));
#9210=CARTESIAN_POINT('',(0.1505,0.00626731251233853,0.00577930430234927));
#9211=CARTESIAN_POINT('',(0.1505,0.00626731251233853,0.00577930430234927));
#9212=CARTESIAN_POINT('',(0.1505,0.00692864082869468,0.00577930430234927));
#9213=CARTESIAN_POINT('',(0.1505,0.00692864082869468,0.00577930430234927));
#9214=CARTESIAN_POINT('',(0.1505,-0.00594244886896275,0.00577930430234927));
#9215=CARTESIAN_POINT('',(0.1545,-0.00594244886896275,0.00577930430234927));
#9216=CARTESIAN_POINT('',(0.1505,-0.00566562946140173,0.00577930430234927));
#9217=CARTESIAN_POINT('',(0.1545,-0.00566562946140173,0.00577930430234927));
#9218=CARTESIAN_POINT('',(0.1505,-0.00546881761431871,0.00583770644565178));
#9219=CARTESIAN_POINT('',(0.1545,-0.00546881761431871,0.00583770644565178));
#9220=CARTESIAN_POINT('',(0.1505,-0.00535201332771369,0.0059545107322568));
#9221=CARTESIAN_POINT('',(0.1545,-0.00535201332771369,0.0059545107322568));
#9222=CARTESIAN_POINT('',(0.1505,-0.00594244886896275,0.00577930430234927));
#9223=CARTESIAN_POINT('',(0.1505,-0.00594244886896275,0.00577930430234927));
#9224=CARTESIAN_POINT('',(0.1505,-0.00594244886896275,0.00577930430234927));
#9225=CARTESIAN_POINT('',(0.1505,-0.00552721975762122,0.00577930430234927));
#9226=CARTESIAN_POINT('',(0.1505,-0.00535201332771369,0.0059545107322568));
#9227=CARTESIAN_POINT('',(0.1505,-0.00535201332771369,0.0059545107322568));
#9228=CARTESIAN_POINT('',(0.1505,-0.00535201332771369,0.0059545107322568));
#9229=CARTESIAN_POINT('',(0.1505,-0.00535201332771369,0.0059545107322568));
#9230=CARTESIAN_POINT('',(0.1545,-0.00535201332771369,0.0059545107322568));
#9231=CARTESIAN_POINT('',(0.1505,-0.00523520904110868,0.00607131501886181));
#9232=CARTESIAN_POINT('',(0.1545,-0.00523520904110868,0.00607131501886181));
#9233=CARTESIAN_POINT('',(0.1505,-0.00517680689780617,0.00626812686594483));
#9234=CARTESIAN_POINT('',(0.1545,-0.00517680689780617,0.00626812686594483));
#9235=CARTESIAN_POINT('',(0.1505,-0.00517680689780617,0.00654494627350586));
#9236=CARTESIAN_POINT('',(0.1545,-0.00517680689780617,0.00654494627350586));
#9237=CARTESIAN_POINT('',(0.1505,-0.00535201332771369,0.0059545107322568));
#9238=CARTESIAN_POINT('',(0.1505,-0.00517680689780617,0.00612971716216432));
#9239=CARTESIAN_POINT('',(0.1505,-0.00517680689780617,0.00654494627350586));
#9240=CARTESIAN_POINT('',(0.1505,-0.00517680689780617,0.00654494627350586));
#9241=CARTESIAN_POINT('',(0.1505,-0.00517680689780617,0.00654494627350586));
#9242=CARTESIAN_POINT('',(0.1505,-0.00517680689780617,0.00765897559661729));
#9243=CARTESIAN_POINT('',(0.1505,-0.00517680689780617,0.00765897559661729));
#9244=CARTESIAN_POINT('',(0.1505,-0.00517680689780617,0.00877300491972872));
#9245=CARTESIAN_POINT('',(0.1505,-0.00517680689780617,0.00877300491972872));
#9246=CARTESIAN_POINT('',(0.1505,-0.00517680689780617,0.00877300491972872));
#9247=CARTESIAN_POINT('',(0.1545,-0.00517680689780617,0.00877300491972872));
#9248=CARTESIAN_POINT('',(0.1505,-0.00517680689780617,0.00904982432728974));
#9249=CARTESIAN_POINT('',(0.1545,-0.00517680689780617,0.00904982432728974));
#9250=CARTESIAN_POINT('',(0.1505,-0.00523520904110868,0.00924663617437276));
#9251=CARTESIAN_POINT('',(0.1545,-0.00523520904110868,0.00924663617437276));
#9252=CARTESIAN_POINT('',(0.1505,-0.00535201332771369,0.00936344046097777));
#9253=CARTESIAN_POINT('',(0.1545,-0.00535201332771369,0.00936344046097777));
#9254=CARTESIAN_POINT('',(0.1505,-0.00517680689780617,0.00877300491972872));
#9255=CARTESIAN_POINT('',(0.1505,-0.00517680689780617,0.00918823403107025));
#9256=CARTESIAN_POINT('',(0.1505,-0.00535201332771369,0.00936344046097777));
#9257=CARTESIAN_POINT('',(0.1505,-0.00535201332771369,0.00936344046097777));
#9258=CARTESIAN_POINT('',(0.1505,-0.00535201332771369,0.00936344046097777));
#9259=CARTESIAN_POINT('',(0.1505,-0.00535201332771369,0.00936344046097777));
#9260=CARTESIAN_POINT('',(0.1545,-0.00535201332771369,0.00936344046097777));
#9261=CARTESIAN_POINT('',(0.1505,-0.00546881761431871,0.00948024474758279));
#9262=CARTESIAN_POINT('',(0.1545,-0.00546881761431871,0.00948024474758279));
#9263=CARTESIAN_POINT('',(0.1505,-0.00566562946140173,0.0095386468908853));
#9264=CARTESIAN_POINT('',(0.1545,-0.00566562946140173,0.0095386468908853));
#9265=CARTESIAN_POINT('',(0.1505,-0.00594244886896275,0.0095386468908853));
#9266=CARTESIAN_POINT('',(0.1545,-0.00594244886896275,0.0095386468908853));
#9267=CARTESIAN_POINT('',(0.1505,-0.00535201332771369,0.00936344046097777));
#9268=CARTESIAN_POINT('',(0.1505,-0.00552721975762122,0.0095386468908853));
#9269=CARTESIAN_POINT('',(0.1505,-0.00594244886896275,0.0095386468908853));
#9270=CARTESIAN_POINT('',(0.1505,-0.00594244886896275,0.0095386468908853));
#9271=CARTESIAN_POINT('',(0.1505,-0.00594244886896275,0.0095386468908853));
#9272=CARTESIAN_POINT('',(0.1505,-0.00622804547725132,0.0095386468908853));
#9273=CARTESIAN_POINT('',(0.1505,-0.00622804547725132,0.0095386468908853));
#9274=CARTESIAN_POINT('',(0.1505,-0.00651364208553989,0.0095386468908853));
#9275=CARTESIAN_POINT('',(0.1505,-0.00651364208553989,0.0095386468908853));
#9276=CARTESIAN_POINT('',(0.1505,-0.00651364208553989,0.0095386468908853));
#9277=CARTESIAN_POINT('',(0.1545,-0.00651364208553989,0.0095386468908853));
#9278=CARTESIAN_POINT('',(0.1505,-0.00710914139643946,0.0095386468908853));
#9279=CARTESIAN_POINT('',(0.1545,-0.00710914139643946,0.0095386468908853));
#9280=CARTESIAN_POINT('',(0.1505,-0.00740689105188924,0.00921051461753248));
#9281=CARTESIAN_POINT('',(0.1545,-0.00740689105188924,0.00921051461753248));
#9282=CARTESIAN_POINT('',(0.1505,-0.00740689105188924,0.00855425007082684));
#9283=CARTESIAN_POINT('',(0.1545,-0.00740689105188924,0.00855425007082684));
#9284=CARTESIAN_POINT('',(0.1505,-0.00651364208553989,0.0095386468908853));
#9285=CARTESIAN_POINT('',(0.1505,-0.00740689105188924,0.0095386468908853));
#9286=CARTESIAN_POINT('',(0.1505,-0.00740689105188924,0.00855425007082684));
#9287=CARTESIAN_POINT('',(0.1505,-0.00740689105188924,0.00855425007082684));
#9288=CARTESIAN_POINT('',(0.1505,-0.00740689105188924,0.00855425007082684));
#9289=CARTESIAN_POINT('',(0.1505,-0.00740689105188924,0.00765897559661729));
#9290=CARTESIAN_POINT('',(0.1505,-0.00740689105188924,0.00765897559661729));
#9291=CARTESIAN_POINT('',(0.1505,-0.00740689105188924,0.00676370112240774));
#9292=CARTESIAN_POINT('',(0.1505,-0.00740689105188924,0.00676370112240774));
#9293=CARTESIAN_POINT('',(0.1505,-0.00740689105188924,0.00676370112240774));
#9294=CARTESIAN_POINT('',(0.1545,-0.00740689105188924,0.00676370112240774));
#9295=CARTESIAN_POINT('',(0.1505,-0.00740689105188924,0.00610743657570209));
#9296=CARTESIAN_POINT('',(0.1545,-0.00740689105188924,0.00610743657570209));
#9297=CARTESIAN_POINT('',(0.1505,-0.00710914139643946,0.00577930430234927));
#9298=CARTESIAN_POINT('',(0.1545,-0.00710914139643946,0.00577930430234927));
#9299=CARTESIAN_POINT('',(0.1505,-0.00651364208553989,0.00577930430234927));
#9300=CARTESIAN_POINT('',(0.1545,-0.00651364208553989,0.00577930430234927));
#9301=CARTESIAN_POINT('',(0.1505,-0.00740689105188924,0.00676370112240774));
#9302=CARTESIAN_POINT('',(0.1505,-0.00740689105188924,0.00577930430234927));
#9303=CARTESIAN_POINT('',(0.1505,-0.00651364208553989,0.00577930430234927));
#9304=CARTESIAN_POINT('',(0.1505,-0.00651364208553989,0.00577930430234927));
#9305=CARTESIAN_POINT('',(0.1505,-0.00651364208553989,0.00577930430234927));
#9306=CARTESIAN_POINT('',(0.1505,-0.00622804547725132,0.00577930430234927));
#9307=CARTESIAN_POINT('',(0.1505,-0.00622804547725132,0.00577930430234927));
#9308=CARTESIAN_POINT('',(0.1505,-0.0592457137180544,0.00577930430234927));
#9309=CARTESIAN_POINT('',(0.1545,-0.0592457137180544,0.00577930430234927));
#9310=CARTESIAN_POINT('',(0.1505,-0.0589688943104934,0.00577930430234927));
#9311=CARTESIAN_POINT('',(0.1545,-0.0589688943104934,0.00577930430234927));
#9312=CARTESIAN_POINT('',(0.1505,-0.0587720824634104,0.00583770644565178));
#9313=CARTESIAN_POINT('',(0.1545,-0.0587720824634104,0.00583770644565178));
#9314=CARTESIAN_POINT('',(0.1505,-0.0586552781768054,0.0059545107322568));
#9315=CARTESIAN_POINT('',(0.1545,-0.0586552781768054,0.0059545107322568));
#9316=CARTESIAN_POINT('',(0.1505,-0.0592457137180544,0.00577930430234927));
#9317=CARTESIAN_POINT('',(0.1505,-0.0592457137180544,0.00577930430234927));
#9318=CARTESIAN_POINT('',(0.1505,-0.0592457137180544,0.00577930430234927));
#9319=CARTESIAN_POINT('',(0.1505,-0.0588304846067129,0.00577930430234927));
#9320=CARTESIAN_POINT('',(0.1505,-0.0586552781768054,0.0059545107322568));
#9321=CARTESIAN_POINT('',(0.1505,-0.0586552781768054,0.0059545107322568));
#9322=CARTESIAN_POINT('',(0.1505,-0.0586552781768054,0.0059545107322568));
#9323=CARTESIAN_POINT('',(0.1505,-0.0586552781768054,0.0059545107322568));
#9324=CARTESIAN_POINT('',(0.1545,-0.0586552781768054,0.0059545107322568));
#9325=CARTESIAN_POINT('',(0.1505,-0.0585384738902003,0.00607131501886181));
#9326=CARTESIAN_POINT('',(0.1545,-0.0585384738902003,0.00607131501886181));
#9327=CARTESIAN_POINT('',(0.1505,-0.0584800717468978,0.00626812686594483));
#9328=CARTESIAN_POINT('',(0.1545,-0.0584800717468978,0.00626812686594483));
#9329=CARTESIAN_POINT('',(0.1505,-0.0584800717468978,0.00654494627350586));
#9330=CARTESIAN_POINT('',(0.1545,-0.0584800717468978,0.00654494627350586));
#9331=CARTESIAN_POINT('',(0.1505,-0.0586552781768054,0.0059545107322568));
#9332=CARTESIAN_POINT('',(0.1505,-0.0584800717468978,0.00612971716216432));
#9333=CARTESIAN_POINT('',(0.1505,-0.0584800717468978,0.00654494627350586));
#9334=CARTESIAN_POINT('',(0.1505,-0.0584800717468978,0.00654494627350586));
#9335=CARTESIAN_POINT('',(0.1505,-0.0584800717468978,0.00654494627350586));
#9336=CARTESIAN_POINT('',(0.1505,-0.0584800717468978,0.0076721413977086));
#9337=CARTESIAN_POINT('',(0.1505,-0.0584800717468978,0.0076721413977086));
#9338=CARTESIAN_POINT('',(0.1505,-0.0584800717468978,0.00879933652191135));
#9339=CARTESIAN_POINT('',(0.1505,-0.0584800717468978,0.00879933652191135));
#9340=CARTESIAN_POINT('',(0.1505,-0.0584800717468978,0.00879933652191135));
#9341=CARTESIAN_POINT('',(0.1545,-0.0584800717468978,0.00879933652191135));
#9342=CARTESIAN_POINT('',(0.1505,-0.0584800717468978,0.00907615592947237));
#9343=CARTESIAN_POINT('',(0.1545,-0.0584800717468978,0.00907615592947237));
#9344=CARTESIAN_POINT('',(0.1505,-0.0585384738902003,0.00927296777655539));
#9345=CARTESIAN_POINT('',(0.1545,-0.0585384738902003,0.00927296777655539));
#9346=CARTESIAN_POINT('',(0.1505,-0.0586552781768054,0.00938977206316041));
#9347=CARTESIAN_POINT('',(0.1545,-0.0586552781768054,0.00938977206316041));
#9348=CARTESIAN_POINT('',(0.1505,-0.0584800717468978,0.00879933652191135));
#9349=CARTESIAN_POINT('',(0.1505,-0.0584800717468978,0.00921456563325289));
#9350=CARTESIAN_POINT('',(0.1505,-0.0586552781768054,0.00938977206316041));
#9351=CARTESIAN_POINT('',(0.1505,-0.0586552781768054,0.00938977206316041));
#9352=CARTESIAN_POINT('',(0.1505,-0.0586552781768054,0.00938977206316041));
#9353=CARTESIAN_POINT('',(0.1505,-0.0586552781768054,0.00938977206316041));
#9354=CARTESIAN_POINT('',(0.1545,-0.0586552781768054,0.00938977206316041));
#9355=CARTESIAN_POINT('',(0.1505,-0.0587720824634104,0.00950657634976542));
#9356=CARTESIAN_POINT('',(0.1545,-0.0587720824634104,0.00950657634976542));
#9357=CARTESIAN_POINT('',(0.1505,-0.0589688943104934,0.00956497849306793));
#9358=CARTESIAN_POINT('',(0.1545,-0.0589688943104934,0.00956497849306793));
#9359=CARTESIAN_POINT('',(0.1505,-0.0592457137180544,0.00956497849306793));
#9360=CARTESIAN_POINT('',(0.1545,-0.0592457137180544,0.00956497849306793));
#9361=CARTESIAN_POINT('',(0.1505,-0.0586552781768054,0.00938977206316041));
#9362=CARTESIAN_POINT('',(0.1505,-0.0588304846067129,0.00956497849306793));
#9363=CARTESIAN_POINT('',(0.1505,-0.0592457137180544,0.00956497849306793));
#9364=CARTESIAN_POINT('',(0.1505,-0.0592457137180544,0.00956497849306793));
#9365=CARTESIAN_POINT('',(0.1505,-0.0592457137180544,0.00956497849306793));
#9366=CARTESIAN_POINT('',(0.1505,-0.059531310326343,0.00956497849306793));
#9367=CARTESIAN_POINT('',(0.1505,-0.059531310326343,0.00956497849306793));
#9368=CARTESIAN_POINT('',(0.1505,-0.0598169069346315,0.00956497849306793));
#9369=CARTESIAN_POINT('',(0.1505,-0.0598169069346315,0.00956497849306793));
#9370=CARTESIAN_POINT('',(0.1505,-0.0598169069346315,0.00956497849306793));
#9371=CARTESIAN_POINT('',(0.1545,-0.0598169069346315,0.00956497849306793));
#9372=CARTESIAN_POINT('',(0.1505,-0.0604124062455311,0.00956497849306793));
#9373=CARTESIAN_POINT('',(0.1545,-0.0604124062455311,0.00956497849306793));
#9374=CARTESIAN_POINT('',(0.1505,-0.0607101559009809,0.00923617105042838));
#9375=CARTESIAN_POINT('',(0.1545,-0.0607101559009809,0.00923617105042838));
#9376=CARTESIAN_POINT('',(0.1505,-0.0607101559009809,0.00857855616514927));
#9377=CARTESIAN_POINT('',(0.1545,-0.0607101559009809,0.00857855616514927));
#9378=CARTESIAN_POINT('',(0.1505,-0.0598169069346315,0.00956497849306793));
#9379=CARTESIAN_POINT('',(0.1505,-0.0607101559009809,0.00956497849306793));
#9380=CARTESIAN_POINT('',(0.1505,-0.0607101559009809,0.00857855616514927));
#9381=CARTESIAN_POINT('',(0.1505,-0.0607101559009809,0.00857855616514927));
#9382=CARTESIAN_POINT('',(0.1505,-0.0607101559009809,0.00857855616514927));
#9383=CARTESIAN_POINT('',(0.1505,-0.0607101559009809,0.00724982300885636));
#9384=CARTESIAN_POINT('',(0.1505,-0.0607101559009809,0.00724982300885636));
#9385=CARTESIAN_POINT('',(0.1505,-0.0607101559009809,0.00592108985256346));
#9386=CARTESIAN_POINT('',(0.1505,-0.0607101559009809,0.00592108985256346));
#9387=CARTESIAN_POINT('',(0.1505,-0.0607101559009809,0.00592108985256346));
#9388=CARTESIAN_POINT('',(0.1545,-0.0607101559009809,0.00592108985256346));
#9389=CARTESIAN_POINT('',(0.1505,-0.0607101559009809,0.00582656615242067));
#9390=CARTESIAN_POINT('',(0.1545,-0.0607101559009809,0.00582656615242067));
#9391=CARTESIAN_POINT('',(0.1505,-0.0606628940509095,0.00577930430234927));
#9392=CARTESIAN_POINT('',(0.1545,-0.0606628940509095,0.00577930430234927));
#9393=CARTESIAN_POINT('',(0.1505,-0.0605683703507667,0.00577930430234927));
#9394=CARTESIAN_POINT('',(0.1545,-0.0605683703507667,0.00577930430234927));
#9395=CARTESIAN_POINT('',(0.1505,-0.0607101559009809,0.00592108985256346));
#9396=CARTESIAN_POINT('',(0.1505,-0.0607101559009809,0.00577930430234927));
#9397=CARTESIAN_POINT('',(0.1505,-0.0605683703507667,0.00577930430234927));
#9398=CARTESIAN_POINT('',(0.1505,-0.0605683703507667,0.00577930430234927));
#9399=CARTESIAN_POINT('',(0.1505,-0.0605683703507667,0.00577930430234927));
#9400=CARTESIAN_POINT('',(0.1505,-0.0599070420344106,0.00577930430234927));
#9401=CARTESIAN_POINT('',(0.1505,-0.0599070420344106,0.00577930430234927));
#9402=CARTESIAN_POINT('',(0.1505,-0.0195538616895242,0.00576715125518806));
#9403=CARTESIAN_POINT('',(0.1545,-0.0195538616895242,0.00576715125518806));
#9404=CARTESIAN_POINT('',(0.1505,-0.0192770422819632,0.00576715125518806));
#9405=CARTESIAN_POINT('',(0.1545,-0.0192770422819632,0.00576715125518806));
#9406=CARTESIAN_POINT('',(0.1505,-0.0190802304348802,0.005823190305987));
#9407=CARTESIAN_POINT('',(0.1545,-0.0190802304348802,0.005823190305987));
#9408=CARTESIAN_POINT('',(0.1505,-0.0189634261482752,0.00593526840758487));
#9409=CARTESIAN_POINT('',(0.1545,-0.0189634261482752,0.00593526840758487));
#9410=CARTESIAN_POINT('',(0.1505,-0.0195538616895242,0.00576715125518806));
#9411=CARTESIAN_POINT('',(0.1505,-0.0195538616895242,0.00576715125518806));
#9412=CARTESIAN_POINT('',(0.1505,-0.0195538616895242,0.00576715125518806));
#9413=CARTESIAN_POINT('',(0.1505,-0.0191386325781827,0.00576715125518806));
#9414=CARTESIAN_POINT('',(0.1505,-0.0189634261482752,0.00593526840758487));
#9415=CARTESIAN_POINT('',(0.1505,-0.0189634261482752,0.00593526840758487));
#9416=CARTESIAN_POINT('',(0.1505,-0.0189634261482752,0.00593526840758487));
#9417=CARTESIAN_POINT('',(0.1505,-0.0189634261482752,0.00593526840758487));
#9418=CARTESIAN_POINT('',(0.1545,-0.0189634261482752,0.00593526840758487));
#9419=CARTESIAN_POINT('',(0.1505,-0.0188466218616702,0.00604734650918275));
#9420=CARTESIAN_POINT('',(0.1545,-0.0188466218616702,0.00604734650918275));
#9421=CARTESIAN_POINT('',(0.1505,-0.0187882197183677,0.0062417952637622));
#9422=CARTESIAN_POINT('',(0.1545,-0.0187882197183677,0.0062417952637622));
#9423=CARTESIAN_POINT('',(0.1505,-0.0187882197183677,0.00651861467132322));
#9424=CARTESIAN_POINT('',(0.1545,-0.0187882197183677,0.00651861467132322));
#9425=CARTESIAN_POINT('',(0.1505,-0.0189634261482752,0.00593526840758487));
#9426=CARTESIAN_POINT('',(0.1505,-0.0187882197183677,0.00610338555998169));
#9427=CARTESIAN_POINT('',(0.1505,-0.0187882197183677,0.00651861467132322));
#9428=CARTESIAN_POINT('',(0.1505,-0.0187882197183677,0.00651861467132322));
#9429=CARTESIAN_POINT('',(0.1505,-0.0187882197183677,0.00651861467132322));
#9430=CARTESIAN_POINT('',(0.1505,-0.0187882197183677,0.00765897559661729));
#9431=CARTESIAN_POINT('',(0.1505,-0.0187882197183677,0.00765897559661729));
#9432=CARTESIAN_POINT('',(0.1505,-0.0187882197183677,0.00879933652191135));
#9433=CARTESIAN_POINT('',(0.1505,-0.0187882197183677,0.00879933652191135));
#9434=CARTESIAN_POINT('',(0.1505,-0.0187882197183677,0.00879933652191135));
#9435=CARTESIAN_POINT('',(0.1545,-0.0187882197183677,0.00879933652191135));
#9436=CARTESIAN_POINT('',(0.1505,-0.0187882197183677,0.00907615592947237));
#9437=CARTESIAN_POINT('',(0.1545,-0.0187882197183677,0.00907615592947237));
#9438=CARTESIAN_POINT('',(0.1505,-0.0188466218616702,0.00927060468405183));
#9439=CARTESIAN_POINT('',(0.1545,-0.0188466218616702,0.00927060468405183));
#9440=CARTESIAN_POINT('',(0.1505,-0.0189634261482752,0.0093826827856497));
#9441=CARTESIAN_POINT('',(0.1545,-0.0189634261482752,0.0093826827856497));
#9442=CARTESIAN_POINT('',(0.1505,-0.0187882197183677,0.00879933652191135));
#9443=CARTESIAN_POINT('',(0.1505,-0.0187882197183677,0.00921456563325289));
#9444=CARTESIAN_POINT('',(0.1505,-0.0189634261482752,0.0093826827856497));
#9445=CARTESIAN_POINT('',(0.1505,-0.0189634261482752,0.0093826827856497));
#9446=CARTESIAN_POINT('',(0.1505,-0.0189634261482752,0.0093826827856497));
#9447=CARTESIAN_POINT('',(0.1505,-0.0189634261482752,0.0093826827856497));
#9448=CARTESIAN_POINT('',(0.1545,-0.0189634261482752,0.0093826827856497));
#9449=CARTESIAN_POINT('',(0.1505,-0.0190802304348802,0.00949476088724758));
#9450=CARTESIAN_POINT('',(0.1545,-0.0190802304348802,0.00949476088724758));
#9451=CARTESIAN_POINT('',(0.1505,-0.0192770422819632,0.00955079993804652));
#9452=CARTESIAN_POINT('',(0.1545,-0.0192770422819632,0.00955079993804652));
#9453=CARTESIAN_POINT('',(0.1505,-0.0195538616895242,0.00955079993804652));
#9454=CARTESIAN_POINT('',(0.1545,-0.0195538616895242,0.00955079993804652));
#9455=CARTESIAN_POINT('',(0.1505,-0.0189634261482752,0.0093826827856497));
#9456=CARTESIAN_POINT('',(0.1505,-0.0191386325781827,0.00955079993804652));
#9457=CARTESIAN_POINT('',(0.1505,-0.0195538616895242,0.00955079993804652));
#9458=CARTESIAN_POINT('',(0.1505,-0.0195538616895242,0.00955079993804652));
#9459=CARTESIAN_POINT('',(0.1505,-0.0195538616895242,0.00955079993804652));
#9460=CARTESIAN_POINT('',(0.1505,-0.0198840194707373,0.00955079993804652));
#9461=CARTESIAN_POINT('',(0.1505,-0.0198840194707373,0.00955079993804652));
#9462=CARTESIAN_POINT('',(0.1505,-0.0202141772519503,0.00955079993804652));
#9463=CARTESIAN_POINT('',(0.1505,-0.0202141772519503,0.00955079993804652));
#9464=CARTESIAN_POINT('',(0.1505,-0.0202141772519503,0.00955079993804652));
#9465=CARTESIAN_POINT('',(0.1545,-0.0202141772519503,0.00955079993804652));
#9466=CARTESIAN_POINT('',(0.1505,-0.0204909966595113,0.00955079993804652));
#9467=CARTESIAN_POINT('',(0.1545,-0.0204909966595113,0.00955079993804652));
#9468=CARTESIAN_POINT('',(0.1505,-0.0206857829987341,0.00949476088724758));
#9469=CARTESIAN_POINT('',(0.1545,-0.0206857829987341,0.00949476088724758));
#9470=CARTESIAN_POINT('',(0.1505,-0.0207985362696188,0.0093826827856497));
#9471=CARTESIAN_POINT('',(0.1545,-0.0207985362696188,0.0093826827856497));
#9472=CARTESIAN_POINT('',(0.1505,-0.0202141772519503,0.00955079993804652));
#9473=CARTESIAN_POINT('',(0.1505,-0.0206294063632918,0.00955079993804652));
#9474=CARTESIAN_POINT('',(0.1505,-0.0207985362696188,0.0093826827856497));
#9475=CARTESIAN_POINT('',(0.1505,-0.0207985362696188,0.0093826827856497));
#9476=CARTESIAN_POINT('',(0.1505,-0.0207985362696188,0.0093826827856497));
#9477=CARTESIAN_POINT('',(0.1505,-0.0207985362696188,0.0093826827856497));
#9478=CARTESIAN_POINT('',(0.1545,-0.0207985362696188,0.0093826827856497));
#9479=CARTESIAN_POINT('',(0.1505,-0.0209112895405033,0.00927060468405183));
#9480=CARTESIAN_POINT('',(0.1545,-0.0209112895405033,0.00927060468405183));
#9481=CARTESIAN_POINT('',(0.1505,-0.0209676661759457,0.00907615592947237));
#9482=CARTESIAN_POINT('',(0.1545,-0.0209676661759457,0.00907615592947237));
#9483=CARTESIAN_POINT('',(0.1505,-0.0209676661759456,0.00879933652191135));
#9484=CARTESIAN_POINT('',(0.1545,-0.0209676661759456,0.00879933652191135));
#9485=CARTESIAN_POINT('',(0.1505,-0.0207985362696188,0.0093826827856497));
#9486=CARTESIAN_POINT('',(0.1505,-0.0209676661759456,0.00921456563325289));
#9487=CARTESIAN_POINT('',(0.1505,-0.0209676661759456,0.00879933652191135));
#9488=CARTESIAN_POINT('',(0.1505,-0.0209676661759456,0.00879933652191135));
#9489=CARTESIAN_POINT('',(0.1505,-0.0209676661759456,0.00879933652191135));
#9490=CARTESIAN_POINT('',(0.1505,-0.0209676661759456,0.00765897559661729));
#9491=CARTESIAN_POINT('',(0.1505,-0.0209676661759456,0.00765897559661729));
#9492=CARTESIAN_POINT('',(0.1505,-0.0209676661759456,0.00651861467132322));
#9493=CARTESIAN_POINT('',(0.1505,-0.0209676661759456,0.00651861467132322));
#9494=CARTESIAN_POINT('',(0.1505,-0.0209676661759456,0.00651861467132322));
#9495=CARTESIAN_POINT('',(0.1545,-0.0209676661759456,0.00651861467132322));
#9496=CARTESIAN_POINT('',(0.1505,-0.0209676661759457,0.0062417952637622));
#9497=CARTESIAN_POINT('',(0.1545,-0.0209676661759457,0.0062417952637622));
#9498=CARTESIAN_POINT('',(0.1505,-0.0209112895405033,0.00604734650918275));
#9499=CARTESIAN_POINT('',(0.1545,-0.0209112895405033,0.00604734650918275));
#9500=CARTESIAN_POINT('',(0.1505,-0.0207985362696188,0.00593526840758487));
#9501=CARTESIAN_POINT('',(0.1545,-0.0207985362696188,0.00593526840758487));
#9502=CARTESIAN_POINT('',(0.1505,-0.0209676661759456,0.00651861467132322));
#9503=CARTESIAN_POINT('',(0.1505,-0.0209676661759456,0.00610338555998169));
#9504=CARTESIAN_POINT('',(0.1505,-0.0207985362696188,0.00593526840758487));
#9505=CARTESIAN_POINT('',(0.1505,-0.0207985362696188,0.00593526840758487));
#9506=CARTESIAN_POINT('',(0.1505,-0.0207985362696188,0.00593526840758487));
#9507=CARTESIAN_POINT('',(0.1505,-0.0207985362696188,0.00593526840758487));
#9508=CARTESIAN_POINT('',(0.1545,-0.0207985362696188,0.00593526840758487));
#9509=CARTESIAN_POINT('',(0.1505,-0.0206857829987341,0.005823190305987));
#9510=CARTESIAN_POINT('',(0.1545,-0.0206857829987341,0.005823190305987));
#9511=CARTESIAN_POINT('',(0.1505,-0.0204909966595113,0.00576715125518806));
#9512=CARTESIAN_POINT('',(0.1545,-0.0204909966595113,0.00576715125518806));
#9513=CARTESIAN_POINT('',(0.1505,-0.0202141772519503,0.00576715125518806));
#9514=CARTESIAN_POINT('',(0.1545,-0.0202141772519503,0.00576715125518806));
#9515=CARTESIAN_POINT('',(0.1505,-0.0207985362696188,0.00593526840758487));
#9516=CARTESIAN_POINT('',(0.1505,-0.0206294063632918,0.00576715125518806));
#9517=CARTESIAN_POINT('',(0.1505,-0.0202141772519503,0.00576715125518806));
#9518=CARTESIAN_POINT('',(0.1505,-0.0202141772519503,0.00576715125518806));
#9519=CARTESIAN_POINT('',(0.1505,-0.0202141772519503,0.00576715125518806));
#9520=CARTESIAN_POINT('',(0.1505,-0.0198840194707373,0.00576715125518806));
#9521=CARTESIAN_POINT('',(0.1505,-0.0198840194707373,0.00576715125518806));
#9522=CARTESIAN_POINT('',(0.1505,-1.38777878078145E-17,0.009));
#9523=CARTESIAN_POINT('',(0.1505,-0.0150491322084337,0.00259115493039038));
#9524=CARTESIAN_POINT('',(0.1505,-0.0144981940704585,0.00259115493039038));
#9525=CARTESIAN_POINT('',(0.1505,-0.0156000703464087,0.00259115493039038));
#9526=CARTESIAN_POINT('',(0.1505,-0.0142247505093312,0.00285041993649631));
#9527=CARTESIAN_POINT('',(0.1505,-0.0142247505093312,0.00259115493039038));
#9528=CARTESIAN_POINT('',(0.1505,-0.0144981940704585,0.00259115493039038));
#9529=CARTESIAN_POINT('',(0.1505,-0.0142247505093312,0.00285041993649631));
#9530=CARTESIAN_POINT('',(0.1505,-0.0142247505093312,0.00395229621244652));
#9531=CARTESIAN_POINT('',(0.1505,-0.0142247505093312,0.00505417248839674));
#9532=CARTESIAN_POINT('',(0.1505,-0.0141994316610787,0.00505417248839674));
#9533=CARTESIAN_POINT('',(0.1505,-0.0141741128128261,0.00505417248839674));
#9534=CARTESIAN_POINT('',(0.1505,-0.0136677358477755,0.00452855319867417));
#9535=CARTESIAN_POINT('',(0.1505,-0.0140303017547517,0.00470375962858169));
#9536=CARTESIAN_POINT('',(0.1505,-0.0141741128128261,0.00505417248839674));
#9537=CARTESIAN_POINT('',(0.1505,-0.0136677358477755,0.00452855319867417));
#9538=CARTESIAN_POINT('',(0.1505,-0.0129076383334402,0.00608978094100972));
#9539=CARTESIAN_POINT('',(0.15050000025,-0.0129020940400826,0.0043533979629411));
#9540=CARTESIAN_POINT('',(0.1505,-0.0126367523469323,0.00435334676876664));
#9541=CARTESIAN_POINT('',(0.1505,-0.0123714108172458,0.00435334676876664));
#9542=CARTESIAN_POINT('',(0.1505,-0.0108613947074648,0.00489820838316114));
#9543=CARTESIAN_POINT('',(0.1505,-0.0113728354421659,0.00435334676876664));
#9544=CARTESIAN_POINT('',(0.1505,-0.0123714108172458,0.00435334676876664));
#9545=CARTESIAN_POINT('',(0.1505,-0.0108613947074648,0.00489820838316114));
#9546=CARTESIAN_POINT('',(0.1505,-0.0103499539727636,0.00646595146695795));
#9547=CARTESIAN_POINT('',(0.1505,-0.0103499539727636,0.00544306999755564));
#9548=CARTESIAN_POINT('',(0.1505,-0.0108613947074648,0.00489820838316114));
#9549=CARTESIAN_POINT('',(0.1505,-0.0103499539727636,0.00646595146695795));
#9550=CARTESIAN_POINT('',(0.1505,-0.0103499539727636,0.00765897559661729));
#9551=CARTESIAN_POINT('',(0.1505,-0.0103499539727636,0.00885199972627662));
#9552=CARTESIAN_POINT('',(0.1505,-0.0108613947074648,0.0104197428100734));
#9553=CARTESIAN_POINT('',(0.1505,-0.0103499539727636,0.00987488119567893));
#9554=CARTESIAN_POINT('',(0.1505,-0.0103499539727636,0.00885199972627662));
#9555=CARTESIAN_POINT('',(0.1505,-0.0108613947074648,0.0104197428100734));
#9556=CARTESIAN_POINT('',(0.1505,-0.0123714108172458,0.0109646044244679));
#9557=CARTESIAN_POINT('',(0.1505,-0.0113728354421659,0.0109646044244679));
#9558=CARTESIAN_POINT('',(0.1505,-0.0108613947074648,0.0104197428100734));
#9559=CARTESIAN_POINT('',(0.1505,-0.0123714108172458,0.0109646044244679));
#9560=CARTESIAN_POINT('',(0.1505,-0.0126367523469323,0.0109646044244679));
#9561=CARTESIAN_POINT('',(0.1505,-0.0129020940400826,0.0109645532302935));
#9562=CARTESIAN_POINT('',(0.1505,-0.0129076383334402,0.00922817025222478));
#9563=CARTESIAN_POINT('',(0.1505,-0.0136677358477755,0.0107893979945604));
#9564=CARTESIAN_POINT('',(0.1505,-0.0141741128128261,0.0102637787048378));
#9565=CARTESIAN_POINT('',(0.1505,-0.0140303017547517,0.0106141915646529));
#9566=CARTESIAN_POINT('',(0.1505,-0.0136677358477755,0.0107893979945604));
#9567=CARTESIAN_POINT('',(0.1505,-0.0141741128128261,0.0102637787048378));
#9568=CARTESIAN_POINT('',(0.1505,-0.0141994316610787,0.0102637787048378));
#9569=CARTESIAN_POINT('',(0.1505,-0.0142247505093312,0.0102637787048378));
#9570=CARTESIAN_POINT('',(0.1505,-0.0142247505093312,0.0104784825380193));
#9571=CARTESIAN_POINT('',(0.1505,-0.0142247505093312,0.0106931863712008));
#9572=CARTESIAN_POINT('',(0.1505,-0.0144981940704585,0.0109646044244679));
#9573=CARTESIAN_POINT('',(0.1505,-0.0142247505093312,0.0109646044244679));
#9574=CARTESIAN_POINT('',(0.1505,-0.0142247505093312,0.0106931863712008));
#9575=CARTESIAN_POINT('',(0.1505,-0.0144981940704585,0.0109646044244679));
#9576=CARTESIAN_POINT('',(0.1505,-0.0150491322084337,0.0109646044244679));
#9577=CARTESIAN_POINT('',(0.1505,-0.0156000703464087,0.0109646044244679));
#9578=CARTESIAN_POINT('',(0.1505,-0.0158714883996759,0.0106931863712008));
#9579=CARTESIAN_POINT('',(0.1505,-0.0158714883996759,0.0109646044244679));
#9580=CARTESIAN_POINT('',(0.1505,-0.0156000703464087,0.0109646044244679));
#9581=CARTESIAN_POINT('',(0.1505,-0.0158714883996759,0.0106931863712008));
#9582=CARTESIAN_POINT('',(0.1505,-0.0158714883996759,0.00677180315384855));
#9583=CARTESIAN_POINT('',(0.1505,-0.0158714883996759,0.00285041993649631));
#9584=CARTESIAN_POINT('',(0.1505,-0.0156000703464087,0.00259115493039038));
#9585=CARTESIAN_POINT('',(0.1505,-0.0158714883996759,0.00259115493039038));
#9586=CARTESIAN_POINT('',(0.1505,-0.0158714883996759,0.00285041993649631));
#9587=CARTESIAN_POINT('',(0.1505,-1.38777878078145E-17,0.009));
#9588=CARTESIAN_POINT('',(0.1505,-0.0520976964793994,0.00435334676876664));
#9589=CARTESIAN_POINT('',(0.1505,-0.0506656624222362,0.00435334676876664));
#9590=CARTESIAN_POINT('',(0.1505,-0.0535297305365627,0.00435334676876664));
#9591=CARTESIAN_POINT('',(0.1505,-0.0504509585890547,0.00441208649671252));
#9592=CARTESIAN_POINT('',(0.1505,-0.0505096983170006,0.00435334676876664));
#9593=CARTESIAN_POINT('',(0.1505,-0.0506656624222362,0.00435334676876664));
#9594=CARTESIAN_POINT('',(0.1505,-0.0504509585890547,0.00441208649671252));
#9595=CARTESIAN_POINT('',(0.1505,-0.0503922188611088,0.00461261177487258));
#9596=CARTESIAN_POINT('',(0.1505,-0.0503922188611088,0.00447082622465839));
#9597=CARTESIAN_POINT('',(0.1505,-0.0504509585890547,0.00441208649671252));
#9598=CARTESIAN_POINT('',(0.1505,-0.0503922188611088,0.00461261177487258));
#9599=CARTESIAN_POINT('',(0.1505,-0.0503922188611088,0.00503999393337532));
#9600=CARTESIAN_POINT('',(0.1505,-0.0503922188611088,0.00546737609187807));
#9601=CARTESIAN_POINT('',(0.1505,-0.0506656624222362,0.00575297270016664));
#9602=CARTESIAN_POINT('',(0.1505,-0.0503922188611088,0.00575297270016664));
#9603=CARTESIAN_POINT('',(0.1505,-0.0503922188611088,0.00546737609187807));
#9604=CARTESIAN_POINT('',(0.1505,-0.0506656624222362,0.00575297270016664));
#9605=CARTESIAN_POINT('',(0.1505,-0.0519741404999271,0.00575297270016664));
#9606=CARTESIAN_POINT('',(0.1505,-0.0532826185776179,0.00575297270016664));
#9607=CARTESIAN_POINT('',(0.1505,-0.053873054118867,0.00592817913007416));
#9608=CARTESIAN_POINT('',(0.1505,-0.0536978476889595,0.00575297270016664));
#9609=CARTESIAN_POINT('',(0.1505,-0.0532826185776179,0.00575297270016664));
#9610=CARTESIAN_POINT('',(0.1505,-0.053873054118867,0.00592817913007416));
#9611=CARTESIAN_POINT('',(0.1505,-0.0540482605487745,0.0065044361163018));
#9612=CARTESIAN_POINT('',(0.1505,-0.0540482605487745,0.00610338555998169));
#9613=CARTESIAN_POINT('',(0.1505,-0.053873054118867,0.00592817913007416));
#9614=CARTESIAN_POINT('',(0.1505,-0.0540482605487745,0.0065044361163018));
#9615=CARTESIAN_POINT('',(0.1505,-0.0540482605487745,0.00664723442044609));
#9616=CARTESIAN_POINT('',(0.1505,-0.0540482605487745,0.00679003272459037));
#9617=CARTESIAN_POINT('',(0.1505,-0.0538922964435389,0.00693384378266476));
#9618=CARTESIAN_POINT('',(0.1505,-0.0540482605487745,0.00693384378266476));
#9619=CARTESIAN_POINT('',(0.1505,-0.0540482605487745,0.00679003272459037));
#9620=CARTESIAN_POINT('',(0.1505,-0.0538922964435389,0.00693384378266476));
#9621=CARTESIAN_POINT('',(0.1505,-0.0522658136317962,0.00693384378266476));
#9622=CARTESIAN_POINT('',(0.1505,-0.0506393308200536,0.00693384378266476));
#9623=CARTESIAN_POINT('',(0.1505,-0.0503658872589262,0.0072052618359319));
#9624=CARTESIAN_POINT('',(0.1505,-0.0503658872589262,0.00693384378266476));
#9625=CARTESIAN_POINT('',(0.1505,-0.0506393308200536,0.00693384378266476));
#9626=CARTESIAN_POINT('',(0.1505,-0.0503658872589262,0.0072052618359319));
#9627=CARTESIAN_POINT('',(0.1505,-0.0503658872589262,0.00802863078110426));
#9628=CARTESIAN_POINT('',(0.1505,-0.0503658872589262,0.00885199972627662));
#9629=CARTESIAN_POINT('',(0.1505,-0.050923914674412,0.0104197428100734));
#9630=CARTESIAN_POINT('',(0.1505,-0.0503658872589262,0.00987488119567893));
#9631=CARTESIAN_POINT('',(0.1505,-0.0503658872589262,0.00885199972627662));
#9632=CARTESIAN_POINT('',(0.1505,-0.050923914674412,0.0104197428100734));
#9633=CARTESIAN_POINT('',(0.1505,-0.0525048235593002,0.0109646044244679));
#9634=CARTESIAN_POINT('',(0.1505,-0.0514819420898978,0.0109646044244679));
#9635=CARTESIAN_POINT('',(0.1505,-0.050923914674412,0.0104197428100734));
#9636=CARTESIAN_POINT('',(0.1505,-0.0525048235593002,0.0109646044244679));
#9637=CARTESIAN_POINT('',(0.1505,-0.0530172770479314,0.0109646044244679));
#9638=CARTESIAN_POINT('',(0.1505,-0.0535297305365627,0.0109646044244679));
#9639=CARTESIAN_POINT('',(0.1505,-0.0551116521753809,0.0104197428100734));
#9640=CARTESIAN_POINT('',(0.1505,-0.0545546375138252,0.0109646044244679));
#9641=CARTESIAN_POINT('',(0.1505,-0.0535297305365627,0.0109646044244679));
#9642=CARTESIAN_POINT('',(0.1505,-0.0551116521753809,0.0104197428100734));
#9643=CARTESIAN_POINT('',(0.1505,-0.0556686668369366,0.00885199972627662));
#9644=CARTESIAN_POINT('',(0.1505,-0.0556686668369366,0.00987488119567893));
#9645=CARTESIAN_POINT('',(0.1505,-0.0551116521753809,0.0104197428100734));
#9646=CARTESIAN_POINT('',(0.1505,-0.0556686668369366,0.00885199972627662));
#9647=CARTESIAN_POINT('',(0.1505,-0.0556686668369366,0.00765897559661729));
#9648=CARTESIAN_POINT('',(0.1505,-0.0556686668369366,0.00646595146695795));
#9649=CARTESIAN_POINT('',(0.1505,-0.0551116521753809,0.00489820838316114));
#9650=CARTESIAN_POINT('',(0.1505,-0.0556686668369366,0.00544306999755564));
#9651=CARTESIAN_POINT('',(0.1505,-0.0556686668369366,0.00646595146695795));
#9652=CARTESIAN_POINT('',(0.1505,-0.0551116521753809,0.00489820838316114));
#9653=CARTESIAN_POINT('',(0.1505,-0.0535297305365627,0.00435334676876664));
#9654=CARTESIAN_POINT('',(0.1505,-0.0545546375138252,0.00435334676876664));
#9655=CARTESIAN_POINT('',(0.1505,-0.0551116521753809,0.00489820838316114));
#9656=CARTESIAN_POINT('',(0.1505,-1.38777878078145E-17,0.009));
#9657=CARTESIAN_POINT('',(0.1505,-7.05015822354133E-5,0.00435334676876664));
#9658=CARTESIAN_POINT('',(0.1505,8.54626013633962E-5,0.00435337791235105));
#9659=CARTESIAN_POINT('',(0.1505,-0.000226465687471019,0.00435334676876664));
#9660=CARTESIAN_POINT('',(0.1505,8.98206687025275E-5,0.00608538774188079));
#9661=CARTESIAN_POINT('',(0.1505,0.000849078986296561,0.00452855319867417));
#9662=CARTESIAN_POINT('',(0.1505,0.00135545595134721,0.00505417248839674));
#9663=CARTESIAN_POINT('',(0.1505,0.00121164489327283,0.00470375962858169));
#9664=CARTESIAN_POINT('',(0.1505,0.000849078986296561,0.00452855319867417));
#9665=CARTESIAN_POINT('',(0.1505,0.00135545595134721,0.00505417248839674));
#9666=CARTESIAN_POINT('',(0.1505,0.00138077479959975,0.00505417248839674));
#9667=CARTESIAN_POINT('',(0.1505,0.00140609364785228,0.00505417248839674));
#9668=CARTESIAN_POINT('',(0.1505,0.00140609364785228,0.00483946865521527));
#9669=CARTESIAN_POINT('',(0.1505,0.00140609364785228,0.00462476482203379));
#9670=CARTESIAN_POINT('',(0.1505,0.00167953720897964,0.00435334676876664));
#9671=CARTESIAN_POINT('',(0.1505,0.00140609364785228,0.00435334676876664));
#9672=CARTESIAN_POINT('',(0.1505,0.00140609364785228,0.00462476482203379));
#9673=CARTESIAN_POINT('',(0.1505,0.00167953720897964,0.00435334676876664));
#9674=CARTESIAN_POINT('',(0.1505,0.00222338606944404,0.00435334676876664));
#9675=CARTESIAN_POINT('',(0.1505,0.00276723492990844,0.00435334676876664));
#9676=CARTESIAN_POINT('',(0.1505,0.00305283153819699,0.00462476482203379));
#9677=CARTESIAN_POINT('',(0.1505,0.00305283153819699,0.00435334676876664));
#9678=CARTESIAN_POINT('',(0.1505,0.00276723492990844,0.00435334676876664));
#9679=CARTESIAN_POINT('',(0.1505,0.00305283153819699,0.00462476482203379));
#9680=CARTESIAN_POINT('',(0.1505,0.00305283153819699,0.00765897559661729));
#9681=CARTESIAN_POINT('',(0.1505,0.00305283153819699,0.0106931863712008));
#9682=CARTESIAN_POINT('',(0.1505,0.00276723492990844,0.0109646044244679));
#9683=CARTESIAN_POINT('',(0.1505,0.00305283153819699,0.0109646044244679));
#9684=CARTESIAN_POINT('',(0.1505,0.00305283153819699,0.0106931863712008));
#9685=CARTESIAN_POINT('',(0.1505,0.00276723492990844,0.0109646044244679));
#9686=CARTESIAN_POINT('',(0.1505,0.00127038462121871,0.0109646044244679));
#9687=CARTESIAN_POINT('',(0.1505,-0.000226465687471019,0.0109646044244679));
#9688=CARTESIAN_POINT('',(0.1505,-0.00180838732628925,0.0104197428100734));
#9689=CARTESIAN_POINT('',(0.1505,-0.00125137266473353,0.0109646044244679));
#9690=CARTESIAN_POINT('',(0.1505,-0.000226465687471019,0.0109646044244679));
#9691=CARTESIAN_POINT('',(0.1505,-0.00180838732628925,0.0104197428100734));
#9692=CARTESIAN_POINT('',(0.1505,-0.00236540198784496,0.00885199972627662));
#9693=CARTESIAN_POINT('',(0.1505,-0.00236540198784496,0.00987488119567893));
#9694=CARTESIAN_POINT('',(0.1505,-0.00180838732628925,0.0104197428100734));
#9695=CARTESIAN_POINT('',(0.1505,-0.00236540198784496,0.00885199972627662));
#9696=CARTESIAN_POINT('',(0.1505,-0.00236540198784496,0.00765897559661729));
#9697=CARTESIAN_POINT('',(0.1505,-0.00236540198784496,0.00646595146695795));
#9698=CARTESIAN_POINT('',(0.1505,-0.00180838732628925,0.00489820838316114));
#9699=CARTESIAN_POINT('',(0.1505,-0.00236540198784496,0.00544306999755564));
#9700=CARTESIAN_POINT('',(0.1505,-0.00236540198784496,0.00646595146695795));
#9701=CARTESIAN_POINT('',(0.1505,-0.00180838732628925,0.00489820838316114));
#9702=CARTESIAN_POINT('',(0.1505,-0.000226465687471019,0.00435334676876664));
#9703=CARTESIAN_POINT('',(0.1505,-0.00125137266473353,0.00435334676876664));
#9704=CARTESIAN_POINT('',(0.1505,-0.00180838732628925,0.00489820838316114));
#9705=CARTESIAN_POINT('',(0.1505,-1.38777878078145E-17,0.009));
#9706=CARTESIAN_POINT('',(0.1505,-0.0441111189866206,0.00435334676876664));
#9707=CARTESIAN_POINT('',(0.1505,-0.0438964150750759,0.00435337791235105));
#9708=CARTESIAN_POINT('',(0.1505,-0.044325822819802,0.00435334676876664));
#9709=CARTESIAN_POINT('',(0.1505,-0.0438920570077368,0.00608538774188104));
#9710=CARTESIAN_POINT('',(0.1505,-0.0431327986901427,0.00452855319867417));
#9711=CARTESIAN_POINT('',(0.1505,-0.0426264217250921,0.00505417248839674));
#9712=CARTESIAN_POINT('',(0.1505,-0.0427702327831665,0.00470375962858169));
#9713=CARTESIAN_POINT('',(0.1505,-0.0431327986901427,0.00452855319867417));
#9714=CARTESIAN_POINT('',(0.1505,-0.0426264217250921,0.00505417248839674));
#9715=CARTESIAN_POINT('',(0.1505,-0.0426011028768395,0.00505417248839674));
#9716=CARTESIAN_POINT('',(0.1505,-0.042575784028587,0.00505417248839674));
#9717=CARTESIAN_POINT('',(0.1505,-0.042575784028587,0.00483946865521527));
#9718=CARTESIAN_POINT('',(0.1505,-0.042575784028587,0.00462476482203379));
#9719=CARTESIAN_POINT('',(0.1505,-0.0423023404674596,0.00435334676876664));
#9720=CARTESIAN_POINT('',(0.1505,-0.042575784028587,0.00435334676876664));
#9721=CARTESIAN_POINT('',(0.1505,-0.042575784028587,0.00462476482203379));
#9722=CARTESIAN_POINT('',(0.1505,-0.0423023404674596,0.00435334676876664));
#9723=CARTESIAN_POINT('',(0.1505,-0.0417584916069953,0.00435334676876664));
#9724=CARTESIAN_POINT('',(0.1505,-0.0412146427465308,0.00435334676876664));
#9725=CARTESIAN_POINT('',(0.1505,-0.0409290461382423,0.00462476482203379));
#9726=CARTESIAN_POINT('',(0.1505,-0.0409290461382423,0.00435334676876664));
#9727=CARTESIAN_POINT('',(0.1505,-0.0412146427465308,0.00435334676876664));
#9728=CARTESIAN_POINT('',(0.1505,-0.0409290461382423,0.00462476482203379));
#9729=CARTESIAN_POINT('',(0.1505,-0.0409290461382423,0.00765897559661729));
#9730=CARTESIAN_POINT('',(0.1505,-0.0409290461382423,0.0106931863712008));
#9731=CARTESIAN_POINT('',(0.1505,-0.0412146427465308,0.0109646044244679));
#9732=CARTESIAN_POINT('',(0.1505,-0.0409290461382423,0.0109646044244679));
#9733=CARTESIAN_POINT('',(0.1505,-0.0409290461382423,0.0106931863712008));
#9734=CARTESIAN_POINT('',(0.1505,-0.0412146427465308,0.0109646044244679));
#9735=CARTESIAN_POINT('',(0.1505,-0.0417584916069953,0.0109646044244679));
#9736=CARTESIAN_POINT('',(0.1505,-0.0423023404674596,0.0109646044244679));
#9737=CARTESIAN_POINT('',(0.1505,-0.042575784028587,0.0106931863712008));
#9738=CARTESIAN_POINT('',(0.1505,-0.042575784028587,0.0109646044244679));
#9739=CARTESIAN_POINT('',(0.1505,-0.0423023404674596,0.0109646044244679));
#9740=CARTESIAN_POINT('',(0.1505,-0.042575784028587,0.0106931863712008));
#9741=CARTESIAN_POINT('',(0.1505,-0.042575784028587,0.00872844374680426));
#9742=CARTESIAN_POINT('',(0.1505,-0.042575784028587,0.00676370112240774));
#9743=CARTESIAN_POINT('',(0.1505,-0.0434690329949364,0.00577930430234927));
#9744=CARTESIAN_POINT('',(0.1505,-0.042575784028587,0.00577930430234927));
#9745=CARTESIAN_POINT('',(0.1505,-0.042575784028587,0.00676370112240774));
#9746=CARTESIAN_POINT('',(0.1505,-0.0434690329949364,0.00577930430234927));
#9747=CARTESIAN_POINT('',(0.1505,-0.0437090556763703,0.00577930430234927));
#9748=CARTESIAN_POINT('',(0.1505,-0.0439490783578044,0.00577930430234927));
#9749=CARTESIAN_POINT('',(0.1505,-0.044525335344032,0.0059545107322568));
#9750=CARTESIAN_POINT('',(0.1505,-0.0443501289141245,0.00577930430234927));
#9751=CARTESIAN_POINT('',(0.1505,-0.0439490783578044,0.00577930430234927));
#9752=CARTESIAN_POINT('',(0.1505,-0.044525335344032,0.0059545107322568));
#9753=CARTESIAN_POINT('',(0.1505,-0.0447005417739395,0.00654494627350586));
#9754=CARTESIAN_POINT('',(0.1505,-0.0447005417739395,0.00612971716216432));
#9755=CARTESIAN_POINT('',(0.1505,-0.044525335344032,0.0059545107322568));
#9756=CARTESIAN_POINT('',(0.1505,-0.0447005417739395,0.00654494627350586));
#9757=CARTESIAN_POINT('',(0.1505,-0.0447005417739395,0.00861906632235332));
#9758=CARTESIAN_POINT('',(0.1505,-0.0447005417739395,0.0106931863712008));
#9759=CARTESIAN_POINT('',(0.1505,-0.0449739853350669,0.0109646044244679));
#9760=CARTESIAN_POINT('',(0.1505,-0.0447005417739395,0.0109646044244679));
#9761=CARTESIAN_POINT('',(0.1505,-0.0447005417739395,0.0106931863712008));
#9762=CARTESIAN_POINT('',(0.1505,-0.0449739853350669,0.0109646044244679));
#9763=CARTESIAN_POINT('',(0.1505,-0.045524923473042,0.0109646044244679));
#9764=CARTESIAN_POINT('',(0.1505,-0.0460758616110171,0.0109646044244679));
#9765=CARTESIAN_POINT('',(0.1505,-0.0463472796642842,0.0106931863712008));
#9766=CARTESIAN_POINT('',(0.1505,-0.0463472796642842,0.0109646044244679));
#9767=CARTESIAN_POINT('',(0.1505,-0.0460758616110171,0.0109646044244679));
#9768=CARTESIAN_POINT('',(0.1505,-0.0463472796642842,0.0106931863712008));
#9769=CARTESIAN_POINT('',(0.1505,-0.0463472796642842,0.00857956891907937));
#9770=CARTESIAN_POINT('',(0.1505,-0.0463472796642842,0.00646595146695795));
#9771=CARTESIAN_POINT('',(0.1505,-0.045834826175653,0.00489820838316114));
#9772=CARTESIAN_POINT('',(0.1505,-0.0463472796642842,0.00544306999755564));
#9773=CARTESIAN_POINT('',(0.1505,-0.0463472796642842,0.00646595146695795));
#9774=CARTESIAN_POINT('',(0.1505,-0.045834826175653,0.00489820838316114));
#9775=CARTESIAN_POINT('',(0.1505,-0.044325822819802,0.00435334676876664));
#9776=CARTESIAN_POINT('',(0.1505,-0.0453223726870217,0.00435334676876664));
#9777=CARTESIAN_POINT('',(0.1505,-0.045834826175653,0.00489820838316114));
#9778=CARTESIAN_POINT('',(0.1505,-1.38777878078145E-17,0.009));
#9779=CARTESIAN_POINT('',(0.1505,0.0179403143106861,0.00435334676876664));
#9780=CARTESIAN_POINT('',(0.1505,0.0193723483678493,0.00435334676876664));
#9781=CARTESIAN_POINT('',(0.1505,0.0165082802535228,0.00435334676876664));
#9782=CARTESIAN_POINT('',(0.1505,0.0195870522010308,0.00441208649671252));
#9783=CARTESIAN_POINT('',(0.1505,0.0195283124730849,0.00435334676876664));
#9784=CARTESIAN_POINT('',(0.1505,0.0193723483678493,0.00435334676876664));
#9785=CARTESIAN_POINT('',(0.1505,0.0195870522010308,0.00441208649671252));
#9786=CARTESIAN_POINT('',(0.1505,0.0196457919289767,0.00461261177487258));
#9787=CARTESIAN_POINT('',(0.1505,0.0196457919289767,0.00447082622465839));
#9788=CARTESIAN_POINT('',(0.1505,0.0195870522010308,0.00441208649671252));
#9789=CARTESIAN_POINT('',(0.1505,0.0196457919289767,0.00461261177487258));
#9790=CARTESIAN_POINT('',(0.1505,0.0196457919289767,0.00503999393337532));
#9791=CARTESIAN_POINT('',(0.1505,0.0196457919289767,0.00546737609187807));
#9792=CARTESIAN_POINT('',(0.1505,0.0193723483678493,0.00575297270016664));
#9793=CARTESIAN_POINT('',(0.1505,0.0196457919289767,0.00575297270016664));
#9794=CARTESIAN_POINT('',(0.1505,0.0196457919289767,0.00546737609187807));
#9795=CARTESIAN_POINT('',(0.1505,0.0193723483678493,0.00575297270016664));
#9796=CARTESIAN_POINT('',(0.1505,0.0180638702901585,0.00575297270016664));
#9797=CARTESIAN_POINT('',(0.1505,0.0167553922124676,0.00575297270016664));
#9798=CARTESIAN_POINT('',(0.1505,0.0161649566712186,0.00592817913007416));
#9799=CARTESIAN_POINT('',(0.1505,0.016340163101126,0.00575297270016664));
#9800=CARTESIAN_POINT('',(0.1505,0.0167553922124676,0.00575297270016664));
#9801=CARTESIAN_POINT('',(0.1505,0.0161649566712186,0.00592817913007416));
#9802=CARTESIAN_POINT('',(0.1505,0.015989750241311,0.0065044361163018));
#9803=CARTESIAN_POINT('',(0.1505,0.015989750241311,0.00610338555998169));
#9804=CARTESIAN_POINT('',(0.1505,0.0161649566712186,0.00592817913007416));
#9805=CARTESIAN_POINT('',(0.1505,0.015989750241311,0.0065044361163018));
#9806=CARTESIAN_POINT('',(0.1505,0.015989750241311,0.00664723442044609));
#9807=CARTESIAN_POINT('',(0.1505,0.015989750241311,0.00679003272459037));
#9808=CARTESIAN_POINT('',(0.1505,0.0161457143465466,0.00693384378266476));
#9809=CARTESIAN_POINT('',(0.1505,0.015989750241311,0.00693384378266476));
#9810=CARTESIAN_POINT('',(0.1505,0.015989750241311,0.00679003272459037));
#9811=CARTESIAN_POINT('',(0.1505,0.0161457143465466,0.00693384378266476));
#9812=CARTESIAN_POINT('',(0.1505,0.0177721971582893,0.00693384378266476));
#9813=CARTESIAN_POINT('',(0.1505,0.019398679970032,0.00693384378266476));
#9814=CARTESIAN_POINT('',(0.1505,0.0196721235311593,0.0072052618359319));
#9815=CARTESIAN_POINT('',(0.1505,0.0196721235311593,0.00693384378266476));
#9816=CARTESIAN_POINT('',(0.1505,0.019398679970032,0.00693384378266476));
#9817=CARTESIAN_POINT('',(0.1505,0.0196721235311593,0.0072052618359319));
#9818=CARTESIAN_POINT('',(0.1505,0.0196721235311593,0.00802863078110426));
#9819=CARTESIAN_POINT('',(0.1505,0.0196721235311593,0.00885199972627662));
#9820=CARTESIAN_POINT('',(0.1505,0.0191140961156735,0.0104197428100734));
#9821=CARTESIAN_POINT('',(0.1505,0.0196721235311593,0.00987488119567893));
#9822=CARTESIAN_POINT('',(0.1505,0.0196721235311593,0.00885199972627662));
#9823=CARTESIAN_POINT('',(0.1505,0.0191140961156735,0.0104197428100734));
#9824=CARTESIAN_POINT('',(0.1505,0.0175331872307854,0.0109646044244679));
#9825=CARTESIAN_POINT('',(0.1505,0.0185560687001877,0.0109646044244679));
#9826=CARTESIAN_POINT('',(0.1505,0.0191140961156735,0.0104197428100734));
#9827=CARTESIAN_POINT('',(0.1505,0.0175331872307854,0.0109646044244679));
#9828=CARTESIAN_POINT('',(0.1505,0.0170207337421541,0.0109646044244679));
#9829=CARTESIAN_POINT('',(0.1505,0.0165082802535228,0.0109646044244679));
#9830=CARTESIAN_POINT('',(0.1505,0.0149263586147046,0.0104197428100734));
#9831=CARTESIAN_POINT('',(0.1505,0.0154833732762603,0.0109646044244679));
#9832=CARTESIAN_POINT('',(0.1505,0.0165082802535228,0.0109646044244679));
#9833=CARTESIAN_POINT('',(0.1505,0.0149263586147046,0.0104197428100734));
#9834=CARTESIAN_POINT('',(0.1505,0.0143693439531489,0.00885199972627662));
#9835=CARTESIAN_POINT('',(0.1505,0.0143693439531489,0.00987488119567893));
#9836=CARTESIAN_POINT('',(0.1505,0.0149263586147046,0.0104197428100734));
#9837=CARTESIAN_POINT('',(0.1505,0.0143693439531489,0.00885199972627662));
#9838=CARTESIAN_POINT('',(0.1505,0.0143693439531489,0.00765897559661729));
#9839=CARTESIAN_POINT('',(0.1505,0.0143693439531489,0.00646595146695795));
#9840=CARTESIAN_POINT('',(0.1505,0.0149263586147046,0.00489820838316114));
#9841=CARTESIAN_POINT('',(0.1505,0.0143693439531489,0.00544306999755564));
#9842=CARTESIAN_POINT('',(0.1505,0.0143693439531489,0.00646595146695795));
#9843=CARTESIAN_POINT('',(0.1505,0.0149263586147046,0.00489820838316114));
#9844=CARTESIAN_POINT('',(0.1505,0.0165082802535228,0.00435334676876664));
#9845=CARTESIAN_POINT('',(0.1505,0.0154833732762603,0.00435334676876664));
#9846=CARTESIAN_POINT('',(0.1505,0.0149263586147046,0.00489820838316114));
#9847=CARTESIAN_POINT('',(0.1505,-1.38777878078145E-17,0.009));
#9848=CARTESIAN_POINT('',(0.1505,0.00447878907177963,0.00890972670029239));
#9849=CARTESIAN_POINT('',(0.1505,0.00447878907177963,0.00462476482203379));
#9850=CARTESIAN_POINT('',(0.1505,0.00447878907177963,0.013194688578551));
#9851=CARTESIAN_POINT('',(0.1505,0.00475020712504677,0.00435334676876664));
#9852=CARTESIAN_POINT('',(0.1505,0.00447878907177963,0.00435334676876664));
#9853=CARTESIAN_POINT('',(0.1505,0.00447878907177963,0.00462476482203379));
#9854=CARTESIAN_POINT('',(0.1505,0.00475020712504677,0.00435334676876664));
#9855=CARTESIAN_POINT('',(0.1505,0.00630579716168237,0.00435334676876664));
#9856=CARTESIAN_POINT('',(0.1505,0.00786138719831797,0.00435334676876664));
#9857=CARTESIAN_POINT('',(0.1505,0.00944330883713621,0.00489820838316114));
#9858=CARTESIAN_POINT('',(0.1505,0.00888629417558048,0.00435334676876664));
#9859=CARTESIAN_POINT('',(0.1505,0.00786138719831797,0.00435334676876664));
#9860=CARTESIAN_POINT('',(0.1505,0.00944330883713621,0.00489820838316114));
#9861=CARTESIAN_POINT('',(0.1505,0.0100003234986919,0.00646595146695795));
#9862=CARTESIAN_POINT('',(0.1505,0.0100003234986919,0.00544306999755564));
#9863=CARTESIAN_POINT('',(0.1505,0.00944330883713621,0.00489820838316114));
#9864=CARTESIAN_POINT('',(0.1505,0.0100003234986919,0.00646595146695795));
#9865=CARTESIAN_POINT('',(0.1505,0.0100003234986919,0.0076721413977086));
#9866=CARTESIAN_POINT('',(0.1505,0.0100003234986919,0.00887833132845925));
#9867=CARTESIAN_POINT('',(0.1505,0.00944330883713621,0.0104460744122561));
#9868=CARTESIAN_POINT('',(0.1505,0.0100003234986919,0.00990121279786156));
#9869=CARTESIAN_POINT('',(0.1505,0.0100003234986919,0.00887833132845925));
#9870=CARTESIAN_POINT('',(0.1505,0.00944330883713621,0.0104460744122561));
#9871=CARTESIAN_POINT('',(0.1505,0.00786138719831797,0.0109909360266506));
#9872=CARTESIAN_POINT('',(0.1505,0.00888629417558048,0.0109909360266506));
#9873=CARTESIAN_POINT('',(0.1505,0.00944330883713621,0.0104460744122561));
#9874=CARTESIAN_POINT('',(0.1505,0.00786138719831797,0.0109909360266506));
#9875=CARTESIAN_POINT('',(0.1505,0.0076547853965773,0.0109909360266506));
#9876=CARTESIAN_POINT('',(0.1505,0.00744818352133496,0.0109909073527572));
#9877=CARTESIAN_POINT('',(0.1505,0.00744385578786681,0.00930260615540537));
#9878=CARTESIAN_POINT('',(0.1505,0.00668254162368005,0.0108096530731624));
#9879=CARTESIAN_POINT('',(0.1505,0.00617616465862941,0.0102779572598592));
#9880=CARTESIAN_POINT('',(0.1505,0.0063199757167038,0.0106283701196743));
#9881=CARTESIAN_POINT('',(0.1505,0.00668254162368005,0.0108096530731624));
#9882=CARTESIAN_POINT('',(0.1505,0.00617616465862941,0.0102779572598592));
#9883=CARTESIAN_POINT('',(0.1505,0.00615084581037688,0.0102779572598592));
#9884=CARTESIAN_POINT('',(0.1505,0.00612552696212435,0.0102779572598592));
#9885=CARTESIAN_POINT('',(0.1505,0.00612552696212435,0.0117363229192051));
#9886=CARTESIAN_POINT('',(0.1505,0.00612552696212435,0.013194688578551));
#9887=CARTESIAN_POINT('',(0.1505,0.00585208340099699,0.0134661066318181));
#9888=CARTESIAN_POINT('',(0.1505,0.00612552696212435,0.0134661066318181));
#9889=CARTESIAN_POINT('',(0.1505,0.00612552696212435,0.013194688578551));
#9890=CARTESIAN_POINT('',(0.1505,0.00585208340099699,0.0134661066318181));
#9891=CARTESIAN_POINT('',(0.1505,0.00530114526302188,0.0134661066318181));
#9892=CARTESIAN_POINT('',(0.1505,0.00475020712504677,0.0134661066318181));
#9893=CARTESIAN_POINT('',(0.1505,0.00447878907177963,0.013194688578551));
#9894=CARTESIAN_POINT('',(0.1505,0.00447878907177963,0.0134661066318181));
#9895=CARTESIAN_POINT('',(0.1505,0.00475020712504677,0.0134661066318181));
#9896=CARTESIAN_POINT('',(0.1505,-1.38777878078145E-17,0.009));
#9897=CARTESIAN_POINT('',(0.1505,-0.00823127275099169,0.00259115493039038));
#9898=CARTESIAN_POINT('',(0.1505,-0.00768033461301659,0.00259115493039038));
#9899=CARTESIAN_POINT('',(0.1505,-0.0087822108889668,0.00259115493039038));
#9900=CARTESIAN_POINT('',(0.1505,-0.00740689105188924,0.00285041993649631));
#9901=CARTESIAN_POINT('',(0.1505,-0.00740689105188924,0.00259115493039038));
#9902=CARTESIAN_POINT('',(0.1505,-0.00768033461301659,0.00259115493039038));
#9903=CARTESIAN_POINT('',(0.1505,-0.00740689105188924,0.00285041993649631));
#9904=CARTESIAN_POINT('',(0.1505,-0.00740689105188924,0.00395229621244652));
#9905=CARTESIAN_POINT('',(0.1505,-0.00740689105188924,0.00505417248839674));
#9906=CARTESIAN_POINT('',(0.1505,-0.0073815722036367,0.00505417248839674));
#9907=CARTESIAN_POINT('',(0.1505,-0.00735625335538417,0.00505417248839674));
#9908=CARTESIAN_POINT('',(0.1505,-0.00684987639033352,0.00452855319867417));
#9909=CARTESIAN_POINT('',(0.1505,-0.00721244229730979,0.00470375962858169));
#9910=CARTESIAN_POINT('',(0.1505,-0.00735625335538417,0.00505417248839674));
#9911=CARTESIAN_POINT('',(0.1505,-0.00684987639033352,0.00452855319867417));
#9912=CARTESIAN_POINT('',(0.1505,-0.00608977887599827,0.00608978094100966));
#9913=CARTESIAN_POINT('',(0.15050000025,-0.0060842345826406,0.0043533979629411));
#9914=CARTESIAN_POINT('',(0.1505,-0.0058188928894904,0.00435334676876664));
#9915=CARTESIAN_POINT('',(0.1505,-0.00555355135980386,0.00435334676876664));
#9916=CARTESIAN_POINT('',(0.1505,-0.00404353525002281,0.00489820838316114));
#9917=CARTESIAN_POINT('',(0.1505,-0.00455497598472397,0.00435334676876664));
#9918=CARTESIAN_POINT('',(0.1505,-0.00555355135980386,0.00435334676876664));
#9919=CARTESIAN_POINT('',(0.1505,-0.00404353525002281,0.00489820838316114));
#9920=CARTESIAN_POINT('',(0.1505,-0.00353209451532166,0.00646595146695795));
#9921=CARTESIAN_POINT('',(0.1505,-0.00353209451532166,0.00544306999755564));
#9922=CARTESIAN_POINT('',(0.1505,-0.00404353525002281,0.00489820838316114));
#9923=CARTESIAN_POINT('',(0.1505,-0.00353209451532166,0.00646595146695795));
#9924=CARTESIAN_POINT('',(0.1505,-0.00353209451532166,0.00765897559661729));
#9925=CARTESIAN_POINT('',(0.1505,-0.00353209451532166,0.00885199972627662));
#9926=CARTESIAN_POINT('',(0.1505,-0.00404353525002281,0.0104197428100734));
#9927=CARTESIAN_POINT('',(0.1505,-0.00353209451532166,0.00987488119567893));
#9928=CARTESIAN_POINT('',(0.1505,-0.00353209451532166,0.00885199972627662));
#9929=CARTESIAN_POINT('',(0.1505,-0.00404353525002281,0.0104197428100734));
#9930=CARTESIAN_POINT('',(0.1505,-0.00555355135980386,0.0109646044244679));
#9931=CARTESIAN_POINT('',(0.1505,-0.00455497598472397,0.0109646044244679));
#9932=CARTESIAN_POINT('',(0.1505,-0.00404353525002281,0.0104197428100734));
#9933=CARTESIAN_POINT('',(0.1505,-0.00555355135980386,0.0109646044244679));
#9934=CARTESIAN_POINT('',(0.1505,-0.0058188928894904,0.0109646044244679));
#9935=CARTESIAN_POINT('',(0.1505,-0.0060842345826406,0.0109645532302935));
#9936=CARTESIAN_POINT('',(0.1505,-0.00608977887599831,0.00922817025222499));
#9937=CARTESIAN_POINT('',(0.1505,-0.00684987639033352,0.0107893979945604));
#9938=CARTESIAN_POINT('',(0.1505,-0.00735625335538417,0.0102637787048378));
#9939=CARTESIAN_POINT('',(0.1505,-0.00721244229730979,0.0106141915646529));
#9940=CARTESIAN_POINT('',(0.1505,-0.00684987639033352,0.0107893979945604));
#9941=CARTESIAN_POINT('',(0.1505,-0.00735625335538417,0.0102637787048378));
#9942=CARTESIAN_POINT('',(0.1505,-0.0073815722036367,0.0102637787048378));
#9943=CARTESIAN_POINT('',(0.1505,-0.00740689105188924,0.0102637787048378));
#9944=CARTESIAN_POINT('',(0.1505,-0.00740689105188924,0.0104784825380193));
#9945=CARTESIAN_POINT('',(0.1505,-0.00740689105188924,0.0106931863712008));
#9946=CARTESIAN_POINT('',(0.1505,-0.00768033461301659,0.0109646044244679));
#9947=CARTESIAN_POINT('',(0.1505,-0.00740689105188924,0.0109646044244679));
#9948=CARTESIAN_POINT('',(0.1505,-0.00740689105188924,0.0106931863712008));
#9949=CARTESIAN_POINT('',(0.1505,-0.00768033461301659,0.0109646044244679));
#9950=CARTESIAN_POINT('',(0.1505,-0.00823127275099169,0.0109646044244679));
#9951=CARTESIAN_POINT('',(0.1505,-0.0087822108889668,0.0109646044244679));
#9952=CARTESIAN_POINT('',(0.1505,-0.00905362894223395,0.0106931863712008));
#9953=CARTESIAN_POINT('',(0.1505,-0.00905362894223395,0.0109646044244679));
#9954=CARTESIAN_POINT('',(0.1505,-0.0087822108889668,0.0109646044244679));
#9955=CARTESIAN_POINT('',(0.1505,-0.00905362894223395,0.0106931863712008));
#9956=CARTESIAN_POINT('',(0.1505,-0.00905362894223395,0.00677180315384855));
#9957=CARTESIAN_POINT('',(0.1505,-0.00905362894223395,0.00285041993649631));
#9958=CARTESIAN_POINT('',(0.1505,-0.0087822108889668,0.00259115493039038));
#9959=CARTESIAN_POINT('',(0.1505,-0.00905362894223395,0.00259115493039038));
#9960=CARTESIAN_POINT('',(0.1505,-0.00905362894223395,0.00285041993649631));
#9961=CARTESIAN_POINT('',(0.1505,-1.38777878078145E-17,0.009));
#9962=CARTESIAN_POINT('',(0.1505,-0.0386807324134174,0.00435334676876664));
#9963=CARTESIAN_POINT('',(0.1505,-0.0381297942754423,0.00435334676876664));
#9964=CARTESIAN_POINT('',(0.1505,-0.0392316705513925,0.00435334676876664));
#9965=CARTESIAN_POINT('',(0.1505,-0.037856350714315,0.00462476482203379));
#9966=CARTESIAN_POINT('',(0.1505,-0.037856350714315,0.00435334676876664));
#9967=CARTESIAN_POINT('',(0.1505,-0.0381297942754423,0.00435334676876664));
#9968=CARTESIAN_POINT('',(0.1505,-0.037856350714315,0.00462476482203379));
#9969=CARTESIAN_POINT('',(0.1505,-0.037856350714315,0.00658950744643031));
#9970=CARTESIAN_POINT('',(0.1505,-0.037856350714315,0.00855425007082684));
#9971=CARTESIAN_POINT('',(0.1505,-0.0369631017479656,0.0095386468908853));
#9972=CARTESIAN_POINT('',(0.1505,-0.037856350714315,0.0095386468908853));
#9973=CARTESIAN_POINT('',(0.1505,-0.037856350714315,0.00855425007082684));
#9974=CARTESIAN_POINT('',(0.1505,-0.0369631017479656,0.0095386468908853));
#9975=CARTESIAN_POINT('',(0.1505,-0.0367291555901122,0.0095386468908853));
#9976=CARTESIAN_POINT('',(0.1505,-0.0364952094322588,0.0095386468908853));
#9977=CARTESIAN_POINT('',(0.1505,-0.0359057866449399,0.00936344046097777));
#9978=CARTESIAN_POINT('',(0.1505,-0.0360799803209172,0.0095386468908853));
#9979=CARTESIAN_POINT('',(0.1505,-0.0364952094322588,0.0095386468908853));
#9980=CARTESIAN_POINT('',(0.1505,-0.0359057866449399,0.00936344046097777));
#9981=CARTESIAN_POINT('',(0.1505,-0.0357315929689624,0.00877300491972872));
#9982=CARTESIAN_POINT('',(0.1505,-0.0357315929689624,0.00918823403107025));
#9983=CARTESIAN_POINT('',(0.1505,-0.0359057866449399,0.00936344046097777));
#9984=CARTESIAN_POINT('',(0.1505,-0.0357315929689624,0.00877300491972872));
#9985=CARTESIAN_POINT('',(0.1505,-0.0357315929689624,0.00669888487088125));
#9986=CARTESIAN_POINT('',(0.1505,-0.0357315929689624,0.00462476482203379));
#9987=CARTESIAN_POINT('',(0.1505,-0.0354581494078351,0.00435334676876664));
#9988=CARTESIAN_POINT('',(0.1505,-0.0357315929689624,0.00435334676876664));
#9989=CARTESIAN_POINT('',(0.1505,-0.0357315929689624,0.00462476482203379));
#9990=CARTESIAN_POINT('',(0.1505,-0.0354581494078351,0.00435334676876664));
#9991=CARTESIAN_POINT('',(0.1505,-0.0349143005473707,0.00435334676876664));
#9992=CARTESIAN_POINT('',(0.1505,-0.0343704516869063,0.00435334676876664));
#9993=CARTESIAN_POINT('',(0.1505,-0.0340848550786177,0.00462476482203379));
#9994=CARTESIAN_POINT('',(0.1505,-0.0340848550786177,0.00435334676876664));
#9995=CARTESIAN_POINT('',(0.1505,-0.0343704516869063,0.00435334676876664));
#9996=CARTESIAN_POINT('',(0.1505,-0.0340848550786177,0.00462476482203379));
#9997=CARTESIAN_POINT('',(0.1505,-0.0340848550786177,0.00673838227415521));
#9998=CARTESIAN_POINT('',(0.1505,-0.0340848550786177,0.00885199972627662));
#9999=CARTESIAN_POINT('',(0.1505,-0.0361204904781213,0.0109646044244679));
#10000=CARTESIAN_POINT('',(0.1505,-0.0340848550786177,0.0109646044244679));
#10001=CARTESIAN_POINT('',(0.1505,-0.0340848550786177,0.00885199972627662));
#10002=CARTESIAN_POINT('',(0.1505,-0.0361204904781213,0.0109646044244679));
#10003=CARTESIAN_POINT('',(0.1505,-0.036327092279862,0.0109646044244679));
#10004=CARTESIAN_POINT('',(0.1505,-0.0365336940816026,0.0109646044244679));
#10005=CARTESIAN_POINT('',(0.1505,-0.0378057130178098,0.0102637787048378));
#10006=CARTESIAN_POINT('',(0.1505,-0.0375201164095213,0.0109646044244679));
#10007=CARTESIAN_POINT('',(0.1505,-0.0365336940816026,0.0109646044244679));
#10008=CARTESIAN_POINT('',(0.1505,-0.0378057130178098,0.0102637787048378));
#10009=CARTESIAN_POINT('',(0.1505,-0.0378310318660624,0.0102637787048378));
#10010=CARTESIAN_POINT('',(0.1505,-0.037856350714315,0.0102637787048378));
#10011=CARTESIAN_POINT('',(0.1505,-0.037856350714315,0.0104784825380193));
#10012=CARTESIAN_POINT('',(0.1505,-0.037856350714315,0.0106931863712008));
#10013=CARTESIAN_POINT('',(0.1505,-0.0381297942754423,0.0109646044244679));
#10014=CARTESIAN_POINT('',(0.1505,-0.037856350714315,0.0109646044244679));
#10015=CARTESIAN_POINT('',(0.1505,-0.037856350714315,0.0106931863712008));
#10016=CARTESIAN_POINT('',(0.1505,-0.0381297942754423,0.0109646044244679));
#10017=CARTESIAN_POINT('',(0.1505,-0.0386807324134174,0.0109646044244679));
#10018=CARTESIAN_POINT('',(0.1505,-0.0392316705513925,0.0109646044244679));
#10019=CARTESIAN_POINT('',(0.1505,-0.0395030886046596,0.0106931863712008));
#10020=CARTESIAN_POINT('',(0.1505,-0.0395030886046596,0.0109646044244679));
#10021=CARTESIAN_POINT('',(0.1505,-0.0392316705513925,0.0109646044244679));
#10022=CARTESIAN_POINT('',(0.1505,-0.0395030886046596,0.0106931863712008));
#10023=CARTESIAN_POINT('',(0.1505,-0.0395030886046596,0.00765897559661729));
#10024=CARTESIAN_POINT('',(0.1505,-0.0395030886046596,0.00462476482203379));
#10025=CARTESIAN_POINT('',(0.1505,-0.0392316705513925,0.00435334676876664));
#10026=CARTESIAN_POINT('',(0.1505,-0.0395030886046596,0.00435334676876664));
#10027=CARTESIAN_POINT('',(0.1505,-0.0395030886046596,0.00462476482203379));
#10028=CARTESIAN_POINT('',(0.1505,-1.38777878078145E-17,0.009));
#10029=CARTESIAN_POINT('',(0.1505,-0.0314537203682145,0.00435334676876664));
#10030=CARTESIAN_POINT('',(0.1505,-0.0302222115892113,0.00435334676876664));
#10031=CARTESIAN_POINT('',(0.1505,-0.0326852291472177,0.00435334676876664));
#10032=CARTESIAN_POINT('',(0.1505,-0.0281865761897077,0.00609123251282047));
#10033=CARTESIAN_POINT('',(0.1505,-0.0281865761897077,0.00435334676876664));
#10034=CARTESIAN_POINT('',(0.1505,-0.0302222115892113,0.00435334676876664));
#10035=CARTESIAN_POINT('',(0.1505,-0.0281865761897077,0.00609123251282047));
#10036=CARTESIAN_POINT('',(0.1505,-0.0284590069969049,0.00709487165755086));
#10037=CARTESIAN_POINT('',(0.1505,-0.0281865761897077,0.00671306342590267));
#10038=CARTESIAN_POINT('',(0.1505,-0.0281865761897077,0.00609123251282047));
#10039=CARTESIAN_POINT('',(0.1505,-0.0284590069969049,0.00709487165755086));
#10040=CARTESIAN_POINT('',(0.1505,-0.0294059319215497,0.00784127130403552));
#10041=CARTESIAN_POINT('',(0.1505,-0.0287314378041022,0.00747667988919905));
#10042=CARTESIAN_POINT('',(0.1505,-0.0284590069969049,0.00709487165755086));
#10043=CARTESIAN_POINT('',(0.1505,-0.0294059319215497,0.00784127130403552));
#10044=CARTESIAN_POINT('',(0.1505,-0.0300601709603951,0.00823016881319442));
#10045=CARTESIAN_POINT('',(0.1505,-0.0307144099992405,0.00861906632235332));
#10046=CARTESIAN_POINT('',(0.1505,-0.0312714246607963,0.00920241258609167));
#10047=CARTESIAN_POINT('',(0.1505,-0.0312714246607963,0.0089168159778031));
#10048=CARTESIAN_POINT('',(0.1505,-0.0307144099992405,0.00861906632235332));
#10049=CARTESIAN_POINT('',(0.1505,-0.0312714246607963,0.00920241258609167));
#10050=CARTESIAN_POINT('',(0.1505,-0.0312714246607963,0.00923482071185491));
#10051=CARTESIAN_POINT('',(0.1505,-0.0312714246607963,0.00926722883761815));
#10052=CARTESIAN_POINT('',(0.1505,-0.0306374407005529,0.00959131009525057));
#10053=CARTESIAN_POINT('',(0.1505,-0.0312714246607963,0.00959131009525057));
#10054=CARTESIAN_POINT('',(0.1505,-0.0312714246607963,0.00926722883761815));
#10055=CARTESIAN_POINT('',(0.1505,-0.0306374407005529,0.00959131009525057));
#10056=CARTESIAN_POINT('',(0.1505,-0.0297360897027627,0.00959131009525057));
#10057=CARTESIAN_POINT('',(0.1505,-0.0288347387049726,0.00959131009525057));
#10058=CARTESIAN_POINT('',(0.1505,-0.0286271241493018,0.00964903706926634));
#10059=CARTESIAN_POINT('',(0.1505,-0.028678774599737,0.00959131009525057));
#10060=CARTESIAN_POINT('',(0.1505,-0.0288347387049726,0.00959131009525057));
#10061=CARTESIAN_POINT('',(0.1505,-0.0286271241493018,0.00964903706926634));
#10062=CARTESIAN_POINT('',(0.1505,-0.0285754736988666,0.0098505751013565));
#10063=CARTESIAN_POINT('',(0.1505,-0.0285754736988666,0.00970676404328212));
#10064=CARTESIAN_POINT('',(0.1505,-0.0286271241493018,0.00964903706926634));
#10065=CARTESIAN_POINT('',(0.1505,-0.0285754736988666,0.0098505751013565));
#10066=CARTESIAN_POINT('',(0.1505,-0.0285754736988666,0.0102718807362786));
#10067=CARTESIAN_POINT('',(0.1505,-0.0285754736988666,0.0106931863712008));
#10068=CARTESIAN_POINT('',(0.1505,-0.0288347387049726,0.0109646044244679));
#10069=CARTESIAN_POINT('',(0.1505,-0.0285754736988666,0.0109646044244679));
#10070=CARTESIAN_POINT('',(0.1505,-0.0285754736988666,0.0106931863712008));
#10071=CARTESIAN_POINT('',(0.1505,-0.0288347387049726,0.0109646044244679));
#10072=CARTESIAN_POINT('',(0.1505,-0.0299173726562508,0.0109646044244679));
#10073=CARTESIAN_POINT('',(0.1505,-0.0310000066075292,0.0109646044244679));
#10074=CARTESIAN_POINT('',(0.1505,-0.0325029334397995,0.0105372222659652));
#10075=CARTESIAN_POINT('',(0.1505,-0.0320228880769314,0.0109646044244679));
#10076=CARTESIAN_POINT('',(0.1505,-0.0310000066075292,0.0109646044244679));
#10077=CARTESIAN_POINT('',(0.1505,-0.0325029334397995,0.0105372222659652));
#10078=CARTESIAN_POINT('',(0.1505,-0.0329829788026675,0.00920241258609167));
#10079=CARTESIAN_POINT('',(0.1505,-0.0329829788026675,0.0101098401074624));
#10080=CARTESIAN_POINT('',(0.1505,-0.0325029334397995,0.0105372222659652));
#10081=CARTESIAN_POINT('',(0.1505,-0.0329829788026675,0.00920241258609167));
#10082=CARTESIAN_POINT('',(0.1505,-0.0326720633461264,0.00820383721101179));
#10083=CARTESIAN_POINT('',(0.1505,-0.0329829788026675,0.00859273472017069));
#10084=CARTESIAN_POINT('',(0.1505,-0.0329829788026675,0.00920241258609167));
#10085=CARTESIAN_POINT('',(0.1505,-0.0326720633461264,0.00820383721101179));
#10086=CARTESIAN_POINT('',(0.1505,-0.031698806819299,0.00747667988919905));
#10087=CARTESIAN_POINT('',(0.1505,-0.0323611478895853,0.00781493970185289));
#10088=CARTESIAN_POINT('',(0.1505,-0.0326720633461264,0.00820383721101179));
#10089=CARTESIAN_POINT('',(0.1505,-0.031698806819299,0.00747667988919905));
#10090=CARTESIAN_POINT('',(0.1505,-0.0310577335815449,0.0071201905058034));
#10091=CARTESIAN_POINT('',(0.1505,-0.0304166603437908,0.00676370112240774));
#10092=CARTESIAN_POINT('',(0.1505,-0.0298839517765575,0.00616820181150817));
#10093=CARTESIAN_POINT('',(0.1505,-0.0298839517765575,0.00648013002197937));
#10094=CARTESIAN_POINT('',(0.1505,-0.0304166603437908,0.00676370112240774));
#10095=CARTESIAN_POINT('',(0.1505,-0.0298839517765575,0.00616820181150817));
#10096=CARTESIAN_POINT('',(0.1505,-0.0298839517765575,0.00613579368574493));
#10097=CARTESIAN_POINT('',(0.1505,-0.0298839517765575,0.00610338555998169));
#10098=CARTESIAN_POINT('',(0.1505,-0.0305199612446611,0.00571448805082279));
#10099=CARTESIAN_POINT('',(0.1505,-0.0298839517765575,0.00571448805082279));
#10100=CARTESIAN_POINT('',(0.1505,-0.0298839517765575,0.00610338555998169));
#10101=CARTESIAN_POINT('',(0.1505,-0.0305199612446611,0.00571448805082279));
#10102=CARTESIAN_POINT('',(0.1505,-0.0316025951959394,0.00571448805082279));
#10103=CARTESIAN_POINT('',(0.1505,-0.0326852291472177,0.00571448805082279));
#10104=CARTESIAN_POINT('',(0.1505,-0.0328928437028885,0.00565574832287691));
#10105=CARTESIAN_POINT('',(0.1505,-0.0328411932524533,0.00571448805082279));
#10106=CARTESIAN_POINT('',(0.1505,-0.0326852291472177,0.00571448805082279));
#10107=CARTESIAN_POINT('',(0.1505,-0.0328928437028885,0.00565574832287691));
#10108=CARTESIAN_POINT('',(0.1505,-0.0329444941533237,0.00545522304471686));
#10109=CARTESIAN_POINT('',(0.1505,-0.0329444941533237,0.00559700859493104));
#10110=CARTESIAN_POINT('',(0.1505,-0.0328928437028885,0.00565574832287691));
#10111=CARTESIAN_POINT('',(0.1505,-0.0329444941533237,0.00545522304471686));
#10112=CARTESIAN_POINT('',(0.1505,-0.0329444941533237,0.00503999393337532));
#10113=CARTESIAN_POINT('',(0.1505,-0.0329444941533237,0.00462476482203379));
#10114=CARTESIAN_POINT('',(0.1505,-0.0326852291472177,0.00435334676876664));
#10115=CARTESIAN_POINT('',(0.1505,-0.0329444941533237,0.00435334676876664));
#10116=CARTESIAN_POINT('',(0.1505,-0.0329444941533237,0.00462476482203379));
#10117=CARTESIAN_POINT('',(0.1505,-1.38777878078145E-17,0.009));
#10118=CARTESIAN_POINT('',(0.1505,-0.0271636947203054,0.0095386468908853));
#10119=CARTESIAN_POINT('',(0.1505,-0.0269044297141995,0.0095386468908853));
#10120=CARTESIAN_POINT('',(0.1505,-0.0274229597264113,0.0095386468908853));
#10121=CARTESIAN_POINT('',(0.1505,-0.0267606186561251,0.00939686134067112));
#10122=CARTESIAN_POINT('',(0.1505,-0.0267606186561251,0.0095386468908853));
#10123=CARTESIAN_POINT('',(0.1505,-0.0269044297141995,0.0095386468908853));
#10124=CARTESIAN_POINT('',(0.1505,-0.0267606186561251,0.00939686134067112));
#10125=CARTESIAN_POINT('',(0.1505,-0.0267606186561251,0.00792532988023393));
#10126=CARTESIAN_POINT('',(0.1505,-0.0267606186561251,0.00645379841979674));
#10127=CARTESIAN_POINT('',(0.1505,-0.0261965147170586,0.00489820838316114));
#10128=CARTESIAN_POINT('',(0.1505,-0.0267606186561251,0.00544306999755564));
#10129=CARTESIAN_POINT('',(0.1505,-0.0267606186561251,0.00645379841979674));
#10130=CARTESIAN_POINT('',(0.1505,-0.0261965147170586,0.00489820838316114));
#10131=CARTESIAN_POINT('',(0.1505,-0.0246095293085899,0.00435334676876664));
#10132=CARTESIAN_POINT('',(0.1505,-0.0256324107779923,0.00435334676876664));
#10133=CARTESIAN_POINT('',(0.1505,-0.0261965147170586,0.00489820838316114));
#10134=CARTESIAN_POINT('',(0.1505,-0.0246095293085899,0.00435334676876664));
#10135=CARTESIAN_POINT('',(0.1505,-0.0242135425219203,0.00435334676876664));
#10136=CARTESIAN_POINT('',(0.1505,-0.0238175557352507,0.00435334676876664));
#10137=CARTESIAN_POINT('',(0.1505,-0.0236048774099295,0.00441208649671252));
#10138=CARTESIAN_POINT('',(0.1505,-0.0236636171378753,0.00435334676876664));
#10139=CARTESIAN_POINT('',(0.1505,-0.0238175557352507,0.00435334676876664));
#10140=CARTESIAN_POINT('',(0.1505,-0.0236048774099295,0.00441208649671252));
#10141=CARTESIAN_POINT('',(0.1505,-0.0235461376819835,0.00461261177487258));
#10142=CARTESIAN_POINT('',(0.1505,-0.0235461376819835,0.00447082622465839));
#10143=CARTESIAN_POINT('',(0.1505,-0.0236048774099295,0.00441208649671252));
#10144=CARTESIAN_POINT('',(0.1505,-0.0235461376819835,0.00461261177487258));
#10145=CARTESIAN_POINT('',(0.1505,-0.0235461376819835,0.00506024901197735));
#10146=CARTESIAN_POINT('',(0.1505,-0.0235461376819835,0.00550788624908212));
#10147=CARTESIAN_POINT('',(0.1505,-0.0238175557352507,0.00577930430234927));
#10148=CARTESIAN_POINT('',(0.1505,-0.0235461376819835,0.00577930430234927));
#10149=CARTESIAN_POINT('',(0.1505,-0.0235461376819835,0.00550788624908212));
#10150=CARTESIAN_POINT('',(0.1505,-0.0238175557352507,0.00577930430234927));
#10151=CARTESIAN_POINT('',(0.1505,-0.0240768207413567,0.00577930430234927));
#10152=CARTESIAN_POINT('',(0.1505,-0.0243360857474626,0.00577930430234927));
#10153=CARTESIAN_POINT('',(0.1505,-0.0249325978122923,0.0059545107322568));
#10154=CARTESIAN_POINT('',(0.1505,-0.0247513148588041,0.00577930430234927));
#10155=CARTESIAN_POINT('',(0.1505,-0.0243360857474626,0.00577930430234927));
#10156=CARTESIAN_POINT('',(0.1505,-0.0249325978122923,0.0059545107322568));
#10157=CARTESIAN_POINT('',(0.1505,-0.0251138807657804,0.00653076771848444));
#10158=CARTESIAN_POINT('',(0.1505,-0.0251138807657804,0.00612971716216432));
#10159=CARTESIAN_POINT('',(0.1505,-0.0249325978122923,0.0059545107322568));
#10160=CARTESIAN_POINT('',(0.1505,-0.0251138807657804,0.00653076771848444));
#10161=CARTESIAN_POINT('',(0.1505,-0.0251138807657804,0.00796381452957778));
#10162=CARTESIAN_POINT('',(0.1505,-0.0251138807657804,0.00939686134067112));
#10163=CARTESIAN_POINT('',(0.1505,-0.024959942168405,0.0095386468908853));
#10164=CARTESIAN_POINT('',(0.1505,-0.0251138807657804,0.0095386468908853));
#10165=CARTESIAN_POINT('',(0.1505,-0.0251138807657804,0.00939686134067112));
#10166=CARTESIAN_POINT('',(0.1505,-0.024959942168405,0.0095386468908853));
#10167=CARTESIAN_POINT('',(0.1505,-0.0244535652033544,0.0095386468908853));
#10168=CARTESIAN_POINT('',(0.1505,-0.0239471882383037,0.0095386468908853));
#10169=CARTESIAN_POINT('',(0.1505,-0.0237345099129824,0.00959738661883118));
#10170=CARTESIAN_POINT('',(0.1505,-0.0237932496409283,0.0095386468908853));
#10171=CARTESIAN_POINT('',(0.1505,-0.0239471882383037,0.0095386468908853));
#10172=CARTESIAN_POINT('',(0.1505,-0.0237345099129824,0.00959738661883118));
#10173=CARTESIAN_POINT('',(0.1505,-0.0236757701850366,0.00979791189699123));
#10174=CARTESIAN_POINT('',(0.1505,-0.0236757701850366,0.00965612634677705));
#10175=CARTESIAN_POINT('',(0.1505,-0.0237345099129824,0.00959738661883118));
#10176=CARTESIAN_POINT('',(0.1505,-0.0236757701850366,0.00979791189699123));
#10177=CARTESIAN_POINT('',(0.1505,-0.0236757701850366,0.010245549134096));
#10178=CARTESIAN_POINT('',(0.1505,-0.0236757701850366,0.0106931863712008));
#10179=CARTESIAN_POINT('',(0.1505,-0.0239471882383037,0.0109646044244679));
#10180=CARTESIAN_POINT('',(0.1505,-0.0236757701850366,0.0109646044244679));
#10181=CARTESIAN_POINT('',(0.1505,-0.0236757701850366,0.0106931863712008));
#10182=CARTESIAN_POINT('',(0.1505,-0.0239471882383037,0.0109646044244679));
#10183=CARTESIAN_POINT('',(0.1505,-0.0244535652033544,0.0109646044244679));
#10184=CARTESIAN_POINT('',(0.1505,-0.024959942168405,0.0109646044244679));
#10185=CARTESIAN_POINT('',(0.1505,-0.0251138807657804,0.0111063899746821));
#10186=CARTESIAN_POINT('',(0.1505,-0.0251138807657804,0.0109646044244679));
#10187=CARTESIAN_POINT('',(0.1505,-0.024959942168405,0.0109646044244679));
#10188=CARTESIAN_POINT('',(0.1505,-0.0251138807657804,0.0111063899746821));
#10189=CARTESIAN_POINT('',(0.1505,-0.0251138807657804,0.0117221443641837));
#10190=CARTESIAN_POINT('',(0.1505,-0.0251138807657804,0.0123378987536853));
#10191=CARTESIAN_POINT('',(0.1505,-0.0253873243269078,0.0126113423148126));
#10192=CARTESIAN_POINT('',(0.1505,-0.0251138807657804,0.0126113423148126));
#10193=CARTESIAN_POINT('',(0.1505,-0.0251138807657804,0.0123378987536853));
#10194=CARTESIAN_POINT('',(0.1505,-0.0253873243269078,0.0126113423148126));
#10195=CARTESIAN_POINT('',(0.1505,-0.0259311731873722,0.0126113423148126));
#10196=CARTESIAN_POINT('',(0.1505,-0.0264750220478365,0.0126113423148126));
#10197=CARTESIAN_POINT('',(0.1505,-0.0267606186561251,0.0123378987536853));
#10198=CARTESIAN_POINT('',(0.1505,-0.0267606186561251,0.0126113423148126));
#10199=CARTESIAN_POINT('',(0.1505,-0.0264750220478365,0.0126113423148126));
#10200=CARTESIAN_POINT('',(0.1505,-0.0267606186561251,0.0123378987536853));
#10201=CARTESIAN_POINT('',(0.1505,-0.0267606186561251,0.0117221443641837));
#10202=CARTESIAN_POINT('',(0.1505,-0.0267606186561251,0.0111063899746821));
#10203=CARTESIAN_POINT('',(0.1505,-0.0269044297141995,0.0109646044244679));
#10204=CARTESIAN_POINT('',(0.1505,-0.0267606186561251,0.0109646044244679));
#10205=CARTESIAN_POINT('',(0.1505,-0.0267606186561251,0.0111063899746821));
#10206=CARTESIAN_POINT('',(0.1505,-0.0269044297141995,0.0109646044244679));
#10207=CARTESIAN_POINT('',(0.1505,-0.0271636947203054,0.0109646044244679));
#10208=CARTESIAN_POINT('',(0.1505,-0.0274229597264113,0.0109646044244679));
#10209=CARTESIAN_POINT('',(0.1505,-0.0276943777796785,0.0106931863712008));
#10210=CARTESIAN_POINT('',(0.1505,-0.0276943777796785,0.0109646044244679));
#10211=CARTESIAN_POINT('',(0.1505,-0.0274229597264113,0.0109646044244679));
#10212=CARTESIAN_POINT('',(0.1505,-0.0276943777796785,0.0106931863712008));
#10213=CARTESIAN_POINT('',(0.1505,-0.0276943777796785,0.010245549134096));
#10214=CARTESIAN_POINT('',(0.1505,-0.0276943777796785,0.00979791189699123));
#10215=CARTESIAN_POINT('',(0.1505,-0.0276356380517326,0.00959029734132047));
#10216=CARTESIAN_POINT('',(0.1505,-0.0276943777796785,0.00964194779175563));
#10217=CARTESIAN_POINT('',(0.1505,-0.0276943777796785,0.00979791189699123));
#10218=CARTESIAN_POINT('',(0.1505,-0.0276356380517326,0.00959029734132047));
#10219=CARTESIAN_POINT('',(0.1505,-0.0274229597264113,0.0095386468908853));
#10220=CARTESIAN_POINT('',(0.1505,-0.0275768983237867,0.0095386468908853));
#10221=CARTESIAN_POINT('',(0.1505,-0.0276356380517326,0.00959029734132047));
#10222=CARTESIAN_POINT('',(0.1505,-1.38777878078145E-17,0.009));
#10223=CARTESIAN_POINT('',(0.1505,0.0121838209719903,0.00435334676876664));
#10224=CARTESIAN_POINT('',(0.1505,0.0127347591099654,0.00435334676876664));
#10225=CARTESIAN_POINT('',(0.1505,0.0116328828340152,0.00435334676876664));
#10226=CARTESIAN_POINT('',(0.1505,0.0130082026710928,0.00462476482203379));
#10227=CARTESIAN_POINT('',(0.1505,0.0130082026710928,0.00435334676876664));
#10228=CARTESIAN_POINT('',(0.1505,0.0127347591099654,0.00435334676876664));
#10229=CARTESIAN_POINT('',(0.1505,0.0130082026710928,0.00462476482203379));
#10230=CARTESIAN_POINT('',(0.1505,0.0130082026710928,0.00890972670029239));
#10231=CARTESIAN_POINT('',(0.1505,0.0130082026710928,0.013194688578551));
#10232=CARTESIAN_POINT('',(0.1505,0.0127347591099654,0.0134661066318181));
#10233=CARTESIAN_POINT('',(0.1505,0.0130082026710928,0.0134661066318181));
#10234=CARTESIAN_POINT('',(0.1505,0.0130082026710928,0.013194688578551));
#10235=CARTESIAN_POINT('',(0.1505,0.0127347591099654,0.0134661066318181));
#10236=CARTESIAN_POINT('',(0.1505,0.0121838209719903,0.0134661066318181));
#10237=CARTESIAN_POINT('',(0.1505,0.0116328828340152,0.0134661066318181));
#10238=CARTESIAN_POINT('',(0.1505,0.0113614647807481,0.013194688578551));
#10239=CARTESIAN_POINT('',(0.1505,0.0113614647807481,0.0134661066318181));
#10240=CARTESIAN_POINT('',(0.1505,0.0116328828340152,0.0134661066318181));
#10241=CARTESIAN_POINT('',(0.1505,0.0113614647807481,0.013194688578551));
#10242=CARTESIAN_POINT('',(0.1505,0.0113614647807481,0.00890972670029239));
#10243=CARTESIAN_POINT('',(0.1505,0.0113614647807481,0.00462476482203379));
#10244=CARTESIAN_POINT('',(0.1505,0.0116328828340152,0.00435334676876664));
#10245=CARTESIAN_POINT('',(0.1505,0.0113614647807481,0.00435334676876664));
#10246=CARTESIAN_POINT('',(0.1505,0.0113614647807481,0.00462476482203379));
#10247=CARTESIAN_POINT('',(0.1505,-1.38777878078145E-17,0.009));
#10248=CARTESIAN_POINT('',(0.1505,-0.0623568937913256,0.00890972670029239));
#10249=CARTESIAN_POINT('',(0.1505,-0.0623568937913256,0.00462476482203379));
#10250=CARTESIAN_POINT('',(0.1505,-0.0623568937913256,0.013194688578551));
#10251=CARTESIAN_POINT('',(0.1505,-0.0620854757380585,0.00435334676876664));
#10252=CARTESIAN_POINT('',(0.1505,-0.0623568937913256,0.00435334676876664));
#10253=CARTESIAN_POINT('',(0.1505,-0.0623568937913256,0.00462476482203379));
#10254=CARTESIAN_POINT('',(0.1505,-0.0620854757380585,0.00435334676876664));
#10255=CARTESIAN_POINT('',(0.1505,-0.0605298857014229,0.00435334676876664));
#10256=CARTESIAN_POINT('',(0.1505,-0.0589742956647873,0.00435334676876664));
#10257=CARTESIAN_POINT('',(0.1505,-0.057392374025969,0.00489820838316114));
#10258=CARTESIAN_POINT('',(0.1505,-0.0579493886875247,0.00435334676876664));
#10259=CARTESIAN_POINT('',(0.1505,-0.0589742956647873,0.00435334676876664));
#10260=CARTESIAN_POINT('',(0.1505,-0.057392374025969,0.00489820838316114));
#10261=CARTESIAN_POINT('',(0.1505,-0.0568353593644133,0.00646595146695795));
#10262=CARTESIAN_POINT('',(0.1505,-0.0568353593644133,0.00544306999755564));
#10263=CARTESIAN_POINT('',(0.1505,-0.057392374025969,0.00489820838316114));
#10264=CARTESIAN_POINT('',(0.1505,-0.0568353593644133,0.00646595146695795));
#10265=CARTESIAN_POINT('',(0.1505,-0.0568353593644133,0.0076721413977086));
#10266=CARTESIAN_POINT('',(0.1505,-0.0568353593644133,0.00887833132845925));
#10267=CARTESIAN_POINT('',(0.1505,-0.057392374025969,0.0104460744122561));
#10268=CARTESIAN_POINT('',(0.1505,-0.0568353593644133,0.00990121279786156));
#10269=CARTESIAN_POINT('',(0.1505,-0.0568353593644133,0.00887833132845925));
#10270=CARTESIAN_POINT('',(0.1505,-0.057392374025969,0.0104460744122561));
#10271=CARTESIAN_POINT('',(0.1505,-0.0589742956647873,0.0109909360266506));
#10272=CARTESIAN_POINT('',(0.1505,-0.0579493886875247,0.0109909360266506));
#10273=CARTESIAN_POINT('',(0.1505,-0.057392374025969,0.0104460744122561));
#10274=CARTESIAN_POINT('',(0.1505,-0.0589742956647873,0.0109909360266506));
#10275=CARTESIAN_POINT('',(0.1505,-0.0591808974665279,0.0109909360266506));
#10276=CARTESIAN_POINT('',(0.1505,-0.0593874993417703,0.0109909073527572));
#10277=CARTESIAN_POINT('',(0.1505,-0.0593918270752384,0.00930260615540501));
#10278=CARTESIAN_POINT('',(0.1505,-0.0601531412394252,0.0108096530731624));
#10279=CARTESIAN_POINT('',(0.1505,-0.0606595182044758,0.0102779572598592));
#10280=CARTESIAN_POINT('',(0.1505,-0.0605157071464014,0.0106283701196743));
#10281=CARTESIAN_POINT('',(0.1505,-0.0601531412394252,0.0108096530731624));
#10282=CARTESIAN_POINT('',(0.1505,-0.0606595182044758,0.0102779572598592));
#10283=CARTESIAN_POINT('',(0.1505,-0.0606848370527284,0.0102779572598592));
#10284=CARTESIAN_POINT('',(0.1505,-0.0607101559009809,0.0102779572598592));
#10285=CARTESIAN_POINT('',(0.1505,-0.0607101559009809,0.0117363229192051));
#10286=CARTESIAN_POINT('',(0.1505,-0.0607101559009809,0.013194688578551));
#10287=CARTESIAN_POINT('',(0.1505,-0.0609835994621082,0.0134661066318181));
#10288=CARTESIAN_POINT('',(0.1505,-0.0607101559009809,0.0134661066318181));
#10289=CARTESIAN_POINT('',(0.1505,-0.0607101559009809,0.013194688578551));
#10290=CARTESIAN_POINT('',(0.1505,-0.0609835994621082,0.0134661066318181));
#10291=CARTESIAN_POINT('',(0.1505,-0.0615345376000833,0.0134661066318181));
#10292=CARTESIAN_POINT('',(0.1505,-0.0620854757380585,0.0134661066318181));
#10293=CARTESIAN_POINT('',(0.1505,-0.0623568937913256,0.013194688578551));
#10294=CARTESIAN_POINT('',(0.1505,-0.0623568937913256,0.0134661066318181));
#10295=CARTESIAN_POINT('',(0.1505,-0.0620854757380585,0.0134661066318181));
#10296=CARTESIAN_POINT('',(0.1505,-1.38777878078145E-17,0.009));
#10297=CARTESIAN_POINT('',(0.1505,-0.0198840194707373,0.00435334676876664));
#10298=CARTESIAN_POINT('',(0.1505,-0.0193067497305795,0.00435334676876664));
#10299=CARTESIAN_POINT('',(0.1505,-0.020461289210895,0.00435334676876664));
#10300=CARTESIAN_POINT('',(0.1505,-0.017731917369272,0.00490428490674175));
#10301=CARTESIAN_POINT('',(0.1505,-0.0182960213083384,0.00435334676876664));
#10302=CARTESIAN_POINT('',(0.1505,-0.0193067497305795,0.00435334676876664));
#10303=CARTESIAN_POINT('',(0.1505,-0.017731917369272,0.00490428490674175));
#10304=CARTESIAN_POINT('',(0.1505,-0.0171678134302056,0.00646595146695795));
#10305=CARTESIAN_POINT('',(0.1505,-0.0171678134302056,0.00545522304471686));
#10306=CARTESIAN_POINT('',(0.1505,-0.017731917369272,0.00490428490674175));
#10307=CARTESIAN_POINT('',(0.1505,-0.0171678134302056,0.00646595146695795));
#10308=CARTESIAN_POINT('',(0.1505,-0.0171678134302056,0.00765897559661729));
#10309=CARTESIAN_POINT('',(0.1505,-0.0171678134302056,0.00885199972627662));
#10310=CARTESIAN_POINT('',(0.1505,-0.017731917369272,0.0104136662864928));
#10311=CARTESIAN_POINT('',(0.1505,-0.0171678134302056,0.00986272814851772));
#10312=CARTESIAN_POINT('',(0.1505,-0.0171678134302056,0.00885199972627662));
#10313=CARTESIAN_POINT('',(0.1505,-0.017731917369272,0.0104136662864928));
#10314=CARTESIAN_POINT('',(0.1505,-0.0193067497305795,0.0109646044244679));
#10315=CARTESIAN_POINT('',(0.1505,-0.0182960213083384,0.0109646044244679));
#10316=CARTESIAN_POINT('',(0.1505,-0.017731917369272,0.0104136662864928));
#10317=CARTESIAN_POINT('',(0.1505,-0.0193067497305795,0.0109646044244679));
#10318=CARTESIAN_POINT('',(0.1505,-0.0198840194707373,0.0109646044244679));
#10319=CARTESIAN_POINT('',(0.1505,-0.020461289210895,0.0109646044244679));
#10320=CARTESIAN_POINT('',(0.1505,-0.0220432108497133,0.0104197428100734));
#10321=CARTESIAN_POINT('',(0.1505,-0.0214861961881575,0.0109646044244679));
#10322=CARTESIAN_POINT('',(0.1505,-0.020461289210895,0.0109646044244679));
#10323=CARTESIAN_POINT('',(0.1505,-0.0220432108497133,0.0104197428100734));
#10324=CARTESIAN_POINT('',(0.1505,-0.022600225511269,0.00885199972627662));
#10325=CARTESIAN_POINT('',(0.1505,-0.022600225511269,0.00987488119567893));
#10326=CARTESIAN_POINT('',(0.1505,-0.0220432108497133,0.0104197428100734));
#10327=CARTESIAN_POINT('',(0.1505,-0.022600225511269,0.00885199972627662));
#10328=CARTESIAN_POINT('',(0.1505,-0.022600225511269,0.00765897559661729));
#10329=CARTESIAN_POINT('',(0.1505,-0.022600225511269,0.00646595146695795));
#10330=CARTESIAN_POINT('',(0.1505,-0.0220432108497133,0.00489820838316114));
#10331=CARTESIAN_POINT('',(0.1505,-0.022600225511269,0.00544306999755564));
#10332=CARTESIAN_POINT('',(0.1505,-0.022600225511269,0.00646595146695795));
#10333=CARTESIAN_POINT('',(0.1505,-0.0220432108497133,0.00489820838316114));
#10334=CARTESIAN_POINT('',(0.1505,-0.020461289210895,0.00435334676876664));
#10335=CARTESIAN_POINT('',(0.1505,-0.0214861961881575,0.00435334676876664));
#10336=CARTESIAN_POINT('',(0.1505,-0.0220432108497133,0.00489820838316114));
#10337=CARTESIAN_POINT('',(0.1505,-0.0142247505093312,0.00395229621244652));
#10338=CARTESIAN_POINT('',(0.1545,-0.0142247505093312,0.00395229621244652));
#10339=CARTESIAN_POINT('',(0.1545,-0.0142247505093312,0.00505417248839674));
#10340=CARTESIAN_POINT('',(0.1545,-0.0142247505093312,0.00285041993649631));
#10341=CARTESIAN_POINT('',(0.1505,-0.0142247505093312,0.00505417248839674));
#10342=CARTESIAN_POINT('',(0.1505,-0.0142247505093312,0.00285041993649631));
#10343=CARTESIAN_POINT('',(0.1505,-0.0141994316610787,0.00505417248839674));
#10344=CARTESIAN_POINT('',(0.1545,-0.0141994316610787,0.00505417248839674));
#10345=CARTESIAN_POINT('',(0.1545,-0.0141741128128261,0.00505417248839674));
#10346=CARTESIAN_POINT('',(0.1505,-0.0141741128128261,0.00505417248839674));
#10347=CARTESIAN_POINT('',(0.1505,-0.0136677358477755,0.00452855319867417));
#10348=CARTESIAN_POINT('',(0.1545,-0.0136677358477755,0.00452855319867417));
#10349=CARTESIAN_POINT('',(0.1505,-0.0139094464524263,0.00464535748527918));
#10350=CARTESIAN_POINT('',(0.1545,-0.0139094464524263,0.00464535748527918));
#10351=CARTESIAN_POINT('',(0.1505,-0.0140782387741099,0.00482056391518671));
#10352=CARTESIAN_POINT('',(0.1545,-0.0140782387741099,0.00482056391518671));
#10353=CARTESIAN_POINT('',(0.1505,-0.0141741128128261,0.00505417248839674));
#10354=CARTESIAN_POINT('',(0.1545,-0.0141741128128261,0.00505417248839674));
#10355=CARTESIAN_POINT('',(0.1545,-0.0136677358477755,0.00452855319867417));
#10356=CARTESIAN_POINT('',(0.1545,-0.0140303017547517,0.00470375962858169));
#10357=CARTESIAN_POINT('',(0.1545,-0.0141741128128261,0.00505417248839674));
#10358=CARTESIAN_POINT('',(0.1545,-0.0136677358477755,0.00452855319867417));
#10359=CARTESIAN_POINT('',(0.1505,-0.0136677358477755,0.00452855319867417));
#10360=CARTESIAN_POINT('',(0.1505,-0.0129076383334402,0.00608978094100972));
#10361=CARTESIAN_POINT('',(0.1545,-0.0129076383334402,0.00608978094100972));
#10362=CARTESIAN_POINT('',(0.1545,-0.0129020940400826,0.0043533979629411));
#10363=CARTESIAN_POINT('',(0.1505,-0.0129020938766189,0.00435334676876664));
#10364=CARTESIAN_POINT('',(0.1505,-0.0126367523469323,0.00435334676876664));
#10365=CARTESIAN_POINT('',(0.1545,-0.0126367523469323,0.00435334676876664));
#10366=CARTESIAN_POINT('',(0.1545,-0.0123714108172458,0.00435334676876664));
#10367=CARTESIAN_POINT('',(0.1505,-0.0123714108172458,0.00435334676876664));
#10368=CARTESIAN_POINT('',(0.1505,-0.0108613947074648,0.00489820838316114));
#10369=CARTESIAN_POINT('',(0.1545,-0.0108613947074648,0.00489820838316114));
#10370=CARTESIAN_POINT('',(0.1505,-0.0112023551972655,0.00453496730689814));
#10371=CARTESIAN_POINT('',(0.1545,-0.0112023551972655,0.00453496730689814));
#10372=CARTESIAN_POINT('',(0.1505,-0.0117056939005259,0.00435334676876664));
#10373=CARTESIAN_POINT('',(0.1545,-0.0117056939005259,0.00435334676876664));
#10374=CARTESIAN_POINT('',(0.1505,-0.0123714108172458,0.00435334676876664));
#10375=CARTESIAN_POINT('',(0.1545,-0.0123714108172458,0.00435334676876664));
#10376=CARTESIAN_POINT('',(0.1545,-0.0108613947074648,0.00489820838316114));
#10377=CARTESIAN_POINT('',(0.1545,-0.0113728354421659,0.00435334676876664));
#10378=CARTESIAN_POINT('',(0.1545,-0.0123714108172458,0.00435334676876664));
#10379=CARTESIAN_POINT('',(0.1545,-0.0108613947074648,0.00489820838316114));
#10380=CARTESIAN_POINT('',(0.1505,-0.0108613947074648,0.00489820838316114));
#10381=CARTESIAN_POINT('',(0.1505,-0.0103499539727636,0.00646595146695795));
#10382=CARTESIAN_POINT('',(0.1545,-0.0103499539727636,0.00646595146695795));
#10383=CARTESIAN_POINT('',(0.1505,-0.0103499539727636,0.00578403048735641));
#10384=CARTESIAN_POINT('',(0.1545,-0.0103499539727636,0.00578403048735641));
#10385=CARTESIAN_POINT('',(0.1505,-0.010520434217664,0.00526144945942414));
#10386=CARTESIAN_POINT('',(0.1545,-0.010520434217664,0.00526144945942414));
#10387=CARTESIAN_POINT('',(0.1505,-0.0108613947074648,0.00489820838316114));
#10388=CARTESIAN_POINT('',(0.1545,-0.0108613947074648,0.00489820838316114));
#10389=CARTESIAN_POINT('',(0.1545,-0.0103499539727636,0.00646595146695795));
#10390=CARTESIAN_POINT('',(0.1545,-0.0103499539727636,0.00544306999755564));
#10391=CARTESIAN_POINT('',(0.1545,-0.0108613947074648,0.00489820838316114));
#10392=CARTESIAN_POINT('',(0.1545,-0.0103499539727636,0.00646595146695795));
#10393=CARTESIAN_POINT('',(0.1505,-0.0103499539727636,0.00646595146695795));
#10394=CARTESIAN_POINT('',(0.1505,-0.0103499539727636,0.00765897559661729));
#10395=CARTESIAN_POINT('',(0.1545,-0.0103499539727636,0.00765897559661729));
#10396=CARTESIAN_POINT('',(0.1545,-0.0103499539727636,0.00885199972627662));
#10397=CARTESIAN_POINT('',(0.1505,-0.0103499539727636,0.00885199972627662));
#10398=CARTESIAN_POINT('',(0.1505,-0.0108613947074648,0.0104197428100734));
#10399=CARTESIAN_POINT('',(0.1545,-0.0108613947074648,0.0104197428100734));
#10400=CARTESIAN_POINT('',(0.1505,-0.010520434217664,0.0100565017338104));
#10401=CARTESIAN_POINT('',(0.1545,-0.010520434217664,0.0100565017338104));
#10402=CARTESIAN_POINT('',(0.1505,-0.0103499539727636,0.00953392070587816));
#10403=CARTESIAN_POINT('',(0.1545,-0.0103499539727636,0.00953392070587816));
#10404=CARTESIAN_POINT('',(0.1505,-0.0103499539727636,0.00885199972627662));
#10405=CARTESIAN_POINT('',(0.1545,-0.0103499539727636,0.00885199972627662));
#10406=CARTESIAN_POINT('',(0.1545,-0.0108613947074648,0.0104197428100734));
#10407=CARTESIAN_POINT('',(0.1545,-0.0103499539727636,0.00987488119567893));
#10408=CARTESIAN_POINT('',(0.1545,-0.0103499539727636,0.00885199972627662));
#10409=CARTESIAN_POINT('',(0.1545,-0.0108613947074648,0.0104197428100734));
#10410=CARTESIAN_POINT('',(0.1505,-0.0108613947074648,0.0104197428100734));
#10411=CARTESIAN_POINT('',(0.1505,-0.0123714108172458,0.0109646044244679));
#10412=CARTESIAN_POINT('',(0.1545,-0.0123714108172458,0.0109646044244679));
#10413=CARTESIAN_POINT('',(0.1505,-0.0117056939005259,0.0109646044244679));
#10414=CARTESIAN_POINT('',(0.1545,-0.0117056939005259,0.0109646044244679));
#10415=CARTESIAN_POINT('',(0.1505,-0.0112023551972655,0.0107829838863364));
#10416=CARTESIAN_POINT('',(0.1545,-0.0112023551972655,0.0107829838863364));
#10417=CARTESIAN_POINT('',(0.1505,-0.0108613947074648,0.0104197428100734));
#10418=CARTESIAN_POINT('',(0.1545,-0.0108613947074648,0.0104197428100734));
#10419=CARTESIAN_POINT('',(0.1545,-0.0123714108172458,0.0109646044244679));
#10420=CARTESIAN_POINT('',(0.1545,-0.0113728354421659,0.0109646044244679));
#10421=CARTESIAN_POINT('',(0.1545,-0.0108613947074648,0.0104197428100734));
#10422=CARTESIAN_POINT('',(0.1545,-0.0123714108172458,0.0109646044244679));
#10423=CARTESIAN_POINT('',(0.1505,-0.0123714108172458,0.0109646044244679));
#10424=CARTESIAN_POINT('',(0.1505,-0.0126367523469323,0.0109646044244679));
#10425=CARTESIAN_POINT('',(0.1545,-0.0126367523469323,0.0109646044244679));
#10426=CARTESIAN_POINT('',(0.1545,-0.0129020940400826,0.0109645532302935));
#10427=CARTESIAN_POINT('',(0.1505,-0.0129020938766189,0.0109646044244679));
#10428=CARTESIAN_POINT('',(0.1505,-0.0129076383334402,0.00922817025222478));
#10429=CARTESIAN_POINT('',(0.1545,-0.0129076383334402,0.00922817025222478));
#10430=CARTESIAN_POINT('',(0.1545,-0.0136677358477755,0.0107893979945604));
#10431=CARTESIAN_POINT('',(0.1505,-0.0136677358477755,0.0107893979945604));
#10432=CARTESIAN_POINT('',(0.1505,-0.0141741128128261,0.0102637787048378));
#10433=CARTESIAN_POINT('',(0.1545,-0.0141741128128261,0.0102637787048378));
#10434=CARTESIAN_POINT('',(0.1505,-0.0140782387741099,0.0104973872780479));
#10435=CARTESIAN_POINT('',(0.1545,-0.0140782387741099,0.0104973872780479));
#10436=CARTESIAN_POINT('',(0.1505,-0.0139094464524263,0.0106725937079554));
#10437=CARTESIAN_POINT('',(0.1545,-0.0139094464524263,0.0106725937079554));
#10438=CARTESIAN_POINT('',(0.1505,-0.0136677358477755,0.0107893979945604));
#10439=CARTESIAN_POINT('',(0.1545,-0.0136677358477755,0.0107893979945604));
#10440=CARTESIAN_POINT('',(0.1545,-0.0141741128128261,0.0102637787048378));
#10441=CARTESIAN_POINT('',(0.1545,-0.0140303017547517,0.0106141915646529));
#10442=CARTESIAN_POINT('',(0.1545,-0.0136677358477755,0.0107893979945604));
#10443=CARTESIAN_POINT('',(0.1545,-0.0141741128128261,0.0102637787048378));
#10444=CARTESIAN_POINT('',(0.1505,-0.0141741128128261,0.0102637787048378));
#10445=CARTESIAN_POINT('',(0.1505,-0.0141994316610787,0.0102637787048378));
#10446=CARTESIAN_POINT('',(0.1545,-0.0141994316610787,0.0102637787048378));
#10447=CARTESIAN_POINT('',(0.1545,-0.0142247505093312,0.0102637787048378));
#10448=CARTESIAN_POINT('',(0.1505,-0.0142247505093312,0.0102637787048378));
#10449=CARTESIAN_POINT('',(0.1505,-0.0142247505093312,0.0104784825380193));
#10450=CARTESIAN_POINT('',(0.1545,-0.0142247505093312,0.0104784825380193));
#10451=CARTESIAN_POINT('',(0.1545,-0.0142247505093312,0.0106931863712008));
#10452=CARTESIAN_POINT('',(0.1505,-0.0142247505093312,0.0106931863712008));
#10453=CARTESIAN_POINT('',(0.1505,-0.0144981940704585,0.0109646044244679));
#10454=CARTESIAN_POINT('',(0.1545,-0.0144981940704585,0.0109646044244679));
#10455=CARTESIAN_POINT('',(0.1505,-0.0143158983630403,0.0109646044244679));
#10456=CARTESIAN_POINT('',(0.1545,-0.0143158983630403,0.0109646044244679));
#10457=CARTESIAN_POINT('',(0.1505,-0.0142247505093312,0.0108741317400455));
#10458=CARTESIAN_POINT('',(0.1545,-0.0142247505093312,0.0108741317400455));
#10459=CARTESIAN_POINT('',(0.1505,-0.0142247505093312,0.0106931863712008));
#10460=CARTESIAN_POINT('',(0.1545,-0.0142247505093312,0.0106931863712008));
#10461=CARTESIAN_POINT('',(0.1545,-0.0144981940704585,0.0109646044244679));
#10462=CARTESIAN_POINT('',(0.1545,-0.0142247505093312,0.0109646044244679));
#10463=CARTESIAN_POINT('',(0.1545,-0.0142247505093312,0.0106931863712008));
#10464=CARTESIAN_POINT('',(0.1545,-0.0144981940704585,0.0109646044244679));
#10465=CARTESIAN_POINT('',(0.1505,-0.0144981940704585,0.0109646044244679));
#10466=CARTESIAN_POINT('',(0.1505,-0.0150491322084337,0.0109646044244679));
#10467=CARTESIAN_POINT('',(0.1545,-0.0150491322084337,0.0109646044244679));
#10468=CARTESIAN_POINT('',(0.1545,-0.0156000703464087,0.0109646044244679));
#10469=CARTESIAN_POINT('',(0.1505,-0.0156000703464087,0.0109646044244679));
#10470=CARTESIAN_POINT('',(0.1505,-0.0158714883996759,0.0106931863712008));
#10471=CARTESIAN_POINT('',(0.1545,-0.0158714883996759,0.0106931863712008));
#10472=CARTESIAN_POINT('',(0.1505,-0.0158714883996759,0.0108741317400455));
#10473=CARTESIAN_POINT('',(0.1545,-0.0158714883996759,0.0108741317400455));
#10474=CARTESIAN_POINT('',(0.1505,-0.0157810157152535,0.0109646044244679));
#10475=CARTESIAN_POINT('',(0.1545,-0.0157810157152535,0.0109646044244679));
#10476=CARTESIAN_POINT('',(0.1505,-0.0156000703464087,0.0109646044244679));
#10477=CARTESIAN_POINT('',(0.1545,-0.0156000703464087,0.0109646044244679));
#10478=CARTESIAN_POINT('',(0.1545,-0.0158714883996759,0.0106931863712008));
#10479=CARTESIAN_POINT('',(0.1545,-0.0158714883996759,0.0109646044244679));
#10480=CARTESIAN_POINT('',(0.1545,-0.0156000703464087,0.0109646044244679));
#10481=CARTESIAN_POINT('',(0.1545,-0.0158714883996759,0.0106931863712008));
#10482=CARTESIAN_POINT('',(0.1505,-0.0158714883996759,0.0106931863712008));
#10483=CARTESIAN_POINT('',(0.1505,-0.0158714883996759,0.00677180315384855));
#10484=CARTESIAN_POINT('',(0.1545,-0.0158714883996759,0.00677180315384855));
#10485=CARTESIAN_POINT('',(0.1545,-0.0158714883996759,0.00285041993649631));
#10486=CARTESIAN_POINT('',(0.1505,-0.0158714883996759,0.00285041993649631));
#10487=CARTESIAN_POINT('',(0.1505,-0.0156000703464087,0.00259115493039038));
#10488=CARTESIAN_POINT('',(0.1545,-0.0156000703464087,0.00259115493039038));
#10489=CARTESIAN_POINT('',(0.1505,-0.0157810157152535,0.00259115493039038));
#10490=CARTESIAN_POINT('',(0.1545,-0.0157810157152535,0.00259115493039038));
#10491=CARTESIAN_POINT('',(0.1505,-0.0158714883996759,0.00267757659909236));
#10492=CARTESIAN_POINT('',(0.1545,-0.0158714883996759,0.00267757659909236));
#10493=CARTESIAN_POINT('',(0.1505,-0.0158714883996759,0.00285041993649631));
#10494=CARTESIAN_POINT('',(0.1545,-0.0158714883996759,0.00285041993649631));
#10495=CARTESIAN_POINT('',(0.1545,-0.0156000703464087,0.00259115493039038));
#10496=CARTESIAN_POINT('',(0.1545,-0.0158714883996759,0.00259115493039038));
#10497=CARTESIAN_POINT('',(0.1545,-0.0158714883996759,0.00285041993649631));
#10498=CARTESIAN_POINT('',(0.1545,-0.0156000703464087,0.00259115493039038));
#10499=CARTESIAN_POINT('',(0.1505,-0.0156000703464087,0.00259115493039038));
#10500=CARTESIAN_POINT('',(0.1505,-0.0150491322084337,0.00259115493039038));
#10501=CARTESIAN_POINT('',(0.1545,-0.0150491322084337,0.00259115493039038));
#10502=CARTESIAN_POINT('',(0.1545,-0.0144981940704585,0.00259115493039038));
#10503=CARTESIAN_POINT('',(0.1505,-0.0144981940704585,0.00259115493039038));
#10504=CARTESIAN_POINT('',(0.1505,-0.0142247505093312,0.00285041993649631));
#10505=CARTESIAN_POINT('',(0.1545,-0.0142247505093312,0.00285041993649631));
#10506=CARTESIAN_POINT('',(0.1505,-0.0142247505093312,0.00267757659909236));
#10507=CARTESIAN_POINT('',(0.1545,-0.0142247505093312,0.00267757659909236));
#10508=CARTESIAN_POINT('',(0.1505,-0.0143158983630403,0.00259115493039038));
#10509=CARTESIAN_POINT('',(0.1545,-0.0143158983630403,0.00259115493039038));
#10510=CARTESIAN_POINT('',(0.1505,-0.0144981940704585,0.00259115493039038));
#10511=CARTESIAN_POINT('',(0.1545,-0.0144981940704585,0.00259115493039038));
#10512=CARTESIAN_POINT('',(0.1545,-0.0142247505093312,0.00285041993649631));
#10513=CARTESIAN_POINT('',(0.1545,-0.0142247505093312,0.00259115493039038));
#10514=CARTESIAN_POINT('',(0.1545,-0.0144981940704585,0.00259115493039038));
#10515=CARTESIAN_POINT('',(0.1505,-0.0503922188611088,0.00461261177487258));
#10516=CARTESIAN_POINT('',(0.1545,-0.0503922188611088,0.00461261177487258));
#10517=CARTESIAN_POINT('',(0.1505,-0.0503922188611088,0.00451808807472979));
#10518=CARTESIAN_POINT('',(0.1545,-0.0503922188611088,0.00451808807472979));
#10519=CARTESIAN_POINT('',(0.1505,-0.0504117987704241,0.0044512463153431));
#10520=CARTESIAN_POINT('',(0.1545,-0.0504117987704241,0.0044512463153431));
#10521=CARTESIAN_POINT('',(0.1505,-0.0504509585890547,0.00441208649671252));
#10522=CARTESIAN_POINT('',(0.1545,-0.0504509585890547,0.00441208649671252));
#10523=CARTESIAN_POINT('',(0.1545,-0.0503922188611088,0.00461261177487258));
#10524=CARTESIAN_POINT('',(0.1545,-0.0503922188611088,0.00447082622465839));
#10525=CARTESIAN_POINT('',(0.1545,-0.0504509585890547,0.00441208649671252));
#10526=CARTESIAN_POINT('',(0.1545,-0.0503922188611088,0.00461261177487258));
#10527=CARTESIAN_POINT('',(0.1545,-0.0504509585890547,0.00441208649671252));
#10528=CARTESIAN_POINT('',(0.1505,-0.0503922188611088,0.00461261177487258));
#10529=CARTESIAN_POINT('',(0.1505,-0.0504509585890547,0.00441208649671252));
#10530=CARTESIAN_POINT('',(0.1505,-0.0503922188611088,0.00503999393337532));
#10531=CARTESIAN_POINT('',(0.1545,-0.0503922188611088,0.00503999393337532));
#10532=CARTESIAN_POINT('',(0.1545,-0.0503922188611088,0.00546737609187807));
#10533=CARTESIAN_POINT('',(0.1505,-0.0503922188611088,0.00546737609187807));
#10534=CARTESIAN_POINT('',(0.1505,-0.0506656624222362,0.00575297270016664));
#10535=CARTESIAN_POINT('',(0.1545,-0.0506656624222362,0.00575297270016664));
#10536=CARTESIAN_POINT('',(0.1505,-0.0504833667148179,0.00575297270016664));
#10537=CARTESIAN_POINT('',(0.1545,-0.0504833667148179,0.00575297270016664));
#10538=CARTESIAN_POINT('',(0.1505,-0.0503922188611088,0.00565777383073712));
#10539=CARTESIAN_POINT('',(0.1545,-0.0503922188611088,0.00565777383073712));
#10540=CARTESIAN_POINT('',(0.1505,-0.0503922188611088,0.00546737609187807));
#10541=CARTESIAN_POINT('',(0.1545,-0.0503922188611088,0.00546737609187807));
#10542=CARTESIAN_POINT('',(0.1545,-0.0506656624222362,0.00575297270016664));
#10543=CARTESIAN_POINT('',(0.1545,-0.0503922188611088,0.00575297270016664));
#10544=CARTESIAN_POINT('',(0.1545,-0.0503922188611088,0.00546737609187807));
#10545=CARTESIAN_POINT('',(0.1545,-0.0506656624222362,0.00575297270016664));
#10546=CARTESIAN_POINT('',(0.1505,-0.0506656624222362,0.00575297270016664));
#10547=CARTESIAN_POINT('',(0.1505,-0.0519741404999271,0.00575297270016664));
#10548=CARTESIAN_POINT('',(0.1545,-0.0519741404999271,0.00575297270016664));
#10549=CARTESIAN_POINT('',(0.1545,-0.0532826185776179,0.00575297270016664));
#10550=CARTESIAN_POINT('',(0.1505,-0.0532826185776179,0.00575297270016664));
#10551=CARTESIAN_POINT('',(0.1505,-0.053873054118867,0.00592817913007416));
#10552=CARTESIAN_POINT('',(0.1545,-0.053873054118867,0.00592817913007416));
#10553=CARTESIAN_POINT('',(0.1505,-0.053756249832262,0.00581137484346915));
#10554=CARTESIAN_POINT('',(0.1545,-0.053756249832262,0.00581137484346915));
#10555=CARTESIAN_POINT('',(0.1505,-0.053559437985179,0.00575297270016664));
#10556=CARTESIAN_POINT('',(0.1545,-0.053559437985179,0.00575297270016664));
#10557=CARTESIAN_POINT('',(0.1505,-0.0532826185776179,0.00575297270016664));
#10558=CARTESIAN_POINT('',(0.1545,-0.0532826185776179,0.00575297270016664));
#10559=CARTESIAN_POINT('',(0.1545,-0.053873054118867,0.00592817913007416));
#10560=CARTESIAN_POINT('',(0.1545,-0.0536978476889595,0.00575297270016664));
#10561=CARTESIAN_POINT('',(0.1545,-0.0532826185776179,0.00575297270016664));
#10562=CARTESIAN_POINT('',(0.1545,-0.053873054118867,0.00592817913007416));
#10563=CARTESIAN_POINT('',(0.1505,-0.053873054118867,0.00592817913007416));
#10564=CARTESIAN_POINT('',(0.1505,-0.0540482605487745,0.0065044361163018));
#10565=CARTESIAN_POINT('',(0.1545,-0.0540482605487745,0.0065044361163018));
#10566=CARTESIAN_POINT('',(0.1505,-0.0540482605487745,0.00623706907875506));
#10567=CARTESIAN_POINT('',(0.1545,-0.0540482605487745,0.00623706907875506));
#10568=CARTESIAN_POINT('',(0.1505,-0.053989858405472,0.00604498341667918));
#10569=CARTESIAN_POINT('',(0.1545,-0.053989858405472,0.00604498341667918));
#10570=CARTESIAN_POINT('',(0.1505,-0.053873054118867,0.00592817913007416));
#10571=CARTESIAN_POINT('',(0.1545,-0.053873054118867,0.00592817913007416));
#10572=CARTESIAN_POINT('',(0.1545,-0.0540482605487745,0.0065044361163018));
#10573=CARTESIAN_POINT('',(0.1545,-0.0540482605487745,0.00610338555998169));
#10574=CARTESIAN_POINT('',(0.1545,-0.053873054118867,0.00592817913007416));
#10575=CARTESIAN_POINT('',(0.1545,-0.0540482605487745,0.0065044361163018));
#10576=CARTESIAN_POINT('',(0.1505,-0.0540482605487745,0.0065044361163018));
#10577=CARTESIAN_POINT('',(0.1505,-0.0540482605487745,0.00664723442044609));
#10578=CARTESIAN_POINT('',(0.1545,-0.0540482605487745,0.00664723442044609));
#10579=CARTESIAN_POINT('',(0.1545,-0.0540482605487745,0.00679003272459037));
#10580=CARTESIAN_POINT('',(0.1505,-0.0540482605487745,0.00679003272459037));
#10581=CARTESIAN_POINT('',(0.1505,-0.0538922964435389,0.00693384378266476));
#10582=CARTESIAN_POINT('',(0.1545,-0.0538922964435389,0.00693384378266476));
#10583=CARTESIAN_POINT('',(0.1505,-0.053996272513696,0.00693384378266476));
#10584=CARTESIAN_POINT('',(0.1545,-0.053996272513696,0.00693384378266476));
#10585=CARTESIAN_POINT('',(0.1505,-0.0540482605487745,0.00688590676330663));
#10586=CARTESIAN_POINT('',(0.1545,-0.0540482605487745,0.00688590676330663));
#10587=CARTESIAN_POINT('',(0.1505,-0.0540482605487745,0.00679003272459037));
#10588=CARTESIAN_POINT('',(0.1545,-0.0540482605487745,0.00679003272459037));
#10589=CARTESIAN_POINT('',(0.1545,-0.0538922964435389,0.00693384378266476));
#10590=CARTESIAN_POINT('',(0.1545,-0.0540482605487745,0.00693384378266476));
#10591=CARTESIAN_POINT('',(0.1545,-0.0540482605487745,0.00679003272459037));
#10592=CARTESIAN_POINT('',(0.1545,-0.0538922964435389,0.00693384378266476));
#10593=CARTESIAN_POINT('',(0.1505,-0.0538922964435389,0.00693384378266476));
#10594=CARTESIAN_POINT('',(0.1505,-0.0522658136317962,0.00693384378266476));
#10595=CARTESIAN_POINT('',(0.1545,-0.0522658136317962,0.00693384378266476));
#10596=CARTESIAN_POINT('',(0.1545,-0.0506393308200536,0.00693384378266476));
#10597=CARTESIAN_POINT('',(0.1505,-0.0506393308200536,0.00693384378266476));
#10598=CARTESIAN_POINT('',(0.1505,-0.0503658872589262,0.0072052618359319));
#10599=CARTESIAN_POINT('',(0.1545,-0.0503658872589262,0.0072052618359319));
#10600=CARTESIAN_POINT('',(0.1505,-0.0503658872589262,0.00702431646708714));
#10601=CARTESIAN_POINT('',(0.1545,-0.0503658872589262,0.00702431646708714));
#10602=CARTESIAN_POINT('',(0.1505,-0.0504570351126353,0.00693384378266476));
#10603=CARTESIAN_POINT('',(0.1545,-0.0504570351126353,0.00693384378266476));
#10604=CARTESIAN_POINT('',(0.1505,-0.0506393308200536,0.00693384378266476));
#10605=CARTESIAN_POINT('',(0.1545,-0.0506393308200536,0.00693384378266476));
#10606=CARTESIAN_POINT('',(0.1545,-0.0503658872589262,0.0072052618359319));
#10607=CARTESIAN_POINT('',(0.1545,-0.0503658872589262,0.00693384378266476));
#10608=CARTESIAN_POINT('',(0.1545,-0.0506393308200536,0.00693384378266476));
#10609=CARTESIAN_POINT('',(0.1545,-0.0503658872589262,0.0072052618359319));
#10610=CARTESIAN_POINT('',(0.1505,-0.0503658872589262,0.0072052618359319));
#10611=CARTESIAN_POINT('',(0.1505,-0.0503658872589262,0.00802863078110426));
#10612=CARTESIAN_POINT('',(0.1545,-0.0503658872589262,0.00802863078110426));
#10613=CARTESIAN_POINT('',(0.1545,-0.0503658872589262,0.00885199972627662));
#10614=CARTESIAN_POINT('',(0.1505,-0.0503658872589262,0.00885199972627662));
#10615=CARTESIAN_POINT('',(0.1505,-0.050923914674412,0.0104197428100734));
#10616=CARTESIAN_POINT('',(0.1545,-0.050923914674412,0.0104197428100734));
#10617=CARTESIAN_POINT('',(0.1505,-0.0505518963974215,0.0100565017338104));
#10618=CARTESIAN_POINT('',(0.1545,-0.0505518963974215,0.0100565017338104));
#10619=CARTESIAN_POINT('',(0.1505,-0.0503658872589262,0.00953392070587816));
#10620=CARTESIAN_POINT('',(0.1545,-0.0503658872589262,0.00953392070587816));
#10621=CARTESIAN_POINT('',(0.1505,-0.0503658872589262,0.00885199972627662));
#10622=CARTESIAN_POINT('',(0.1545,-0.0503658872589262,0.00885199972627662));
#10623=CARTESIAN_POINT('',(0.1545,-0.050923914674412,0.0104197428100734));
#10624=CARTESIAN_POINT('',(0.1545,-0.0503658872589262,0.00987488119567893));
#10625=CARTESIAN_POINT('',(0.1545,-0.0503658872589262,0.00885199972627662));
#10626=CARTESIAN_POINT('',(0.1545,-0.050923914674412,0.0104197428100734));
#10627=CARTESIAN_POINT('',(0.1505,-0.050923914674412,0.0104197428100734));
#10628=CARTESIAN_POINT('',(0.1505,-0.0525048235593002,0.0109646044244679));
#10629=CARTESIAN_POINT('',(0.1545,-0.0525048235593002,0.0109646044244679));
#10630=CARTESIAN_POINT('',(0.1505,-0.0518229025796986,0.0109646044244679));
#10631=CARTESIAN_POINT('',(0.1545,-0.0518229025796986,0.0109646044244679));
#10632=CARTESIAN_POINT('',(0.1505,-0.0512959329514025,0.0107829838863364));
#10633=CARTESIAN_POINT('',(0.1545,-0.0512959329514025,0.0107829838863364));
#10634=CARTESIAN_POINT('',(0.1505,-0.050923914674412,0.0104197428100734));
#10635=CARTESIAN_POINT('',(0.1545,-0.050923914674412,0.0104197428100734));
#10636=CARTESIAN_POINT('',(0.1545,-0.0525048235593002,0.0109646044244679));
#10637=CARTESIAN_POINT('',(0.1545,-0.0514819420898978,0.0109646044244679));
#10638=CARTESIAN_POINT('',(0.1545,-0.050923914674412,0.0104197428100734));
#10639=CARTESIAN_POINT('',(0.1545,-0.0525048235593002,0.0109646044244679));
#10640=CARTESIAN_POINT('',(0.1505,-0.0525048235593002,0.0109646044244679));
#10641=CARTESIAN_POINT('',(0.1505,-0.0530172770479314,0.0109646044244679));
#10642=CARTESIAN_POINT('',(0.1545,-0.0530172770479314,0.0109646044244679));
#10643=CARTESIAN_POINT('',(0.1545,-0.0535297305365627,0.0109646044244679));
#10644=CARTESIAN_POINT('',(0.1505,-0.0535297305365627,0.0109646044244679));
#10645=CARTESIAN_POINT('',(0.1505,-0.0551116521753809,0.0104197428100734));
#10646=CARTESIAN_POINT('',(0.1545,-0.0551116521753809,0.0104197428100734));
#10647=CARTESIAN_POINT('',(0.1505,-0.0547403090676771,0.0107829838863364));
#10648=CARTESIAN_POINT('',(0.1545,-0.0547403090676771,0.0107829838863364));
#10649=CARTESIAN_POINT('',(0.1505,-0.0542130018547377,0.0109646044244679));
#10650=CARTESIAN_POINT('',(0.1545,-0.0542130018547377,0.0109646044244679));
#10651=CARTESIAN_POINT('',(0.1505,-0.0535297305365627,0.0109646044244679));
#10652=CARTESIAN_POINT('',(0.1545,-0.0535297305365627,0.0109646044244679));
#10653=CARTESIAN_POINT('',(0.1545,-0.0551116521753809,0.0104197428100734));
#10654=CARTESIAN_POINT('',(0.1545,-0.0545546375138252,0.0109646044244679));
#10655=CARTESIAN_POINT('',(0.1545,-0.0535297305365627,0.0109646044244679));
#10656=CARTESIAN_POINT('',(0.1545,-0.0551116521753809,0.0104197428100734));
#10657=CARTESIAN_POINT('',(0.1505,-0.0551116521753809,0.0104197428100734));
#10658=CARTESIAN_POINT('',(0.1505,-0.0556686668369366,0.00885199972627662));
#10659=CARTESIAN_POINT('',(0.1545,-0.0556686668369366,0.00885199972627662));
#10660=CARTESIAN_POINT('',(0.1505,-0.0556686668369366,0.00953392070587816));
#10661=CARTESIAN_POINT('',(0.1545,-0.0556686668369366,0.00953392070587816));
#10662=CARTESIAN_POINT('',(0.1505,-0.0554829952830847,0.0100565017338104));
#10663=CARTESIAN_POINT('',(0.1545,-0.0554829952830847,0.0100565017338104));
#10664=CARTESIAN_POINT('',(0.1505,-0.0551116521753809,0.0104197428100734));
#10665=CARTESIAN_POINT('',(0.1545,-0.0551116521753809,0.0104197428100734));
#10666=CARTESIAN_POINT('',(0.1545,-0.0556686668369366,0.00885199972627662));
#10667=CARTESIAN_POINT('',(0.1545,-0.0556686668369366,0.00987488119567893));
#10668=CARTESIAN_POINT('',(0.1545,-0.0551116521753809,0.0104197428100734));
#10669=CARTESIAN_POINT('',(0.1545,-0.0556686668369366,0.00885199972627662));
#10670=CARTESIAN_POINT('',(0.1505,-0.0556686668369366,0.00885199972627662));
#10671=CARTESIAN_POINT('',(0.1505,-0.0556686668369366,0.00765897559661729));
#10672=CARTESIAN_POINT('',(0.1545,-0.0556686668369366,0.00765897559661729));
#10673=CARTESIAN_POINT('',(0.1545,-0.0556686668369366,0.00646595146695795));
#10674=CARTESIAN_POINT('',(0.1505,-0.0556686668369366,0.00646595146695795));
#10675=CARTESIAN_POINT('',(0.1505,-0.0551116521753809,0.00489820838316114));
#10676=CARTESIAN_POINT('',(0.1545,-0.0551116521753809,0.00489820838316114));
#10677=CARTESIAN_POINT('',(0.1505,-0.0554829952830847,0.00526144945942414));
#10678=CARTESIAN_POINT('',(0.1545,-0.0554829952830847,0.00526144945942414));
#10679=CARTESIAN_POINT('',(0.1505,-0.0556686668369366,0.00578403048735641));
#10680=CARTESIAN_POINT('',(0.1545,-0.0556686668369366,0.00578403048735641));
#10681=CARTESIAN_POINT('',(0.1505,-0.0556686668369366,0.00646595146695795));
#10682=CARTESIAN_POINT('',(0.1545,-0.0556686668369366,0.00646595146695795));
#10683=CARTESIAN_POINT('',(0.1545,-0.0551116521753809,0.00489820838316114));
#10684=CARTESIAN_POINT('',(0.1545,-0.0556686668369366,0.00544306999755564));
#10685=CARTESIAN_POINT('',(0.1545,-0.0556686668369366,0.00646595146695795));
#10686=CARTESIAN_POINT('',(0.1545,-0.0551116521753809,0.00489820838316114));
#10687=CARTESIAN_POINT('',(0.1505,-0.0551116521753809,0.00489820838316114));
#10688=CARTESIAN_POINT('',(0.1505,-0.0535297305365627,0.00435334676876664));
#10689=CARTESIAN_POINT('',(0.1545,-0.0535297305365627,0.00435334676876664));
#10690=CARTESIAN_POINT('',(0.1505,-0.0542130018547377,0.00435334676876664));
#10691=CARTESIAN_POINT('',(0.1545,-0.0542130018547377,0.00435334676876664));
#10692=CARTESIAN_POINT('',(0.1505,-0.0547403090676771,0.00453496730689814));
#10693=CARTESIAN_POINT('',(0.1545,-0.0547403090676771,0.00453496730689814));
#10694=CARTESIAN_POINT('',(0.1505,-0.0551116521753809,0.00489820838316114));
#10695=CARTESIAN_POINT('',(0.1545,-0.0551116521753809,0.00489820838316114));
#10696=CARTESIAN_POINT('',(0.1545,-0.0535297305365627,0.00435334676876664));
#10697=CARTESIAN_POINT('',(0.1545,-0.0545546375138252,0.00435334676876664));
#10698=CARTESIAN_POINT('',(0.1545,-0.0551116521753809,0.00489820838316114));
#10699=CARTESIAN_POINT('',(0.1545,-0.0535297305365627,0.00435334676876664));
#10700=CARTESIAN_POINT('',(0.1505,-0.0535297305365627,0.00435334676876664));
#10701=CARTESIAN_POINT('',(0.1505,-0.0520976964793994,0.00435334676876664));
#10702=CARTESIAN_POINT('',(0.1545,-0.0520976964793994,0.00435334676876664));
#10703=CARTESIAN_POINT('',(0.1545,-0.0506656624222362,0.00435334676876664));
#10704=CARTESIAN_POINT('',(0.1505,-0.0506656624222362,0.00435334676876664));
#10705=CARTESIAN_POINT('',(0.1505,-0.0504509585890547,0.00441208649671252));
#10706=CARTESIAN_POINT('',(0.1545,-0.0504509585890547,0.00441208649671252));
#10707=CARTESIAN_POINT('',(0.1505,-0.0504901184076853,0.00437292667808193));
#10708=CARTESIAN_POINT('',(0.1545,-0.0504901184076853,0.00437292667808193));
#10709=CARTESIAN_POINT('',(0.1505,-0.0505616863520791,0.00435334676876664));
#10710=CARTESIAN_POINT('',(0.1545,-0.0505616863520791,0.00435334676876664));
#10711=CARTESIAN_POINT('',(0.1505,-0.0506656624222362,0.00435334676876664));
#10712=CARTESIAN_POINT('',(0.1545,-0.0506656624222362,0.00435334676876664));
#10713=CARTESIAN_POINT('',(0.1545,-0.0504509585890547,0.00441208649671252));
#10714=CARTESIAN_POINT('',(0.1545,-0.0505096983170006,0.00435334676876664));
#10715=CARTESIAN_POINT('',(0.1545,-0.0506656624222362,0.00435334676876664));
#10716=CARTESIAN_POINT('',(0.1505,0.00135545595134721,0.00505417248839674));
#10717=CARTESIAN_POINT('',(0.1545,0.00135545595134721,0.00505417248839674));
#10718=CARTESIAN_POINT('',(0.1505,0.00125958191263096,0.00482056391518671));
#10719=CARTESIAN_POINT('',(0.1545,0.00125958191263096,0.00482056391518671));
#10720=CARTESIAN_POINT('',(0.1505,0.00109078959094741,0.00464535748527918));
#10721=CARTESIAN_POINT('',(0.1545,0.00109078959094741,0.00464535748527918));
#10722=CARTESIAN_POINT('',(0.1505,0.000849078986296561,0.00452855319867417));
#10723=CARTESIAN_POINT('',(0.1545,0.000849078986296561,0.00452855319867417));
#10724=CARTESIAN_POINT('',(0.1545,0.00135545595134721,0.00505417248839674));
#10725=CARTESIAN_POINT('',(0.1545,0.00121164489327283,0.00470375962858169));
#10726=CARTESIAN_POINT('',(0.1545,0.000849078986296561,0.00452855319867417));
#10727=CARTESIAN_POINT('',(0.1545,0.00135545595134721,0.00505417248839674));
#10728=CARTESIAN_POINT('',(0.1545,0.000849078986296561,0.00452855319867417));
#10729=CARTESIAN_POINT('',(0.1505,0.00135545595134721,0.00505417248839674));
#10730=CARTESIAN_POINT('',(0.1505,0.000849078986296561,0.00452855319867417));
#10731=CARTESIAN_POINT('',(0.1505,0.00138077479959975,0.00505417248839674));
#10732=CARTESIAN_POINT('',(0.1545,0.00138077479959975,0.00505417248839674));
#10733=CARTESIAN_POINT('',(0.1545,0.00140609364785228,0.00505417248839674));
#10734=CARTESIAN_POINT('',(0.1505,0.00140609364785228,0.00505417248839674));
#10735=CARTESIAN_POINT('',(0.1505,0.00140609364785228,0.00483946865521527));
#10736=CARTESIAN_POINT('',(0.1545,0.00140609364785228,0.00483946865521527));
#10737=CARTESIAN_POINT('',(0.1545,0.00140609364785228,0.00462476482203379));
#10738=CARTESIAN_POINT('',(0.1505,0.00140609364785228,0.00462476482203379));
#10739=CARTESIAN_POINT('',(0.1505,0.00167953720897964,0.00435334676876664));
#10740=CARTESIAN_POINT('',(0.1545,0.00167953720897964,0.00435334676876664));
#10741=CARTESIAN_POINT('',(0.1505,0.0014972415015614,0.00435334676876664));
#10742=CARTESIAN_POINT('',(0.1545,0.0014972415015614,0.00435334676876664));
#10743=CARTESIAN_POINT('',(0.1505,0.00140609364785228,0.00444381945318902));
#10744=CARTESIAN_POINT('',(0.1545,0.00140609364785228,0.00444381945318902));
#10745=CARTESIAN_POINT('',(0.1505,0.00140609364785228,0.00462476482203379));
#10746=CARTESIAN_POINT('',(0.1545,0.00140609364785228,0.00462476482203379));
#10747=CARTESIAN_POINT('',(0.1545,0.00167953720897964,0.00435334676876664));
#10748=CARTESIAN_POINT('',(0.1545,0.00140609364785228,0.00435334676876664));
#10749=CARTESIAN_POINT('',(0.1545,0.00140609364785228,0.00462476482203379));
#10750=CARTESIAN_POINT('',(0.1545,0.00167953720897964,0.00435334676876664));
#10751=CARTESIAN_POINT('',(0.1505,0.00167953720897964,0.00435334676876664));
#10752=CARTESIAN_POINT('',(0.1505,0.00222338606944404,0.00435334676876664));
#10753=CARTESIAN_POINT('',(0.1545,0.00222338606944404,0.00435334676876664));
#10754=CARTESIAN_POINT('',(0.1545,0.00276723492990844,0.00435334676876664));
#10755=CARTESIAN_POINT('',(0.1505,0.00276723492990844,0.00435334676876664));
#10756=CARTESIAN_POINT('',(0.1505,0.00305283153819699,0.00462476482203379));
#10757=CARTESIAN_POINT('',(0.1545,0.00305283153819699,0.00462476482203379));
#10758=CARTESIAN_POINT('',(0.1505,0.00305283153819699,0.00444381945318902));
#10759=CARTESIAN_POINT('',(0.1545,0.00305283153819699,0.00444381945318902));
#10760=CARTESIAN_POINT('',(0.1505,0.00295763266876747,0.00435334676876664));
#10761=CARTESIAN_POINT('',(0.1545,0.00295763266876747,0.00435334676876664));
#10762=CARTESIAN_POINT('',(0.1505,0.00276723492990844,0.00435334676876664));
#10763=CARTESIAN_POINT('',(0.1545,0.00276723492990844,0.00435334676876664));
#10764=CARTESIAN_POINT('',(0.1545,0.00305283153819699,0.00462476482203379));
#10765=CARTESIAN_POINT('',(0.1545,0.00305283153819699,0.00435334676876664));
#10766=CARTESIAN_POINT('',(0.1545,0.00276723492990844,0.00435334676876664));
#10767=CARTESIAN_POINT('',(0.1545,0.00305283153819699,0.00462476482203379));
#10768=CARTESIAN_POINT('',(0.1505,0.00305283153819699,0.00462476482203379));
#10769=CARTESIAN_POINT('',(0.1505,0.00305283153819699,0.00765897559661729));
#10770=CARTESIAN_POINT('',(0.1545,0.00305283153819699,0.00765897559661729));
#10771=CARTESIAN_POINT('',(0.1545,0.00305283153819699,0.0106931863712008));
#10772=CARTESIAN_POINT('',(0.1505,0.00305283153819699,0.0106931863712008));
#10773=CARTESIAN_POINT('',(0.1505,0.00276723492990844,0.0109646044244679));
#10774=CARTESIAN_POINT('',(0.1545,0.00276723492990844,0.0109646044244679));
#10775=CARTESIAN_POINT('',(0.1505,0.00295763266876747,0.0109646044244679));
#10776=CARTESIAN_POINT('',(0.1545,0.00295763266876747,0.0109646044244679));
#10777=CARTESIAN_POINT('',(0.1505,0.00305283153819699,0.0108741317400455));
#10778=CARTESIAN_POINT('',(0.1545,0.00305283153819699,0.0108741317400455));
#10779=CARTESIAN_POINT('',(0.1505,0.00305283153819699,0.0106931863712008));
#10780=CARTESIAN_POINT('',(0.1545,0.00305283153819699,0.0106931863712008));
#10781=CARTESIAN_POINT('',(0.1545,0.00276723492990844,0.0109646044244679));
#10782=CARTESIAN_POINT('',(0.1545,0.00305283153819699,0.0109646044244679));
#10783=CARTESIAN_POINT('',(0.1545,0.00305283153819699,0.0106931863712008));
#10784=CARTESIAN_POINT('',(0.1545,0.00276723492990844,0.0109646044244679));
#10785=CARTESIAN_POINT('',(0.1505,0.00276723492990844,0.0109646044244679));
#10786=CARTESIAN_POINT('',(0.1505,0.00127038462121871,0.0109646044244679));
#10787=CARTESIAN_POINT('',(0.1545,0.00127038462121871,0.0109646044244679));
#10788=CARTESIAN_POINT('',(0.1545,-0.000226465687471019,0.0109646044244679));
#10789=CARTESIAN_POINT('',(0.1505,-0.000226465687471019,0.0109646044244679));
#10790=CARTESIAN_POINT('',(0.1505,-0.00180838732628925,0.0104197428100734));
#10791=CARTESIAN_POINT('',(0.1545,-0.00180838732628925,0.0104197428100734));
#10792=CARTESIAN_POINT('',(0.1505,-0.00143704421858544,0.0107829838863364));
#10793=CARTESIAN_POINT('',(0.1545,-0.00143704421858544,0.0107829838863364));
#10794=CARTESIAN_POINT('',(0.1505,-0.000909737005646028,0.0109646044244679));
#10795=CARTESIAN_POINT('',(0.1545,-0.000909737005646028,0.0109646044244679));
#10796=CARTESIAN_POINT('',(0.1505,-0.000226465687471019,0.0109646044244679));
#10797=CARTESIAN_POINT('',(0.1545,-0.000226465687471019,0.0109646044244679));
#10798=CARTESIAN_POINT('',(0.1545,-0.00180838732628925,0.0104197428100734));
#10799=CARTESIAN_POINT('',(0.1545,-0.00125137266473353,0.0109646044244679));
#10800=CARTESIAN_POINT('',(0.1545,-0.000226465687471019,0.0109646044244679));
#10801=CARTESIAN_POINT('',(0.1545,-0.00180838732628925,0.0104197428100734));
#10802=CARTESIAN_POINT('',(0.1505,-0.00180838732628925,0.0104197428100734));
#10803=CARTESIAN_POINT('',(0.1505,-0.00236540198784496,0.00885199972627662));
#10804=CARTESIAN_POINT('',(0.1545,-0.00236540198784496,0.00885199972627662));
#10805=CARTESIAN_POINT('',(0.1505,-0.00236540198784496,0.00953392070587816));
#10806=CARTESIAN_POINT('',(0.1545,-0.00236540198784496,0.00953392070587816));
#10807=CARTESIAN_POINT('',(0.1505,-0.00217973043399305,0.0100565017338104));
#10808=CARTESIAN_POINT('',(0.1545,-0.00217973043399305,0.0100565017338104));
#10809=CARTESIAN_POINT('',(0.1505,-0.00180838732628925,0.0104197428100734));
#10810=CARTESIAN_POINT('',(0.1545,-0.00180838732628925,0.0104197428100734));
#10811=CARTESIAN_POINT('',(0.1545,-0.00236540198784496,0.00885199972627662));
#10812=CARTESIAN_POINT('',(0.1545,-0.00236540198784496,0.00987488119567893));
#10813=CARTESIAN_POINT('',(0.1545,-0.00180838732628925,0.0104197428100734));
#10814=CARTESIAN_POINT('',(0.1545,-0.00236540198784496,0.00885199972627662));
#10815=CARTESIAN_POINT('',(0.1505,-0.00236540198784496,0.00885199972627662));
#10816=CARTESIAN_POINT('',(0.1505,-0.00236540198784496,0.00765897559661729));
#10817=CARTESIAN_POINT('',(0.1545,-0.00236540198784496,0.00765897559661729));
#10818=CARTESIAN_POINT('',(0.1545,-0.00236540198784496,0.00646595146695795));
#10819=CARTESIAN_POINT('',(0.1505,-0.00236540198784496,0.00646595146695795));
#10820=CARTESIAN_POINT('',(0.1505,-0.00180838732628925,0.00489820838316114));
#10821=CARTESIAN_POINT('',(0.1545,-0.00180838732628925,0.00489820838316114));
#10822=CARTESIAN_POINT('',(0.1505,-0.00217973043399305,0.00526144945942414));
#10823=CARTESIAN_POINT('',(0.1545,-0.00217973043399305,0.00526144945942414));
#10824=CARTESIAN_POINT('',(0.1505,-0.00236540198784496,0.00578403048735641));
#10825=CARTESIAN_POINT('',(0.1545,-0.00236540198784496,0.00578403048735641));
#10826=CARTESIAN_POINT('',(0.1505,-0.00236540198784496,0.00646595146695795));
#10827=CARTESIAN_POINT('',(0.1545,-0.00236540198784496,0.00646595146695795));
#10828=CARTESIAN_POINT('',(0.1545,-0.00180838732628925,0.00489820838316114));
#10829=CARTESIAN_POINT('',(0.1545,-0.00236540198784496,0.00544306999755564));
#10830=CARTESIAN_POINT('',(0.1545,-0.00236540198784496,0.00646595146695795));
#10831=CARTESIAN_POINT('',(0.1545,-0.00180838732628925,0.00489820838316114));
#10832=CARTESIAN_POINT('',(0.1505,-0.00180838732628925,0.00489820838316114));
#10833=CARTESIAN_POINT('',(0.1505,-0.000226465687471019,0.00435334676876664));
#10834=CARTESIAN_POINT('',(0.1545,-0.000226465687471019,0.00435334676876664));
#10835=CARTESIAN_POINT('',(0.1505,-0.000909737005646028,0.00435334676876664));
#10836=CARTESIAN_POINT('',(0.1545,-0.000909737005646028,0.00435334676876664));
#10837=CARTESIAN_POINT('',(0.1505,-0.00143704421858544,0.00453496730689814));
#10838=CARTESIAN_POINT('',(0.1545,-0.00143704421858544,0.00453496730689814));
#10839=CARTESIAN_POINT('',(0.1505,-0.00180838732628925,0.00489820838316114));
#10840=CARTESIAN_POINT('',(0.1545,-0.00180838732628925,0.00489820838316114));
#10841=CARTESIAN_POINT('',(0.1545,-0.000226465687471019,0.00435334676876664));
#10842=CARTESIAN_POINT('',(0.1545,-0.00125137266473353,0.00435334676876664));
#10843=CARTESIAN_POINT('',(0.1545,-0.00180838732628925,0.00489820838316114));
#10844=CARTESIAN_POINT('',(0.1545,-0.000226465687471019,0.00435334676876664));
#10845=CARTESIAN_POINT('',(0.1505,-0.000226465687471019,0.00435334676876664));
#10846=CARTESIAN_POINT('',(0.1505,-7.05015822354133E-5,0.00435334676876664));
#10847=CARTESIAN_POINT('',(0.1545,-7.05015822354133E-5,0.00435334676876664));
#10848=CARTESIAN_POINT('',(0.1545,8.54626013633961E-5,0.00435337791235105));
#10849=CARTESIAN_POINT('',(0.1505,8.54625230001932E-5,0.00435334676876664));
#10850=CARTESIAN_POINT('',(0.1505,8.98206687025275E-5,0.00608538774188079));
#10851=CARTESIAN_POINT('',(0.1545,8.98206687025275E-5,0.00608538774188079));
#10852=CARTESIAN_POINT('',(0.1505,-0.0426264217250921,0.00505417248839674));
#10853=CARTESIAN_POINT('',(0.1545,-0.0426264217250921,0.00505417248839674));
#10854=CARTESIAN_POINT('',(0.1505,-0.0427222957638083,0.00482056391518671));
#10855=CARTESIAN_POINT('',(0.1545,-0.0427222957638083,0.00482056391518671));
#10856=CARTESIAN_POINT('',(0.1505,-0.0428910880854919,0.00464535748527918));
#10857=CARTESIAN_POINT('',(0.1545,-0.0428910880854919,0.00464535748527918));
#10858=CARTESIAN_POINT('',(0.1505,-0.0431327986901427,0.00452855319867417));
#10859=CARTESIAN_POINT('',(0.1545,-0.0431327986901427,0.00452855319867417));
#10860=CARTESIAN_POINT('',(0.1545,-0.0426264217250921,0.00505417248839674));
#10861=CARTESIAN_POINT('',(0.1545,-0.0427702327831665,0.00470375962858169));
#10862=CARTESIAN_POINT('',(0.1545,-0.0431327986901427,0.00452855319867417));
#10863=CARTESIAN_POINT('',(0.1545,-0.0426264217250921,0.00505417248839674));
#10864=CARTESIAN_POINT('',(0.1545,-0.0431327986901427,0.00452855319867417));
#10865=CARTESIAN_POINT('',(0.1505,-0.0426264217250921,0.00505417248839674));
#10866=CARTESIAN_POINT('',(0.1505,-0.0431327986901427,0.00452855319867417));
#10867=CARTESIAN_POINT('',(0.1505,-0.0426011028768395,0.00505417248839674));
#10868=CARTESIAN_POINT('',(0.1545,-0.0426011028768395,0.00505417248839674));
#10869=CARTESIAN_POINT('',(0.1545,-0.042575784028587,0.00505417248839674));
#10870=CARTESIAN_POINT('',(0.1505,-0.042575784028587,0.00505417248839674));
#10871=CARTESIAN_POINT('',(0.1505,-0.042575784028587,0.00483946865521527));
#10872=CARTESIAN_POINT('',(0.1545,-0.042575784028587,0.00483946865521527));
#10873=CARTESIAN_POINT('',(0.1545,-0.042575784028587,0.00462476482203379));
#10874=CARTESIAN_POINT('',(0.1505,-0.042575784028587,0.00462476482203379));
#10875=CARTESIAN_POINT('',(0.1505,-0.0423023404674596,0.00435334676876664));
#10876=CARTESIAN_POINT('',(0.1545,-0.0423023404674596,0.00435334676876664));
#10877=CARTESIAN_POINT('',(0.1505,-0.0424846361748779,0.00435334676876664));
#10878=CARTESIAN_POINT('',(0.1545,-0.0424846361748779,0.00435334676876664));
#10879=CARTESIAN_POINT('',(0.1505,-0.042575784028587,0.00444381945318902));
#10880=CARTESIAN_POINT('',(0.1545,-0.042575784028587,0.00444381945318902));
#10881=CARTESIAN_POINT('',(0.1505,-0.042575784028587,0.00462476482203379));
#10882=CARTESIAN_POINT('',(0.1545,-0.042575784028587,0.00462476482203379));
#10883=CARTESIAN_POINT('',(0.1545,-0.0423023404674596,0.00435334676876664));
#10884=CARTESIAN_POINT('',(0.1545,-0.042575784028587,0.00435334676876664));
#10885=CARTESIAN_POINT('',(0.1545,-0.042575784028587,0.00462476482203379));
#10886=CARTESIAN_POINT('',(0.1545,-0.0423023404674596,0.00435334676876664));
#10887=CARTESIAN_POINT('',(0.1505,-0.0423023404674596,0.00435334676876664));
#10888=CARTESIAN_POINT('',(0.1505,-0.0417584916069953,0.00435334676876664));
#10889=CARTESIAN_POINT('',(0.1545,-0.0417584916069953,0.00435334676876664));
#10890=CARTESIAN_POINT('',(0.1545,-0.0412146427465308,0.00435334676876664));
#10891=CARTESIAN_POINT('',(0.1505,-0.0412146427465308,0.00435334676876664));
#10892=CARTESIAN_POINT('',(0.1505,-0.0409290461382423,0.00462476482203379));
#10893=CARTESIAN_POINT('',(0.1545,-0.0409290461382423,0.00462476482203379));
#10894=CARTESIAN_POINT('',(0.1505,-0.0409290461382423,0.00444381945318902));
#10895=CARTESIAN_POINT('',(0.1545,-0.0409290461382423,0.00444381945318902));
#10896=CARTESIAN_POINT('',(0.1505,-0.0410242450076718,0.00435334676876664));
#10897=CARTESIAN_POINT('',(0.1545,-0.0410242450076718,0.00435334676876664));
#10898=CARTESIAN_POINT('',(0.1505,-0.0412146427465308,0.00435334676876664));
#10899=CARTESIAN_POINT('',(0.1545,-0.0412146427465308,0.00435334676876664));
#10900=CARTESIAN_POINT('',(0.1545,-0.0409290461382423,0.00462476482203379));
#10901=CARTESIAN_POINT('',(0.1545,-0.0409290461382423,0.00435334676876664));
#10902=CARTESIAN_POINT('',(0.1545,-0.0412146427465308,0.00435334676876664));
#10903=CARTESIAN_POINT('',(0.1545,-0.0409290461382423,0.00462476482203379));
#10904=CARTESIAN_POINT('',(0.1505,-0.0409290461382423,0.00462476482203379));
#10905=CARTESIAN_POINT('',(0.1505,-0.0409290461382423,0.00765897559661729));
#10906=CARTESIAN_POINT('',(0.1545,-0.0409290461382423,0.00765897559661729));
#10907=CARTESIAN_POINT('',(0.1545,-0.0409290461382423,0.0106931863712008));
#10908=CARTESIAN_POINT('',(0.1505,-0.0409290461382423,0.0106931863712008));
#10909=CARTESIAN_POINT('',(0.1505,-0.0412146427465308,0.0109646044244679));
#10910=CARTESIAN_POINT('',(0.1545,-0.0412146427465308,0.0109646044244679));
#10911=CARTESIAN_POINT('',(0.1505,-0.0410242450076718,0.0109646044244679));
#10912=CARTESIAN_POINT('',(0.1545,-0.0410242450076718,0.0109646044244679));
#10913=CARTESIAN_POINT('',(0.1505,-0.0409290461382423,0.0108741317400455));
#10914=CARTESIAN_POINT('',(0.1545,-0.0409290461382423,0.0108741317400455));
#10915=CARTESIAN_POINT('',(0.1505,-0.0409290461382423,0.0106931863712008));
#10916=CARTESIAN_POINT('',(0.1545,-0.0409290461382423,0.0106931863712008));
#10917=CARTESIAN_POINT('',(0.1545,-0.0412146427465308,0.0109646044244679));
#10918=CARTESIAN_POINT('',(0.1545,-0.0409290461382423,0.0109646044244679));
#10919=CARTESIAN_POINT('',(0.1545,-0.0409290461382423,0.0106931863712008));
#10920=CARTESIAN_POINT('',(0.1545,-0.0412146427465308,0.0109646044244679));
#10921=CARTESIAN_POINT('',(0.1505,-0.0412146427465308,0.0109646044244679));
#10922=CARTESIAN_POINT('',(0.1505,-0.0417584916069953,0.0109646044244679));
#10923=CARTESIAN_POINT('',(0.1545,-0.0417584916069953,0.0109646044244679));
#10924=CARTESIAN_POINT('',(0.1545,-0.0423023404674596,0.0109646044244679));
#10925=CARTESIAN_POINT('',(0.1505,-0.0423023404674596,0.0109646044244679));
#10926=CARTESIAN_POINT('',(0.1505,-0.042575784028587,0.0106931863712008));
#10927=CARTESIAN_POINT('',(0.1545,-0.042575784028587,0.0106931863712008));
#10928=CARTESIAN_POINT('',(0.1505,-0.042575784028587,0.0108741317400455));
#10929=CARTESIAN_POINT('',(0.1545,-0.042575784028587,0.0108741317400455));
#10930=CARTESIAN_POINT('',(0.1505,-0.0424846361748779,0.0109646044244679));
#10931=CARTESIAN_POINT('',(0.1545,-0.0424846361748779,0.0109646044244679));
#10932=CARTESIAN_POINT('',(0.1505,-0.0423023404674596,0.0109646044244679));
#10933=CARTESIAN_POINT('',(0.1545,-0.0423023404674596,0.0109646044244679));
#10934=CARTESIAN_POINT('',(0.1545,-0.042575784028587,0.0106931863712008));
#10935=CARTESIAN_POINT('',(0.1545,-0.042575784028587,0.0109646044244679));
#10936=CARTESIAN_POINT('',(0.1545,-0.0423023404674596,0.0109646044244679));
#10937=CARTESIAN_POINT('',(0.1545,-0.042575784028587,0.0106931863712008));
#10938=CARTESIAN_POINT('',(0.1505,-0.042575784028587,0.0106931863712008));
#10939=CARTESIAN_POINT('',(0.1505,-0.042575784028587,0.00872844374680426));
#10940=CARTESIAN_POINT('',(0.1545,-0.042575784028587,0.00872844374680426));
#10941=CARTESIAN_POINT('',(0.1545,-0.042575784028587,0.00676370112240774));
#10942=CARTESIAN_POINT('',(0.1505,-0.042575784028587,0.00676370112240774));
#10943=CARTESIAN_POINT('',(0.1505,-0.0434690329949364,0.00577930430234927));
#10944=CARTESIAN_POINT('',(0.1545,-0.0434690329949364,0.00577930430234927));
#10945=CARTESIAN_POINT('',(0.1505,-0.0428735336840368,0.00577930430234927));
#10946=CARTESIAN_POINT('',(0.1545,-0.0428735336840368,0.00577930430234927));
#10947=CARTESIAN_POINT('',(0.1505,-0.042575784028587,0.00610743657570209));
#10948=CARTESIAN_POINT('',(0.1545,-0.042575784028587,0.00610743657570209));
#10949=CARTESIAN_POINT('',(0.1505,-0.042575784028587,0.00676370112240774));
#10950=CARTESIAN_POINT('',(0.1545,-0.042575784028587,0.00676370112240774));
#10951=CARTESIAN_POINT('',(0.1545,-0.0434690329949364,0.00577930430234927));
#10952=CARTESIAN_POINT('',(0.1545,-0.042575784028587,0.00577930430234927));
#10953=CARTESIAN_POINT('',(0.1545,-0.042575784028587,0.00676370112240774));
#10954=CARTESIAN_POINT('',(0.1545,-0.0434690329949364,0.00577930430234927));
#10955=CARTESIAN_POINT('',(0.1505,-0.0434690329949364,0.00577930430234927));
#10956=CARTESIAN_POINT('',(0.1505,-0.0437090556763703,0.00577930430234927));
#10957=CARTESIAN_POINT('',(0.1545,-0.0437090556763703,0.00577930430234927));
#10958=CARTESIAN_POINT('',(0.1545,-0.0439490783578044,0.00577930430234927));
#10959=CARTESIAN_POINT('',(0.1505,-0.0439490783578044,0.00577930430234927));
#10960=CARTESIAN_POINT('',(0.1505,-0.044525335344032,0.0059545107322568));
#10961=CARTESIAN_POINT('',(0.1545,-0.044525335344032,0.0059545107322568));
#10962=CARTESIAN_POINT('',(0.1505,-0.044408531057427,0.00583770644565178));
#10963=CARTESIAN_POINT('',(0.1545,-0.044408531057427,0.00583770644565178));
#10964=CARTESIAN_POINT('',(0.1505,-0.0442164453953511,0.00577930430234927));
#10965=CARTESIAN_POINT('',(0.1545,-0.0442164453953511,0.00577930430234927));
#10966=CARTESIAN_POINT('',(0.1505,-0.0439490783578044,0.00577930430234927));
#10967=CARTESIAN_POINT('',(0.1545,-0.0439490783578044,0.00577930430234927));
#10968=CARTESIAN_POINT('',(0.1545,-0.044525335344032,0.0059545107322568));
#10969=CARTESIAN_POINT('',(0.1545,-0.0443501289141245,0.00577930430234927));
#10970=CARTESIAN_POINT('',(0.1545,-0.0439490783578044,0.00577930430234927));
#10971=CARTESIAN_POINT('',(0.1545,-0.044525335344032,0.0059545107322568));
#10972=CARTESIAN_POINT('',(0.1505,-0.044525335344032,0.0059545107322568));
#10973=CARTESIAN_POINT('',(0.1505,-0.0447005417739395,0.00654494627350586));
#10974=CARTESIAN_POINT('',(0.1545,-0.0447005417739395,0.00654494627350586));
#10975=CARTESIAN_POINT('',(0.1505,-0.0447005417739395,0.00626812686594483));
#10976=CARTESIAN_POINT('',(0.1545,-0.0447005417739395,0.00626812686594483));
#10977=CARTESIAN_POINT('',(0.1505,-0.044642139630637,0.00607131501886181));
#10978=CARTESIAN_POINT('',(0.1545,-0.044642139630637,0.00607131501886181));
#10979=CARTESIAN_POINT('',(0.1505,-0.044525335344032,0.0059545107322568));
#10980=CARTESIAN_POINT('',(0.1545,-0.044525335344032,0.0059545107322568));
#10981=CARTESIAN_POINT('',(0.1545,-0.0447005417739395,0.00654494627350586));
#10982=CARTESIAN_POINT('',(0.1545,-0.0447005417739395,0.00612971716216432));
#10983=CARTESIAN_POINT('',(0.1545,-0.044525335344032,0.0059545107322568));
#10984=CARTESIAN_POINT('',(0.1545,-0.0447005417739395,0.00654494627350586));
#10985=CARTESIAN_POINT('',(0.1505,-0.0447005417739395,0.00654494627350586));
#10986=CARTESIAN_POINT('',(0.1505,-0.0447005417739395,0.00861906632235332));
#10987=CARTESIAN_POINT('',(0.1545,-0.0447005417739395,0.00861906632235332));
#10988=CARTESIAN_POINT('',(0.1545,-0.0447005417739395,0.0106931863712008));
#10989=CARTESIAN_POINT('',(0.1505,-0.0447005417739395,0.0106931863712008));
#10990=CARTESIAN_POINT('',(0.1505,-0.0449739853350669,0.0109646044244679));
#10991=CARTESIAN_POINT('',(0.1545,-0.0449739853350669,0.0109646044244679));
#10992=CARTESIAN_POINT('',(0.1505,-0.0447916896276486,0.0109646044244679));
#10993=CARTESIAN_POINT('',(0.1545,-0.0447916896276486,0.0109646044244679));
#10994=CARTESIAN_POINT('',(0.1505,-0.0447005417739395,0.0108741317400455));
#10995=CARTESIAN_POINT('',(0.1545,-0.0447005417739395,0.0108741317400455));
#10996=CARTESIAN_POINT('',(0.1505,-0.0447005417739395,0.0106931863712008));
#10997=CARTESIAN_POINT('',(0.1545,-0.0447005417739395,0.0106931863712008));
#10998=CARTESIAN_POINT('',(0.1545,-0.0449739853350669,0.0109646044244679));
#10999=CARTESIAN_POINT('',(0.1545,-0.0447005417739395,0.0109646044244679));
#11000=CARTESIAN_POINT('',(0.1545,-0.0447005417739395,0.0106931863712008));
#11001=CARTESIAN_POINT('',(0.1545,-0.0449739853350669,0.0109646044244679));
#11002=CARTESIAN_POINT('',(0.1505,-0.0449739853350669,0.0109646044244679));
#11003=CARTESIAN_POINT('',(0.1505,-0.045524923473042,0.0109646044244679));
#11004=CARTESIAN_POINT('',(0.1545,-0.045524923473042,0.0109646044244679));
#11005=CARTESIAN_POINT('',(0.1545,-0.0460758616110171,0.0109646044244679));
#11006=CARTESIAN_POINT('',(0.1505,-0.0460758616110171,0.0109646044244679));
#11007=CARTESIAN_POINT('',(0.1505,-0.0463472796642842,0.0106931863712008));
#11008=CARTESIAN_POINT('',(0.1545,-0.0463472796642842,0.0106931863712008));
#11009=CARTESIAN_POINT('',(0.1505,-0.0463472796642842,0.0108741317400455));
#11010=CARTESIAN_POINT('',(0.1545,-0.0463472796642842,0.0108741317400455));
#11011=CARTESIAN_POINT('',(0.1505,-0.0462568069798618,0.0109646044244679));
#11012=CARTESIAN_POINT('',(0.1545,-0.0462568069798618,0.0109646044244679));
#11013=CARTESIAN_POINT('',(0.1505,-0.0460758616110171,0.0109646044244679));
#11014=CARTESIAN_POINT('',(0.1545,-0.0460758616110171,0.0109646044244679));
#11015=CARTESIAN_POINT('',(0.1545,-0.0463472796642842,0.0106931863712008));
#11016=CARTESIAN_POINT('',(0.1545,-0.0463472796642842,0.0109646044244679));
#11017=CARTESIAN_POINT('',(0.1545,-0.0460758616110171,0.0109646044244679));
#11018=CARTESIAN_POINT('',(0.1545,-0.0463472796642842,0.0106931863712008));
#11019=CARTESIAN_POINT('',(0.1505,-0.0463472796642842,0.0106931863712008));
#11020=CARTESIAN_POINT('',(0.1505,-0.0463472796642842,0.00857956891907937));
#11021=CARTESIAN_POINT('',(0.1545,-0.0463472796642842,0.00857956891907937));
#11022=CARTESIAN_POINT('',(0.1545,-0.0463472796642842,0.00646595146695795));
#11023=CARTESIAN_POINT('',(0.1505,-0.0463472796642842,0.00646595146695795));
#11024=CARTESIAN_POINT('',(0.1505,-0.045834826175653,0.00489820838316114));
#11025=CARTESIAN_POINT('',(0.1545,-0.045834826175653,0.00489820838316114));
#11026=CARTESIAN_POINT('',(0.1505,-0.0461764618347405,0.00526144945942414));
#11027=CARTESIAN_POINT('',(0.1545,-0.0461764618347405,0.00526144945942414));
#11028=CARTESIAN_POINT('',(0.1505,-0.0463472796642842,0.00578403048735641));
#11029=CARTESIAN_POINT('',(0.1545,-0.0463472796642842,0.00578403048735641));
#11030=CARTESIAN_POINT('',(0.1505,-0.0463472796642842,0.00646595146695795));
#11031=CARTESIAN_POINT('',(0.1545,-0.0463472796642842,0.00646595146695795));
#11032=CARTESIAN_POINT('',(0.1545,-0.045834826175653,0.00489820838316114));
#11033=CARTESIAN_POINT('',(0.1545,-0.0463472796642842,0.00544306999755564));
#11034=CARTESIAN_POINT('',(0.1545,-0.0463472796642842,0.00646595146695795));
#11035=CARTESIAN_POINT('',(0.1545,-0.045834826175653,0.00489820838316114));
#11036=CARTESIAN_POINT('',(0.1505,-0.045834826175653,0.00489820838316114));
#11037=CARTESIAN_POINT('',(0.1505,-0.044325822819802,0.00435334676876664));
#11038=CARTESIAN_POINT('',(0.1545,-0.044325822819802,0.00435334676876664));
#11039=CARTESIAN_POINT('',(0.1505,-0.0449901893979485,0.00435334676876664));
#11040=CARTESIAN_POINT('',(0.1545,-0.0449901893979485,0.00435334676876664));
#11041=CARTESIAN_POINT('',(0.1505,-0.0454931905165655,0.00453496730689814));
#11042=CARTESIAN_POINT('',(0.1545,-0.0454931905165655,0.00453496730689814));
#11043=CARTESIAN_POINT('',(0.1505,-0.045834826175653,0.00489820838316114));
#11044=CARTESIAN_POINT('',(0.1545,-0.045834826175653,0.00489820838316114));
#11045=CARTESIAN_POINT('',(0.1545,-0.044325822819802,0.00435334676876664));
#11046=CARTESIAN_POINT('',(0.1545,-0.0453223726870217,0.00435334676876664));
#11047=CARTESIAN_POINT('',(0.1545,-0.045834826175653,0.00489820838316114));
#11048=CARTESIAN_POINT('',(0.1545,-0.044325822819802,0.00435334676876664));
#11049=CARTESIAN_POINT('',(0.1505,-0.044325822819802,0.00435334676876664));
#11050=CARTESIAN_POINT('',(0.1505,-0.0441111189866206,0.00435334676876664));
#11051=CARTESIAN_POINT('',(0.1545,-0.0441111189866206,0.00435334676876664));
#11052=CARTESIAN_POINT('',(0.1545,-0.0438964150750759,0.00435337791235105));
#11053=CARTESIAN_POINT('',(0.1505,-0.0438964151534391,0.00435334676876664));
#11054=CARTESIAN_POINT('',(0.1505,-0.0438920570077368,0.00608538774188104));
#11055=CARTESIAN_POINT('',(0.1545,-0.0438920570077368,0.00608538774188104));
#11056=CARTESIAN_POINT('',(0.1505,0.0196457919289767,0.00461261177487258));
#11057=CARTESIAN_POINT('',(0.1545,0.0196457919289767,0.00461261177487258));
#11058=CARTESIAN_POINT('',(0.1505,0.0196457919289767,0.00451808807472979));
#11059=CARTESIAN_POINT('',(0.1545,0.0196457919289767,0.00451808807472979));
#11060=CARTESIAN_POINT('',(0.1505,0.0196262120196614,0.0044512463153431));
#11061=CARTESIAN_POINT('',(0.1545,0.0196262120196614,0.0044512463153431));
#11062=CARTESIAN_POINT('',(0.1505,0.0195870522010308,0.00441208649671252));
#11063=CARTESIAN_POINT('',(0.1545,0.0195870522010308,0.00441208649671252));
#11064=CARTESIAN_POINT('',(0.1545,0.0196457919289767,0.00461261177487258));
#11065=CARTESIAN_POINT('',(0.1545,0.0196457919289767,0.00447082622465839));
#11066=CARTESIAN_POINT('',(0.1545,0.0195870522010308,0.00441208649671252));
#11067=CARTESIAN_POINT('',(0.1545,0.0196457919289767,0.00461261177487258));
#11068=CARTESIAN_POINT('',(0.1545,0.0195870522010308,0.00441208649671252));
#11069=CARTESIAN_POINT('',(0.1505,0.0196457919289767,0.00461261177487258));
#11070=CARTESIAN_POINT('',(0.1505,0.0195870522010308,0.00441208649671252));
#11071=CARTESIAN_POINT('',(0.1505,0.0196457919289767,0.00503999393337532));
#11072=CARTESIAN_POINT('',(0.1545,0.0196457919289767,0.00503999393337532));
#11073=CARTESIAN_POINT('',(0.1545,0.0196457919289767,0.00546737609187807));
#11074=CARTESIAN_POINT('',(0.1505,0.0196457919289767,0.00546737609187807));
#11075=CARTESIAN_POINT('',(0.1505,0.0193723483678493,0.00575297270016664));
#11076=CARTESIAN_POINT('',(0.1545,0.0193723483678493,0.00575297270016664));
#11077=CARTESIAN_POINT('',(0.1505,0.0195546440752676,0.00575297270016664));
#11078=CARTESIAN_POINT('',(0.1545,0.0195546440752676,0.00575297270016664));
#11079=CARTESIAN_POINT('',(0.1505,0.0196457919289767,0.00565777383073712));
#11080=CARTESIAN_POINT('',(0.1545,0.0196457919289767,0.00565777383073712));
#11081=CARTESIAN_POINT('',(0.1505,0.0196457919289767,0.00546737609187807));
#11082=CARTESIAN_POINT('',(0.1545,0.0196457919289767,0.00546737609187807));
#11083=CARTESIAN_POINT('',(0.1545,0.0193723483678493,0.00575297270016664));
#11084=CARTESIAN_POINT('',(0.1545,0.0196457919289767,0.00575297270016664));
#11085=CARTESIAN_POINT('',(0.1545,0.0196457919289767,0.00546737609187807));
#11086=CARTESIAN_POINT('',(0.1545,0.0193723483678493,0.00575297270016664));
#11087=CARTESIAN_POINT('',(0.1505,0.0193723483678493,0.00575297270016664));
#11088=CARTESIAN_POINT('',(0.1505,0.0180638702901585,0.00575297270016664));
#11089=CARTESIAN_POINT('',(0.1545,0.0180638702901585,0.00575297270016664));
#11090=CARTESIAN_POINT('',(0.1545,0.0167553922124676,0.00575297270016664));
#11091=CARTESIAN_POINT('',(0.1505,0.0167553922124676,0.00575297270016664));
#11092=CARTESIAN_POINT('',(0.1505,0.0161649566712186,0.00592817913007416));
#11093=CARTESIAN_POINT('',(0.1545,0.0161649566712186,0.00592817913007416));
#11094=CARTESIAN_POINT('',(0.1505,0.0162817609578236,0.00581137484346915));
#11095=CARTESIAN_POINT('',(0.1545,0.0162817609578236,0.00581137484346915));
#11096=CARTESIAN_POINT('',(0.1505,0.0164785728049066,0.00575297270016664));
#11097=CARTESIAN_POINT('',(0.1545,0.0164785728049066,0.00575297270016664));
#11098=CARTESIAN_POINT('',(0.1505,0.0167553922124676,0.00575297270016664));
#11099=CARTESIAN_POINT('',(0.1545,0.0167553922124676,0.00575297270016664));
#11100=CARTESIAN_POINT('',(0.1545,0.0161649566712186,0.00592817913007416));
#11101=CARTESIAN_POINT('',(0.1545,0.016340163101126,0.00575297270016664));
#11102=CARTESIAN_POINT('',(0.1545,0.0167553922124676,0.00575297270016664));
#11103=CARTESIAN_POINT('',(0.1545,0.0161649566712186,0.00592817913007416));
#11104=CARTESIAN_POINT('',(0.1505,0.0161649566712186,0.00592817913007416));
#11105=CARTESIAN_POINT('',(0.1505,0.015989750241311,0.0065044361163018));
#11106=CARTESIAN_POINT('',(0.1545,0.015989750241311,0.0065044361163018));
#11107=CARTESIAN_POINT('',(0.1505,0.015989750241311,0.00623706907875506));
#11108=CARTESIAN_POINT('',(0.1545,0.015989750241311,0.00623706907875506));
#11109=CARTESIAN_POINT('',(0.1505,0.0160481523846135,0.00604498341667918));
#11110=CARTESIAN_POINT('',(0.1545,0.0160481523846135,0.00604498341667918));
#11111=CARTESIAN_POINT('',(0.1505,0.0161649566712186,0.00592817913007416));
#11112=CARTESIAN_POINT('',(0.1545,0.0161649566712186,0.00592817913007416));
#11113=CARTESIAN_POINT('',(0.1545,0.015989750241311,0.0065044361163018));
#11114=CARTESIAN_POINT('',(0.1545,0.015989750241311,0.00610338555998169));
#11115=CARTESIAN_POINT('',(0.1545,0.0161649566712186,0.00592817913007416));
#11116=CARTESIAN_POINT('',(0.1545,0.015989750241311,0.0065044361163018));
#11117=CARTESIAN_POINT('',(0.1505,0.015989750241311,0.0065044361163018));
#11118=CARTESIAN_POINT('',(0.1505,0.015989750241311,0.00664723442044609));
#11119=CARTESIAN_POINT('',(0.1545,0.015989750241311,0.00664723442044609));
#11120=CARTESIAN_POINT('',(0.1545,0.015989750241311,0.00679003272459037));
#11121=CARTESIAN_POINT('',(0.1505,0.015989750241311,0.00679003272459037));
#11122=CARTESIAN_POINT('',(0.1505,0.0161457143465466,0.00693384378266476));
#11123=CARTESIAN_POINT('',(0.1545,0.0161457143465466,0.00693384378266476));
#11124=CARTESIAN_POINT('',(0.1505,0.0160417382763895,0.00693384378266476));
#11125=CARTESIAN_POINT('',(0.1545,0.0160417382763895,0.00693384378266476));
#11126=CARTESIAN_POINT('',(0.1505,0.015989750241311,0.00688590676330663));
#11127=CARTESIAN_POINT('',(0.1545,0.015989750241311,0.00688590676330663));
#11128=CARTESIAN_POINT('',(0.1505,0.015989750241311,0.00679003272459037));
#11129=CARTESIAN_POINT('',(0.1545,0.015989750241311,0.00679003272459037));
#11130=CARTESIAN_POINT('',(0.1545,0.0161457143465466,0.00693384378266476));
#11131=CARTESIAN_POINT('',(0.1545,0.015989750241311,0.00693384378266476));
#11132=CARTESIAN_POINT('',(0.1545,0.015989750241311,0.00679003272459037));
#11133=CARTESIAN_POINT('',(0.1545,0.0161457143465466,0.00693384378266476));
#11134=CARTESIAN_POINT('',(0.1505,0.0161457143465466,0.00693384378266476));
#11135=CARTESIAN_POINT('',(0.1505,0.0177721971582893,0.00693384378266476));
#11136=CARTESIAN_POINT('',(0.1545,0.0177721971582893,0.00693384378266476));
#11137=CARTESIAN_POINT('',(0.1545,0.019398679970032,0.00693384378266476));
#11138=CARTESIAN_POINT('',(0.1505,0.019398679970032,0.00693384378266476));
#11139=CARTESIAN_POINT('',(0.1505,0.0196721235311593,0.0072052618359319));
#11140=CARTESIAN_POINT('',(0.1545,0.0196721235311593,0.0072052618359319));
#11141=CARTESIAN_POINT('',(0.1505,0.0196721235311593,0.00702431646708714));
#11142=CARTESIAN_POINT('',(0.1545,0.0196721235311593,0.00702431646708714));
#11143=CARTESIAN_POINT('',(0.1505,0.0195809756774502,0.00693384378266476));
#11144=CARTESIAN_POINT('',(0.1545,0.0195809756774502,0.00693384378266476));
#11145=CARTESIAN_POINT('',(0.1505,0.019398679970032,0.00693384378266476));
#11146=CARTESIAN_POINT('',(0.1545,0.019398679970032,0.00693384378266476));
#11147=CARTESIAN_POINT('',(0.1545,0.0196721235311593,0.0072052618359319));
#11148=CARTESIAN_POINT('',(0.1545,0.0196721235311593,0.00693384378266476));
#11149=CARTESIAN_POINT('',(0.1545,0.019398679970032,0.00693384378266476));
#11150=CARTESIAN_POINT('',(0.1545,0.0196721235311593,0.0072052618359319));
#11151=CARTESIAN_POINT('',(0.1505,0.0196721235311593,0.0072052618359319));
#11152=CARTESIAN_POINT('',(0.1505,0.0196721235311593,0.00802863078110426));
#11153=CARTESIAN_POINT('',(0.1545,0.0196721235311593,0.00802863078110426));
#11154=CARTESIAN_POINT('',(0.1545,0.0196721235311593,0.00885199972627662));
#11155=CARTESIAN_POINT('',(0.1505,0.0196721235311593,0.00885199972627662));
#11156=CARTESIAN_POINT('',(0.1505,0.0191140961156735,0.0104197428100734));
#11157=CARTESIAN_POINT('',(0.1545,0.0191140961156735,0.0104197428100734));
#11158=CARTESIAN_POINT('',(0.1505,0.0194861143926641,0.0100565017338104));
#11159=CARTESIAN_POINT('',(0.1545,0.0194861143926641,0.0100565017338104));
#11160=CARTESIAN_POINT('',(0.1505,0.0196721235311593,0.00953392070587816));
#11161=CARTESIAN_POINT('',(0.1545,0.0196721235311593,0.00953392070587816));
#11162=CARTESIAN_POINT('',(0.1505,0.0196721235311593,0.00885199972627662));
#11163=CARTESIAN_POINT('',(0.1545,0.0196721235311593,0.00885199972627662));
#11164=CARTESIAN_POINT('',(0.1545,0.0191140961156735,0.0104197428100734));
#11165=CARTESIAN_POINT('',(0.1545,0.0196721235311593,0.00987488119567893));
#11166=CARTESIAN_POINT('',(0.1545,0.0196721235311593,0.00885199972627662));
#11167=CARTESIAN_POINT('',(0.1545,0.0191140961156735,0.0104197428100734));
#11168=CARTESIAN_POINT('',(0.1505,0.0191140961156735,0.0104197428100734));
#11169=CARTESIAN_POINT('',(0.1505,0.0175331872307854,0.0109646044244679));
#11170=CARTESIAN_POINT('',(0.1545,0.0175331872307854,0.0109646044244679));
#11171=CARTESIAN_POINT('',(0.1505,0.0182151082103869,0.0109646044244679));
#11172=CARTESIAN_POINT('',(0.1545,0.0182151082103869,0.0109646044244679));
#11173=CARTESIAN_POINT('',(0.1505,0.018742077838683,0.0107829838863364));
#11174=CARTESIAN_POINT('',(0.1545,0.018742077838683,0.0107829838863364));
#11175=CARTESIAN_POINT('',(0.1505,0.0191140961156735,0.0104197428100734));
#11176=CARTESIAN_POINT('',(0.1545,0.0191140961156735,0.0104197428100734));
#11177=CARTESIAN_POINT('',(0.1545,0.0175331872307854,0.0109646044244679));
#11178=CARTESIAN_POINT('',(0.1545,0.0185560687001877,0.0109646044244679));
#11179=CARTESIAN_POINT('',(0.1545,0.0191140961156735,0.0104197428100734));
#11180=CARTESIAN_POINT('',(0.1545,0.0175331872307854,0.0109646044244679));
#11181=CARTESIAN_POINT('',(0.1505,0.0175331872307854,0.0109646044244679));
#11182=CARTESIAN_POINT('',(0.1505,0.0170207337421541,0.0109646044244679));
#11183=CARTESIAN_POINT('',(0.1545,0.0170207337421541,0.0109646044244679));
#11184=CARTESIAN_POINT('',(0.1545,0.0165082802535228,0.0109646044244679));
#11185=CARTESIAN_POINT('',(0.1505,0.0165082802535228,0.0109646044244679));
#11186=CARTESIAN_POINT('',(0.1505,0.0149263586147046,0.0104197428100734));
#11187=CARTESIAN_POINT('',(0.1545,0.0149263586147046,0.0104197428100734));
#11188=CARTESIAN_POINT('',(0.1505,0.0152977017224084,0.0107829838863364));
#11189=CARTESIAN_POINT('',(0.1545,0.0152977017224084,0.0107829838863364));
#11190=CARTESIAN_POINT('',(0.1505,0.0158250089353478,0.0109646044244679));
#11191=CARTESIAN_POINT('',(0.1545,0.0158250089353478,0.0109646044244679));
#11192=CARTESIAN_POINT('',(0.1505,0.0165082802535228,0.0109646044244679));
#11193=CARTESIAN_POINT('',(0.1545,0.0165082802535228,0.0109646044244679));
#11194=CARTESIAN_POINT('',(0.1545,0.0149263586147046,0.0104197428100734));
#11195=CARTESIAN_POINT('',(0.1545,0.0154833732762603,0.0109646044244679));
#11196=CARTESIAN_POINT('',(0.1545,0.0165082802535228,0.0109646044244679));
#11197=CARTESIAN_POINT('',(0.1545,0.0149263586147046,0.0104197428100734));
#11198=CARTESIAN_POINT('',(0.1505,0.0149263586147046,0.0104197428100734));
#11199=CARTESIAN_POINT('',(0.1505,0.0143693439531489,0.00885199972627662));
#11200=CARTESIAN_POINT('',(0.1545,0.0143693439531489,0.00885199972627662));
#11201=CARTESIAN_POINT('',(0.1505,0.0143693439531489,0.00953392070587816));
#11202=CARTESIAN_POINT('',(0.1545,0.0143693439531489,0.00953392070587816));
#11203=CARTESIAN_POINT('',(0.1505,0.0145550155070008,0.0100565017338104));
#11204=CARTESIAN_POINT('',(0.1545,0.0145550155070008,0.0100565017338104));
#11205=CARTESIAN_POINT('',(0.1505,0.0149263586147046,0.0104197428100734));
#11206=CARTESIAN_POINT('',(0.1545,0.0149263586147046,0.0104197428100734));
#11207=CARTESIAN_POINT('',(0.1545,0.0143693439531489,0.00885199972627662));
#11208=CARTESIAN_POINT('',(0.1545,0.0143693439531489,0.00987488119567893));
#11209=CARTESIAN_POINT('',(0.1545,0.0149263586147046,0.0104197428100734));
#11210=CARTESIAN_POINT('',(0.1545,0.0143693439531489,0.00885199972627662));
#11211=CARTESIAN_POINT('',(0.1505,0.0143693439531489,0.00885199972627662));
#11212=CARTESIAN_POINT('',(0.1505,0.0143693439531489,0.00765897559661729));
#11213=CARTESIAN_POINT('',(0.1545,0.0143693439531489,0.00765897559661729));
#11214=CARTESIAN_POINT('',(0.1545,0.0143693439531489,0.00646595146695795));
#11215=CARTESIAN_POINT('',(0.1505,0.0143693439531489,0.00646595146695795));
#11216=CARTESIAN_POINT('',(0.1505,0.0149263586147046,0.00489820838316114));
#11217=CARTESIAN_POINT('',(0.1545,0.0149263586147046,0.00489820838316114));
#11218=CARTESIAN_POINT('',(0.1505,0.0145550155070008,0.00526144945942414));
#11219=CARTESIAN_POINT('',(0.1545,0.0145550155070008,0.00526144945942414));
#11220=CARTESIAN_POINT('',(0.1505,0.0143693439531489,0.00578403048735641));
#11221=CARTESIAN_POINT('',(0.1545,0.0143693439531489,0.00578403048735641));
#11222=CARTESIAN_POINT('',(0.1505,0.0143693439531489,0.00646595146695795));
#11223=CARTESIAN_POINT('',(0.1545,0.0143693439531489,0.00646595146695795));
#11224=CARTESIAN_POINT('',(0.1545,0.0149263586147046,0.00489820838316114));
#11225=CARTESIAN_POINT('',(0.1545,0.0143693439531489,0.00544306999755564));
#11226=CARTESIAN_POINT('',(0.1545,0.0143693439531489,0.00646595146695795));
#11227=CARTESIAN_POINT('',(0.1545,0.0149263586147046,0.00489820838316114));
#11228=CARTESIAN_POINT('',(0.1505,0.0149263586147046,0.00489820838316114));
#11229=CARTESIAN_POINT('',(0.1505,0.0165082802535228,0.00435334676876664));
#11230=CARTESIAN_POINT('',(0.1545,0.0165082802535228,0.00435334676876664));
#11231=CARTESIAN_POINT('',(0.1505,0.0158250089353478,0.00435334676876664));
#11232=CARTESIAN_POINT('',(0.1545,0.0158250089353478,0.00435334676876664));
#11233=CARTESIAN_POINT('',(0.1505,0.0152977017224084,0.00453496730689814));
#11234=CARTESIAN_POINT('',(0.1545,0.0152977017224084,0.00453496730689814));
#11235=CARTESIAN_POINT('',(0.1505,0.0149263586147046,0.00489820838316114));
#11236=CARTESIAN_POINT('',(0.1545,0.0149263586147046,0.00489820838316114));
#11237=CARTESIAN_POINT('',(0.1545,0.0165082802535228,0.00435334676876664));
#11238=CARTESIAN_POINT('',(0.1545,0.0154833732762603,0.00435334676876664));
#11239=CARTESIAN_POINT('',(0.1545,0.0149263586147046,0.00489820838316114));
#11240=CARTESIAN_POINT('',(0.1545,0.0165082802535228,0.00435334676876664));
#11241=CARTESIAN_POINT('',(0.1505,0.0165082802535228,0.00435334676876664));
#11242=CARTESIAN_POINT('',(0.1505,0.0179403143106861,0.00435334676876664));
#11243=CARTESIAN_POINT('',(0.1545,0.0179403143106861,0.00435334676876664));
#11244=CARTESIAN_POINT('',(0.1545,0.0193723483678493,0.00435334676876664));
#11245=CARTESIAN_POINT('',(0.1505,0.0193723483678493,0.00435334676876664));
#11246=CARTESIAN_POINT('',(0.1505,0.0195870522010308,0.00441208649671252));
#11247=CARTESIAN_POINT('',(0.1545,0.0195870522010308,0.00441208649671252));
#11248=CARTESIAN_POINT('',(0.1505,0.0195478923824002,0.00437292667808193));
#11249=CARTESIAN_POINT('',(0.1545,0.0195478923824002,0.00437292667808193));
#11250=CARTESIAN_POINT('',(0.1505,0.0194763244380064,0.00435334676876664));
#11251=CARTESIAN_POINT('',(0.1545,0.0194763244380064,0.00435334676876664));
#11252=CARTESIAN_POINT('',(0.1505,0.0193723483678493,0.00435334676876664));
#11253=CARTESIAN_POINT('',(0.1545,0.0193723483678493,0.00435334676876664));
#11254=CARTESIAN_POINT('',(0.1545,0.0195870522010308,0.00441208649671252));
#11255=CARTESIAN_POINT('',(0.1545,0.0195283124730849,0.00435334676876664));
#11256=CARTESIAN_POINT('',(0.1545,0.0193723483678493,0.00435334676876664));
#11257=CARTESIAN_POINT('',(0.1505,0.00630579716168237,0.00435334676876664));
#11258=CARTESIAN_POINT('',(0.1545,0.00630579716168237,0.00435334676876664));
#11259=CARTESIAN_POINT('',(0.1545,0.00786138719831797,0.00435334676876664));
#11260=CARTESIAN_POINT('',(0.1545,0.00475020712504677,0.00435334676876664));
#11261=CARTESIAN_POINT('',(0.1505,0.00786138719831797,0.00435334676876664));
#11262=CARTESIAN_POINT('',(0.1505,0.00475020712504677,0.00435334676876664));
#11263=CARTESIAN_POINT('',(0.1505,0.00944330883713621,0.00489820838316114));
#11264=CARTESIAN_POINT('',(0.1545,0.00944330883713621,0.00489820838316114));
#11265=CARTESIAN_POINT('',(0.1505,0.00907196572943239,0.00453496730689814));
#11266=CARTESIAN_POINT('',(0.1545,0.00907196572943239,0.00453496730689814));
#11267=CARTESIAN_POINT('',(0.1505,0.00854465851649298,0.00435334676876664));
#11268=CARTESIAN_POINT('',(0.1545,0.00854465851649298,0.00435334676876664));
#11269=CARTESIAN_POINT('',(0.1505,0.00786138719831797,0.00435334676876664));
#11270=CARTESIAN_POINT('',(0.1545,0.00786138719831797,0.00435334676876664));
#11271=CARTESIAN_POINT('',(0.1545,0.00944330883713621,0.00489820838316114));
#11272=CARTESIAN_POINT('',(0.1545,0.00888629417558048,0.00435334676876664));
#11273=CARTESIAN_POINT('',(0.1545,0.00786138719831797,0.00435334676876664));
#11274=CARTESIAN_POINT('',(0.1545,0.00944330883713621,0.00489820838316114));
#11275=CARTESIAN_POINT('',(0.1505,0.00944330883713621,0.00489820838316114));
#11276=CARTESIAN_POINT('',(0.1505,0.0100003234986919,0.00646595146695795));
#11277=CARTESIAN_POINT('',(0.1545,0.0100003234986919,0.00646595146695795));
#11278=CARTESIAN_POINT('',(0.1505,0.0100003234986919,0.00578403048735641));
#11279=CARTESIAN_POINT('',(0.1545,0.0100003234986919,0.00578403048735641));
#11280=CARTESIAN_POINT('',(0.1505,0.00981465194484,0.00526144945942414));
#11281=CARTESIAN_POINT('',(0.1545,0.00981465194484,0.00526144945942414));
#11282=CARTESIAN_POINT('',(0.1505,0.00944330883713621,0.00489820838316114));
#11283=CARTESIAN_POINT('',(0.1545,0.00944330883713621,0.00489820838316114));
#11284=CARTESIAN_POINT('',(0.1545,0.0100003234986919,0.00646595146695795));
#11285=CARTESIAN_POINT('',(0.1545,0.0100003234986919,0.00544306999755564));
#11286=CARTESIAN_POINT('',(0.1545,0.00944330883713621,0.00489820838316114));
#11287=CARTESIAN_POINT('',(0.1545,0.0100003234986919,0.00646595146695795));
#11288=CARTESIAN_POINT('',(0.1505,0.0100003234986919,0.00646595146695795));
#11289=CARTESIAN_POINT('',(0.1505,0.0100003234986919,0.0076721413977086));
#11290=CARTESIAN_POINT('',(0.1545,0.0100003234986919,0.0076721413977086));
#11291=CARTESIAN_POINT('',(0.1545,0.0100003234986919,0.00887833132845925));
#11292=CARTESIAN_POINT('',(0.1505,0.0100003234986919,0.00887833132845925));
#11293=CARTESIAN_POINT('',(0.1505,0.00944330883713621,0.0104460744122561));
#11294=CARTESIAN_POINT('',(0.1545,0.00944330883713621,0.0104460744122561));
#11295=CARTESIAN_POINT('',(0.1505,0.00981465194484,0.0100828333359931));
#11296=CARTESIAN_POINT('',(0.1545,0.00981465194484,0.0100828333359931));
#11297=CARTESIAN_POINT('',(0.1505,0.0100003234986919,0.00956025230806079));
#11298=CARTESIAN_POINT('',(0.1545,0.0100003234986919,0.00956025230806079));
#11299=CARTESIAN_POINT('',(0.1505,0.0100003234986919,0.00887833132845925));
#11300=CARTESIAN_POINT('',(0.1545,0.0100003234986919,0.00887833132845925));
#11301=CARTESIAN_POINT('',(0.1545,0.00944330883713621,0.0104460744122561));
#11302=CARTESIAN_POINT('',(0.1545,0.0100003234986919,0.00990121279786156));
#11303=CARTESIAN_POINT('',(0.1545,0.0100003234986919,0.00887833132845925));
#11304=CARTESIAN_POINT('',(0.1545,0.00944330883713621,0.0104460744122561));
#11305=CARTESIAN_POINT('',(0.1505,0.00944330883713621,0.0104460744122561));
#11306=CARTESIAN_POINT('',(0.1505,0.00786138719831797,0.0109909360266506));
#11307=CARTESIAN_POINT('',(0.1545,0.00786138719831797,0.0109909360266506));
#11308=CARTESIAN_POINT('',(0.1505,0.00854465851649298,0.0109909360266506));
#11309=CARTESIAN_POINT('',(0.1545,0.00854465851649298,0.0109909360266506));
#11310=CARTESIAN_POINT('',(0.1505,0.00907196572943239,0.0108093154885191));
#11311=CARTESIAN_POINT('',(0.1545,0.00907196572943239,0.0108093154885191));
#11312=CARTESIAN_POINT('',(0.1505,0.00944330883713621,0.0104460744122561));
#11313=CARTESIAN_POINT('',(0.1545,0.00944330883713621,0.0104460744122561));
#11314=CARTESIAN_POINT('',(0.1545,0.00786138719831797,0.0109909360266506));
#11315=CARTESIAN_POINT('',(0.1545,0.00888629417558048,0.0109909360266506));
#11316=CARTESIAN_POINT('',(0.1545,0.00944330883713621,0.0104460744122561));
#11317=CARTESIAN_POINT('',(0.1545,0.00786138719831797,0.0109909360266506));
#11318=CARTESIAN_POINT('',(0.1505,0.00786138719831797,0.0109909360266506));
#11319=CARTESIAN_POINT('',(0.1505,0.0076547853965773,0.0109909360266506));
#11320=CARTESIAN_POINT('',(0.1545,0.0076547853965773,0.0109909360266506));
#11321=CARTESIAN_POINT('',(0.1545,0.00744818352133496,0.0109909073527572));
#11322=CARTESIAN_POINT('',(0.1505,0.00744818359483664,0.0109909360266506));
#11323=CARTESIAN_POINT('',(0.1505,0.00744385578786681,0.00930260615540537));
#11324=CARTESIAN_POINT('',(0.1545,0.00744385578786681,0.00930260615540537));
#11325=CARTESIAN_POINT('',(0.1545,0.00668254162368005,0.0108096530731624));
#11326=CARTESIAN_POINT('',(0.1505,0.00668254162368005,0.0108096530731624));
#11327=CARTESIAN_POINT('',(0.1505,0.00617616465862941,0.0102779572598592));
#11328=CARTESIAN_POINT('',(0.1545,0.00617616465862941,0.0102779572598592));
#11329=CARTESIAN_POINT('',(0.1505,0.00627203869734567,0.0105115658330693));
#11330=CARTESIAN_POINT('',(0.1545,0.00627203869734567,0.0105115658330693));
#11331=CARTESIAN_POINT('',(0.1505,0.00644083101902922,0.010688797770837));
#11332=CARTESIAN_POINT('',(0.1545,0.00644083101902922,0.010688797770837));
#11333=CARTESIAN_POINT('',(0.1505,0.00668254162368005,0.0108096530731624));
#11334=CARTESIAN_POINT('',(0.1545,0.00668254162368005,0.0108096530731624));
#11335=CARTESIAN_POINT('',(0.1545,0.00617616465862941,0.0102779572598592));
#11336=CARTESIAN_POINT('',(0.1545,0.0063199757167038,0.0106283701196743));
#11337=CARTESIAN_POINT('',(0.1545,0.00668254162368005,0.0108096530731624));
#11338=CARTESIAN_POINT('',(0.1545,0.00617616465862941,0.0102779572598592));
#11339=CARTESIAN_POINT('',(0.1505,0.00617616465862941,0.0102779572598592));
#11340=CARTESIAN_POINT('',(0.1505,0.00615084581037688,0.0102779572598592));
#11341=CARTESIAN_POINT('',(0.1545,0.00615084581037688,0.0102779572598592));
#11342=CARTESIAN_POINT('',(0.1545,0.00612552696212435,0.0102779572598592));
#11343=CARTESIAN_POINT('',(0.1505,0.00612552696212435,0.0102779572598592));
#11344=CARTESIAN_POINT('',(0.1505,0.00612552696212435,0.0117363229192051));
#11345=CARTESIAN_POINT('',(0.1545,0.00612552696212435,0.0117363229192051));
#11346=CARTESIAN_POINT('',(0.1545,0.00612552696212435,0.013194688578551));
#11347=CARTESIAN_POINT('',(0.1505,0.00612552696212435,0.013194688578551));
#11348=CARTESIAN_POINT('',(0.1505,0.00585208340099699,0.0134661066318181));
#11349=CARTESIAN_POINT('',(0.1545,0.00585208340099699,0.0134661066318181));
#11350=CARTESIAN_POINT('',(0.1505,0.00603437910841523,0.0134661066318181));
#11351=CARTESIAN_POINT('',(0.1545,0.00603437910841523,0.0134661066318181));
#11352=CARTESIAN_POINT('',(0.1505,0.00612552696212435,0.0133756339473958));
#11353=CARTESIAN_POINT('',(0.1545,0.00612552696212435,0.0133756339473958));
#11354=CARTESIAN_POINT('',(0.1505,0.00612552696212435,0.013194688578551));
#11355=CARTESIAN_POINT('',(0.1545,0.00612552696212435,0.013194688578551));
#11356=CARTESIAN_POINT('',(0.1545,0.00585208340099699,0.0134661066318181));
#11357=CARTESIAN_POINT('',(0.1545,0.00612552696212435,0.0134661066318181));
#11358=CARTESIAN_POINT('',(0.1545,0.00612552696212435,0.013194688578551));
#11359=CARTESIAN_POINT('',(0.1545,0.00585208340099699,0.0134661066318181));
#11360=CARTESIAN_POINT('',(0.1505,0.00585208340099699,0.0134661066318181));
#11361=CARTESIAN_POINT('',(0.1505,0.00530114526302188,0.0134661066318181));
#11362=CARTESIAN_POINT('',(0.1545,0.00530114526302188,0.0134661066318181));
#11363=CARTESIAN_POINT('',(0.1545,0.00475020712504677,0.0134661066318181));
#11364=CARTESIAN_POINT('',(0.1505,0.00475020712504677,0.0134661066318181));
#11365=CARTESIAN_POINT('',(0.1505,0.00447878907177963,0.013194688578551));
#11366=CARTESIAN_POINT('',(0.1545,0.00447878907177963,0.013194688578551));
#11367=CARTESIAN_POINT('',(0.1505,0.00447878907177963,0.0133756339473958));
#11368=CARTESIAN_POINT('',(0.1545,0.00447878907177963,0.0133756339473958));
#11369=CARTESIAN_POINT('',(0.1505,0.00456926175620201,0.0134661066318181));
#11370=CARTESIAN_POINT('',(0.1545,0.00456926175620201,0.0134661066318181));
#11371=CARTESIAN_POINT('',(0.1505,0.00475020712504677,0.0134661066318181));
#11372=CARTESIAN_POINT('',(0.1545,0.00475020712504677,0.0134661066318181));
#11373=CARTESIAN_POINT('',(0.1545,0.00447878907177963,0.013194688578551));
#11374=CARTESIAN_POINT('',(0.1545,0.00447878907177963,0.0134661066318181));
#11375=CARTESIAN_POINT('',(0.1545,0.00475020712504677,0.0134661066318181));
#11376=CARTESIAN_POINT('',(0.1545,0.00447878907177963,0.013194688578551));
#11377=CARTESIAN_POINT('',(0.1505,0.00447878907177963,0.013194688578551));
#11378=CARTESIAN_POINT('',(0.1505,0.00447878907177963,0.00890972670029239));
#11379=CARTESIAN_POINT('',(0.1545,0.00447878907177963,0.00890972670029239));
#11380=CARTESIAN_POINT('',(0.1545,0.00447878907177963,0.00462476482203379));
#11381=CARTESIAN_POINT('',(0.1505,0.00447878907177963,0.00462476482203379));
#11382=CARTESIAN_POINT('',(0.1505,0.00475020712504677,0.00435334676876664));
#11383=CARTESIAN_POINT('',(0.1545,0.00475020712504677,0.00435334676876664));
#11384=CARTESIAN_POINT('',(0.1505,0.00456926175620201,0.00435334676876664));
#11385=CARTESIAN_POINT('',(0.1545,0.00456926175620201,0.00435334676876664));
#11386=CARTESIAN_POINT('',(0.1505,0.00447878907177963,0.00444381945318902));
#11387=CARTESIAN_POINT('',(0.1545,0.00447878907177963,0.00444381945318902));
#11388=CARTESIAN_POINT('',(0.1505,0.00447878907177963,0.00462476482203379));
#11389=CARTESIAN_POINT('',(0.1545,0.00447878907177963,0.00462476482203379));
#11390=CARTESIAN_POINT('',(0.1545,0.00475020712504677,0.00435334676876664));
#11391=CARTESIAN_POINT('',(0.1545,0.00447878907177963,0.00435334676876664));
#11392=CARTESIAN_POINT('',(0.1545,0.00447878907177963,0.00462476482203379));
#11393=CARTESIAN_POINT('',(0.1505,-0.00740689105188924,0.00395229621244652));
#11394=CARTESIAN_POINT('',(0.1545,-0.00740689105188924,0.00395229621244652));
#11395=CARTESIAN_POINT('',(0.1545,-0.00740689105188924,0.00505417248839674));
#11396=CARTESIAN_POINT('',(0.1545,-0.00740689105188924,0.00285041993649631));
#11397=CARTESIAN_POINT('',(0.1505,-0.00740689105188924,0.00505417248839674));
#11398=CARTESIAN_POINT('',(0.1505,-0.00740689105188924,0.00285041993649631));
#11399=CARTESIAN_POINT('',(0.1505,-0.0073815722036367,0.00505417248839674));
#11400=CARTESIAN_POINT('',(0.1545,-0.0073815722036367,0.00505417248839674));
#11401=CARTESIAN_POINT('',(0.1545,-0.00735625335538417,0.00505417248839674));
#11402=CARTESIAN_POINT('',(0.1505,-0.00735625335538417,0.00505417248839674));
#11403=CARTESIAN_POINT('',(0.1505,-0.00684987639033352,0.00452855319867417));
#11404=CARTESIAN_POINT('',(0.1545,-0.00684987639033352,0.00452855319867417));
#11405=CARTESIAN_POINT('',(0.1505,-0.00709158699498437,0.00464535748527918));
#11406=CARTESIAN_POINT('',(0.1545,-0.00709158699498437,0.00464535748527918));
#11407=CARTESIAN_POINT('',(0.1505,-0.00726037931666792,0.00482056391518671));
#11408=CARTESIAN_POINT('',(0.1545,-0.00726037931666792,0.00482056391518671));
#11409=CARTESIAN_POINT('',(0.1505,-0.00735625335538417,0.00505417248839674));
#11410=CARTESIAN_POINT('',(0.1545,-0.00735625335538417,0.00505417248839674));
#11411=CARTESIAN_POINT('',(0.1545,-0.00684987639033352,0.00452855319867417));
#11412=CARTESIAN_POINT('',(0.1545,-0.00721244229730979,0.00470375962858169));
#11413=CARTESIAN_POINT('',(0.1545,-0.00735625335538417,0.00505417248839674));
#11414=CARTESIAN_POINT('',(0.1545,-0.00684987639033352,0.00452855319867417));
#11415=CARTESIAN_POINT('',(0.1505,-0.00684987639033352,0.00452855319867417));
#11416=CARTESIAN_POINT('',(0.1505,-0.00608977887599827,0.00608978094100966));
#11417=CARTESIAN_POINT('',(0.1545,-0.00608977887599827,0.00608978094100966));
#11418=CARTESIAN_POINT('',(0.1545,-0.0060842345826406,0.0043533979629411));
#11419=CARTESIAN_POINT('',(0.1505,-0.00608423441917694,0.00435334676876664));
#11420=CARTESIAN_POINT('',(0.1505,-0.0058188928894904,0.00435334676876664));
#11421=CARTESIAN_POINT('',(0.1545,-0.0058188928894904,0.00435334676876664));
#11422=CARTESIAN_POINT('',(0.1545,-0.00555355135980386,0.00435334676876664));
#11423=CARTESIAN_POINT('',(0.1505,-0.00555355135980386,0.00435334676876664));
#11424=CARTESIAN_POINT('',(0.1505,-0.00404353525002281,0.00489820838316114));
#11425=CARTESIAN_POINT('',(0.1545,-0.00404353525002281,0.00489820838316114));
#11426=CARTESIAN_POINT('',(0.1505,-0.00438449573982358,0.00453496730689814));
#11427=CARTESIAN_POINT('',(0.1545,-0.00438449573982358,0.00453496730689814));
#11428=CARTESIAN_POINT('',(0.1505,-0.00488783444308393,0.00435334676876664));
#11429=CARTESIAN_POINT('',(0.1545,-0.00488783444308393,0.00435334676876664));
#11430=CARTESIAN_POINT('',(0.1505,-0.00555355135980386,0.00435334676876664));
#11431=CARTESIAN_POINT('',(0.1545,-0.00555355135980386,0.00435334676876664));
#11432=CARTESIAN_POINT('',(0.1545,-0.00404353525002281,0.00489820838316114));
#11433=CARTESIAN_POINT('',(0.1545,-0.00455497598472397,0.00435334676876664));
#11434=CARTESIAN_POINT('',(0.1545,-0.00555355135980386,0.00435334676876664));
#11435=CARTESIAN_POINT('',(0.1545,-0.00404353525002281,0.00489820838316114));
#11436=CARTESIAN_POINT('',(0.1505,-0.00404353525002281,0.00489820838316114));
#11437=CARTESIAN_POINT('',(0.1505,-0.00353209451532166,0.00646595146695795));
#11438=CARTESIAN_POINT('',(0.1545,-0.00353209451532166,0.00646595146695795));
#11439=CARTESIAN_POINT('',(0.1505,-0.00353209451532166,0.00578403048735641));
#11440=CARTESIAN_POINT('',(0.1545,-0.00353209451532166,0.00578403048735641));
#11441=CARTESIAN_POINT('',(0.1505,-0.00370257476022205,0.00526144945942414));
#11442=CARTESIAN_POINT('',(0.1545,-0.00370257476022205,0.00526144945942414));
#11443=CARTESIAN_POINT('',(0.1505,-0.00404353525002281,0.00489820838316114));
#11444=CARTESIAN_POINT('',(0.1545,-0.00404353525002281,0.00489820838316114));
#11445=CARTESIAN_POINT('',(0.1545,-0.00353209451532166,0.00646595146695795));
#11446=CARTESIAN_POINT('',(0.1545,-0.00353209451532166,0.00544306999755564));
#11447=CARTESIAN_POINT('',(0.1545,-0.00404353525002281,0.00489820838316114));
#11448=CARTESIAN_POINT('',(0.1545,-0.00353209451532166,0.00646595146695795));
#11449=CARTESIAN_POINT('',(0.1505,-0.00353209451532166,0.00646595146695795));
#11450=CARTESIAN_POINT('',(0.1505,-0.00353209451532166,0.00765897559661729));
#11451=CARTESIAN_POINT('',(0.1545,-0.00353209451532166,0.00765897559661729));
#11452=CARTESIAN_POINT('',(0.1545,-0.00353209451532166,0.00885199972627662));
#11453=CARTESIAN_POINT('',(0.1505,-0.00353209451532166,0.00885199972627662));
#11454=CARTESIAN_POINT('',(0.1505,-0.00404353525002281,0.0104197428100734));
#11455=CARTESIAN_POINT('',(0.1545,-0.00404353525002281,0.0104197428100734));
#11456=CARTESIAN_POINT('',(0.1505,-0.00370257476022205,0.0100565017338104));
#11457=CARTESIAN_POINT('',(0.1545,-0.00370257476022205,0.0100565017338104));
#11458=CARTESIAN_POINT('',(0.1505,-0.00353209451532166,0.00953392070587816));
#11459=CARTESIAN_POINT('',(0.1545,-0.00353209451532166,0.00953392070587816));
#11460=CARTESIAN_POINT('',(0.1505,-0.00353209451532166,0.00885199972627662));
#11461=CARTESIAN_POINT('',(0.1545,-0.00353209451532166,0.00885199972627662));
#11462=CARTESIAN_POINT('',(0.1545,-0.00404353525002281,0.0104197428100734));
#11463=CARTESIAN_POINT('',(0.1545,-0.00353209451532166,0.00987488119567893));
#11464=CARTESIAN_POINT('',(0.1545,-0.00353209451532166,0.00885199972627662));
#11465=CARTESIAN_POINT('',(0.1545,-0.00404353525002281,0.0104197428100734));
#11466=CARTESIAN_POINT('',(0.1505,-0.00404353525002281,0.0104197428100734));
#11467=CARTESIAN_POINT('',(0.1505,-0.00555355135980386,0.0109646044244679));
#11468=CARTESIAN_POINT('',(0.1545,-0.00555355135980386,0.0109646044244679));
#11469=CARTESIAN_POINT('',(0.1505,-0.00488783444308393,0.0109646044244679));
#11470=CARTESIAN_POINT('',(0.1545,-0.00488783444308393,0.0109646044244679));
#11471=CARTESIAN_POINT('',(0.1505,-0.00438449573982358,0.0107829838863364));
#11472=CARTESIAN_POINT('',(0.1545,-0.00438449573982358,0.0107829838863364));
#11473=CARTESIAN_POINT('',(0.1505,-0.00404353525002281,0.0104197428100734));
#11474=CARTESIAN_POINT('',(0.1545,-0.00404353525002281,0.0104197428100734));
#11475=CARTESIAN_POINT('',(0.1545,-0.00555355135980386,0.0109646044244679));
#11476=CARTESIAN_POINT('',(0.1545,-0.00455497598472397,0.0109646044244679));
#11477=CARTESIAN_POINT('',(0.1545,-0.00404353525002281,0.0104197428100734));
#11478=CARTESIAN_POINT('',(0.1545,-0.00555355135980386,0.0109646044244679));
#11479=CARTESIAN_POINT('',(0.1505,-0.00555355135980386,0.0109646044244679));
#11480=CARTESIAN_POINT('',(0.1505,-0.0058188928894904,0.0109646044244679));
#11481=CARTESIAN_POINT('',(0.1545,-0.0058188928894904,0.0109646044244679));
#11482=CARTESIAN_POINT('',(0.1545,-0.0060842345826406,0.0109645532302935));
#11483=CARTESIAN_POINT('',(0.1505,-0.00608423441917694,0.0109646044244679));
#11484=CARTESIAN_POINT('',(0.1505,-0.00608977887599831,0.00922817025222499));
#11485=CARTESIAN_POINT('',(0.1545,-0.00608977887599831,0.00922817025222499));
#11486=CARTESIAN_POINT('',(0.1545,-0.00684987639033352,0.0107893979945604));
#11487=CARTESIAN_POINT('',(0.1505,-0.00684987639033352,0.0107893979945604));
#11488=CARTESIAN_POINT('',(0.1505,-0.00735625335538417,0.0102637787048378));
#11489=CARTESIAN_POINT('',(0.1545,-0.00735625335538417,0.0102637787048378));
#11490=CARTESIAN_POINT('',(0.1505,-0.00726037931666792,0.0104973872780479));
#11491=CARTESIAN_POINT('',(0.1545,-0.00726037931666792,0.0104973872780479));
#11492=CARTESIAN_POINT('',(0.1505,-0.00709158699498437,0.0106725937079554));
#11493=CARTESIAN_POINT('',(0.1545,-0.00709158699498437,0.0106725937079554));
#11494=CARTESIAN_POINT('',(0.1505,-0.00684987639033352,0.0107893979945604));
#11495=CARTESIAN_POINT('',(0.1545,-0.00684987639033352,0.0107893979945604));
#11496=CARTESIAN_POINT('',(0.1545,-0.00735625335538417,0.0102637787048378));
#11497=CARTESIAN_POINT('',(0.1545,-0.00721244229730979,0.0106141915646529));
#11498=CARTESIAN_POINT('',(0.1545,-0.00684987639033352,0.0107893979945604));
#11499=CARTESIAN_POINT('',(0.1545,-0.00735625335538417,0.0102637787048378));
#11500=CARTESIAN_POINT('',(0.1505,-0.00735625335538417,0.0102637787048378));
#11501=CARTESIAN_POINT('',(0.1505,-0.0073815722036367,0.0102637787048378));
#11502=CARTESIAN_POINT('',(0.1545,-0.0073815722036367,0.0102637787048378));
#11503=CARTESIAN_POINT('',(0.1545,-0.00740689105188924,0.0102637787048378));
#11504=CARTESIAN_POINT('',(0.1505,-0.00740689105188924,0.0102637787048378));
#11505=CARTESIAN_POINT('',(0.1505,-0.00740689105188924,0.0104784825380193));
#11506=CARTESIAN_POINT('',(0.1545,-0.00740689105188924,0.0104784825380193));
#11507=CARTESIAN_POINT('',(0.1545,-0.00740689105188924,0.0106931863712008));
#11508=CARTESIAN_POINT('',(0.1505,-0.00740689105188924,0.0106931863712008));
#11509=CARTESIAN_POINT('',(0.1505,-0.00768033461301659,0.0109646044244679));
#11510=CARTESIAN_POINT('',(0.1545,-0.00768033461301659,0.0109646044244679));
#11511=CARTESIAN_POINT('',(0.1505,-0.00749803890559836,0.0109646044244679));
#11512=CARTESIAN_POINT('',(0.1545,-0.00749803890559836,0.0109646044244679));
#11513=CARTESIAN_POINT('',(0.1505,-0.00740689105188924,0.0108741317400455));
#11514=CARTESIAN_POINT('',(0.1545,-0.00740689105188924,0.0108741317400455));
#11515=CARTESIAN_POINT('',(0.1505,-0.00740689105188924,0.0106931863712008));
#11516=CARTESIAN_POINT('',(0.1545,-0.00740689105188924,0.0106931863712008));
#11517=CARTESIAN_POINT('',(0.1545,-0.00768033461301659,0.0109646044244679));
#11518=CARTESIAN_POINT('',(0.1545,-0.00740689105188924,0.0109646044244679));
#11519=CARTESIAN_POINT('',(0.1545,-0.00740689105188924,0.0106931863712008));
#11520=CARTESIAN_POINT('',(0.1545,-0.00768033461301659,0.0109646044244679));
#11521=CARTESIAN_POINT('',(0.1505,-0.00768033461301659,0.0109646044244679));
#11522=CARTESIAN_POINT('',(0.1505,-0.00823127275099169,0.0109646044244679));
#11523=CARTESIAN_POINT('',(0.1545,-0.00823127275099169,0.0109646044244679));
#11524=CARTESIAN_POINT('',(0.1545,-0.0087822108889668,0.0109646044244679));
#11525=CARTESIAN_POINT('',(0.1505,-0.0087822108889668,0.0109646044244679));
#11526=CARTESIAN_POINT('',(0.1505,-0.00905362894223395,0.0106931863712008));
#11527=CARTESIAN_POINT('',(0.1545,-0.00905362894223395,0.0106931863712008));
#11528=CARTESIAN_POINT('',(0.1505,-0.00905362894223395,0.0108741317400455));
#11529=CARTESIAN_POINT('',(0.1545,-0.00905362894223395,0.0108741317400455));
#11530=CARTESIAN_POINT('',(0.1505,-0.00896315625781157,0.0109646044244679));
#11531=CARTESIAN_POINT('',(0.1545,-0.00896315625781157,0.0109646044244679));
#11532=CARTESIAN_POINT('',(0.1505,-0.0087822108889668,0.0109646044244679));
#11533=CARTESIAN_POINT('',(0.1545,-0.0087822108889668,0.0109646044244679));
#11534=CARTESIAN_POINT('',(0.1545,-0.00905362894223395,0.0106931863712008));
#11535=CARTESIAN_POINT('',(0.1545,-0.00905362894223395,0.0109646044244679));
#11536=CARTESIAN_POINT('',(0.1545,-0.0087822108889668,0.0109646044244679));
#11537=CARTESIAN_POINT('',(0.1545,-0.00905362894223395,0.0106931863712008));
#11538=CARTESIAN_POINT('',(0.1505,-0.00905362894223395,0.0106931863712008));
#11539=CARTESIAN_POINT('',(0.1505,-0.00905362894223395,0.00677180315384855));
#11540=CARTESIAN_POINT('',(0.1545,-0.00905362894223395,0.00677180315384855));
#11541=CARTESIAN_POINT('',(0.1545,-0.00905362894223395,0.00285041993649631));
#11542=CARTESIAN_POINT('',(0.1505,-0.00905362894223395,0.00285041993649631));
#11543=CARTESIAN_POINT('',(0.1505,-0.0087822108889668,0.00259115493039038));
#11544=CARTESIAN_POINT('',(0.1545,-0.0087822108889668,0.00259115493039038));
#11545=CARTESIAN_POINT('',(0.1505,-0.00896315625781157,0.00259115493039038));
#11546=CARTESIAN_POINT('',(0.1545,-0.00896315625781157,0.00259115493039038));
#11547=CARTESIAN_POINT('',(0.1505,-0.00905362894223395,0.00267757659909236));
#11548=CARTESIAN_POINT('',(0.1545,-0.00905362894223395,0.00267757659909236));
#11549=CARTESIAN_POINT('',(0.1505,-0.00905362894223395,0.00285041993649631));
#11550=CARTESIAN_POINT('',(0.1545,-0.00905362894223395,0.00285041993649631));
#11551=CARTESIAN_POINT('',(0.1545,-0.0087822108889668,0.00259115493039038));
#11552=CARTESIAN_POINT('',(0.1545,-0.00905362894223395,0.00259115493039038));
#11553=CARTESIAN_POINT('',(0.1545,-0.00905362894223395,0.00285041993649631));
#11554=CARTESIAN_POINT('',(0.1545,-0.0087822108889668,0.00259115493039038));
#11555=CARTESIAN_POINT('',(0.1505,-0.0087822108889668,0.00259115493039038));
#11556=CARTESIAN_POINT('',(0.1505,-0.00823127275099169,0.00259115493039038));
#11557=CARTESIAN_POINT('',(0.1545,-0.00823127275099169,0.00259115493039038));
#11558=CARTESIAN_POINT('',(0.1545,-0.00768033461301659,0.00259115493039038));
#11559=CARTESIAN_POINT('',(0.1505,-0.00768033461301659,0.00259115493039038));
#11560=CARTESIAN_POINT('',(0.1505,-0.00740689105188924,0.00285041993649631));
#11561=CARTESIAN_POINT('',(0.1545,-0.00740689105188924,0.00285041993649631));
#11562=CARTESIAN_POINT('',(0.1505,-0.00740689105188924,0.00267757659909236));
#11563=CARTESIAN_POINT('',(0.1545,-0.00740689105188924,0.00267757659909236));
#11564=CARTESIAN_POINT('',(0.1505,-0.00749803890559836,0.00259115493039038));
#11565=CARTESIAN_POINT('',(0.1545,-0.00749803890559836,0.00259115493039038));
#11566=CARTESIAN_POINT('',(0.1505,-0.00768033461301659,0.00259115493039038));
#11567=CARTESIAN_POINT('',(0.1545,-0.00768033461301659,0.00259115493039038));
#11568=CARTESIAN_POINT('',(0.1545,-0.00740689105188924,0.00285041993649631));
#11569=CARTESIAN_POINT('',(0.1545,-0.00740689105188924,0.00259115493039038));
#11570=CARTESIAN_POINT('',(0.1545,-0.00768033461301659,0.00259115493039038));
#11571=CARTESIAN_POINT('',(0.1505,-0.037856350714315,0.00658950744643031));
#11572=CARTESIAN_POINT('',(0.1545,-0.037856350714315,0.00658950744643031));
#11573=CARTESIAN_POINT('',(0.1545,-0.037856350714315,0.00855425007082684));
#11574=CARTESIAN_POINT('',(0.1545,-0.037856350714315,0.00462476482203379));
#11575=CARTESIAN_POINT('',(0.1505,-0.037856350714315,0.00855425007082684));
#11576=CARTESIAN_POINT('',(0.1505,-0.037856350714315,0.00462476482203379));
#11577=CARTESIAN_POINT('',(0.1505,-0.0369631017479656,0.0095386468908853));
#11578=CARTESIAN_POINT('',(0.1545,-0.0369631017479656,0.0095386468908853));
#11579=CARTESIAN_POINT('',(0.1505,-0.0375586010588652,0.0095386468908853));
#11580=CARTESIAN_POINT('',(0.1545,-0.0375586010588652,0.0095386468908853));
#11581=CARTESIAN_POINT('',(0.1505,-0.037856350714315,0.00921051461753248));
#11582=CARTESIAN_POINT('',(0.1545,-0.037856350714315,0.00921051461753248));
#11583=CARTESIAN_POINT('',(0.1505,-0.037856350714315,0.00855425007082684));
#11584=CARTESIAN_POINT('',(0.1545,-0.037856350714315,0.00855425007082684));
#11585=CARTESIAN_POINT('',(0.1545,-0.0369631017479656,0.0095386468908853));
#11586=CARTESIAN_POINT('',(0.1545,-0.037856350714315,0.0095386468908853));
#11587=CARTESIAN_POINT('',(0.1545,-0.037856350714315,0.00855425007082684));
#11588=CARTESIAN_POINT('',(0.1545,-0.0369631017479656,0.0095386468908853));
#11589=CARTESIAN_POINT('',(0.1505,-0.0369631017479656,0.0095386468908853));
#11590=CARTESIAN_POINT('',(0.1505,-0.0367291555901122,0.0095386468908853));
#11591=CARTESIAN_POINT('',(0.1545,-0.0367291555901122,0.0095386468908853));
#11592=CARTESIAN_POINT('',(0.1545,-0.0364952094322588,0.0095386468908853));
#11593=CARTESIAN_POINT('',(0.1505,-0.0364952094322588,0.0095386468908853));
#11594=CARTESIAN_POINT('',(0.1505,-0.0359057866449399,0.00936344046097777));
#11595=CARTESIAN_POINT('',(0.1545,-0.0359057866449399,0.00936344046097777));
#11596=CARTESIAN_POINT('',(0.1505,-0.0360219157622581,0.00948024474758279));
#11597=CARTESIAN_POINT('',(0.1545,-0.0360219157622581,0.00948024474758279));
#11598=CARTESIAN_POINT('',(0.1505,-0.0362183900246978,0.0095386468908853));
#11599=CARTESIAN_POINT('',(0.1545,-0.0362183900246978,0.0095386468908853));
#11600=CARTESIAN_POINT('',(0.1505,-0.0364952094322588,0.0095386468908853));
#11601=CARTESIAN_POINT('',(0.1545,-0.0364952094322588,0.0095386468908853));
#11602=CARTESIAN_POINT('',(0.1545,-0.0359057866449399,0.00936344046097777));
#11603=CARTESIAN_POINT('',(0.1545,-0.0360799803209172,0.0095386468908853));
#11604=CARTESIAN_POINT('',(0.1545,-0.0364952094322588,0.0095386468908853));
#11605=CARTESIAN_POINT('',(0.1545,-0.0359057866449399,0.00936344046097777));
#11606=CARTESIAN_POINT('',(0.1505,-0.0359057866449399,0.00936344046097777));
#11607=CARTESIAN_POINT('',(0.1505,-0.0357315929689624,0.00877300491972872));
#11608=CARTESIAN_POINT('',(0.1545,-0.0357315929689624,0.00877300491972872));
#11609=CARTESIAN_POINT('',(0.1505,-0.0357315929689624,0.00904982432728974));
#11610=CARTESIAN_POINT('',(0.1545,-0.0357315929689624,0.00904982432728974));
#11611=CARTESIAN_POINT('',(0.1505,-0.0357896575276216,0.00924663617437276));
#11612=CARTESIAN_POINT('',(0.1545,-0.0357896575276216,0.00924663617437276));
#11613=CARTESIAN_POINT('',(0.1505,-0.0359057866449399,0.00936344046097777));
#11614=CARTESIAN_POINT('',(0.1545,-0.0359057866449399,0.00936344046097777));
#11615=CARTESIAN_POINT('',(0.1545,-0.0357315929689624,0.00877300491972872));
#11616=CARTESIAN_POINT('',(0.1545,-0.0357315929689624,0.00918823403107025));
#11617=CARTESIAN_POINT('',(0.1545,-0.0359057866449399,0.00936344046097777));
#11618=CARTESIAN_POINT('',(0.1545,-0.0357315929689624,0.00877300491972872));
#11619=CARTESIAN_POINT('',(0.1505,-0.0357315929689624,0.00877300491972872));
#11620=CARTESIAN_POINT('',(0.1505,-0.0357315929689624,0.00669888487088125));
#11621=CARTESIAN_POINT('',(0.1545,-0.0357315929689624,0.00669888487088125));
#11622=CARTESIAN_POINT('',(0.1545,-0.0357315929689624,0.00462476482203379));
#11623=CARTESIAN_POINT('',(0.1505,-0.0357315929689624,0.00462476482203379));
#11624=CARTESIAN_POINT('',(0.1505,-0.0354581494078351,0.00435334676876664));
#11625=CARTESIAN_POINT('',(0.1545,-0.0354581494078351,0.00435334676876664));
#11626=CARTESIAN_POINT('',(0.1505,-0.0356404451152533,0.00435334676876664));
#11627=CARTESIAN_POINT('',(0.1545,-0.0356404451152533,0.00435334676876664));
#11628=CARTESIAN_POINT('',(0.1505,-0.0357315929689624,0.00444381945318902));
#11629=CARTESIAN_POINT('',(0.1545,-0.0357315929689624,0.00444381945318902));
#11630=CARTESIAN_POINT('',(0.1505,-0.0357315929689624,0.00462476482203379));
#11631=CARTESIAN_POINT('',(0.1545,-0.0357315929689624,0.00462476482203379));
#11632=CARTESIAN_POINT('',(0.1545,-0.0354581494078351,0.00435334676876664));
#11633=CARTESIAN_POINT('',(0.1545,-0.0357315929689624,0.00435334676876664));
#11634=CARTESIAN_POINT('',(0.1545,-0.0357315929689624,0.00462476482203379));
#11635=CARTESIAN_POINT('',(0.1545,-0.0354581494078351,0.00435334676876664));
#11636=CARTESIAN_POINT('',(0.1505,-0.0354581494078351,0.00435334676876664));
#11637=CARTESIAN_POINT('',(0.1505,-0.0349143005473707,0.00435334676876664));
#11638=CARTESIAN_POINT('',(0.1545,-0.0349143005473707,0.00435334676876664));
#11639=CARTESIAN_POINT('',(0.1545,-0.0343704516869063,0.00435334676876664));
#11640=CARTESIAN_POINT('',(0.1505,-0.0343704516869063,0.00435334676876664));
#11641=CARTESIAN_POINT('',(0.1505,-0.0340848550786177,0.00462476482203379));
#11642=CARTESIAN_POINT('',(0.1545,-0.0340848550786177,0.00462476482203379));
#11643=CARTESIAN_POINT('',(0.1505,-0.0340848550786177,0.00444381945318902));
#11644=CARTESIAN_POINT('',(0.1545,-0.0340848550786177,0.00444381945318902));
#11645=CARTESIAN_POINT('',(0.1505,-0.0341800539480472,0.00435334676876664));
#11646=CARTESIAN_POINT('',(0.1545,-0.0341800539480472,0.00435334676876664));
#11647=CARTESIAN_POINT('',(0.1505,-0.0343704516869063,0.00435334676876664));
#11648=CARTESIAN_POINT('',(0.1545,-0.0343704516869063,0.00435334676876664));
#11649=CARTESIAN_POINT('',(0.1545,-0.0340848550786177,0.00462476482203379));
#11650=CARTESIAN_POINT('',(0.1545,-0.0340848550786177,0.00435334676876664));
#11651=CARTESIAN_POINT('',(0.1545,-0.0343704516869063,0.00435334676876664));
#11652=CARTESIAN_POINT('',(0.1545,-0.0340848550786177,0.00462476482203379));
#11653=CARTESIAN_POINT('',(0.1505,-0.0340848550786177,0.00462476482203379));
#11654=CARTESIAN_POINT('',(0.1505,-0.0340848550786177,0.00673838227415521));
#11655=CARTESIAN_POINT('',(0.1545,-0.0340848550786177,0.00673838227415521));
#11656=CARTESIAN_POINT('',(0.1545,-0.0340848550786177,0.00885199972627662));
#11657=CARTESIAN_POINT('',(0.1505,-0.0340848550786177,0.00885199972627662));
#11658=CARTESIAN_POINT('',(0.1505,-0.0361204904781213,0.0109646044244679));
#11659=CARTESIAN_POINT('',(0.1545,-0.0361204904781213,0.0109646044244679));
#11660=CARTESIAN_POINT('',(0.1505,-0.0347634002117856,0.0109646044244679));
#11661=CARTESIAN_POINT('',(0.1545,-0.0347634002117856,0.0109646044244679));
#11662=CARTESIAN_POINT('',(0.1505,-0.0340848550786177,0.0102604028584042));
#11663=CARTESIAN_POINT('',(0.1545,-0.0340848550786177,0.0102604028584042));
#11664=CARTESIAN_POINT('',(0.1505,-0.0340848550786177,0.00885199972627662));
#11665=CARTESIAN_POINT('',(0.1545,-0.0340848550786177,0.00885199972627662));
#11666=CARTESIAN_POINT('',(0.1545,-0.0361204904781213,0.0109646044244679));
#11667=CARTESIAN_POINT('',(0.1545,-0.0340848550786177,0.0109646044244679));
#11668=CARTESIAN_POINT('',(0.1545,-0.0340848550786177,0.00885199972627662));
#11669=CARTESIAN_POINT('',(0.1545,-0.0361204904781213,0.0109646044244679));
#11670=CARTESIAN_POINT('',(0.1505,-0.0361204904781213,0.0109646044244679));
#11671=CARTESIAN_POINT('',(0.1505,-0.036327092279862,0.0109646044244679));
#11672=CARTESIAN_POINT('',(0.1545,-0.036327092279862,0.0109646044244679));
#11673=CARTESIAN_POINT('',(0.1545,-0.0365336940816026,0.0109646044244679));
#11674=CARTESIAN_POINT('',(0.1505,-0.0365336940816026,0.0109646044244679));
#11675=CARTESIAN_POINT('',(0.1505,-0.0378057130178098,0.0102637787048378));
#11676=CARTESIAN_POINT('',(0.1545,-0.0378057130178098,0.0102637787048378));
#11677=CARTESIAN_POINT('',(0.1505,-0.0376153152789508,0.0107309958512579));
#11678=CARTESIAN_POINT('',(0.1545,-0.0376153152789508,0.0107309958512579));
#11679=CARTESIAN_POINT('',(0.1505,-0.0371913089668817,0.0109646044244679));
#11680=CARTESIAN_POINT('',(0.1545,-0.0371913089668817,0.0109646044244679));
#11681=CARTESIAN_POINT('',(0.1505,-0.0365336940816026,0.0109646044244679));
#11682=CARTESIAN_POINT('',(0.1545,-0.0365336940816026,0.0109646044244679));
#11683=CARTESIAN_POINT('',(0.1545,-0.0378057130178098,0.0102637787048378));
#11684=CARTESIAN_POINT('',(0.1545,-0.0375201164095213,0.0109646044244679));
#11685=CARTESIAN_POINT('',(0.1545,-0.0365336940816026,0.0109646044244679));
#11686=CARTESIAN_POINT('',(0.1545,-0.0378057130178098,0.0102637787048378));
#11687=CARTESIAN_POINT('',(0.1505,-0.0378057130178098,0.0102637787048378));
#11688=CARTESIAN_POINT('',(0.1505,-0.0378310318660624,0.0102637787048378));
#11689=CARTESIAN_POINT('',(0.1545,-0.0378310318660624,0.0102637787048378));
#11690=CARTESIAN_POINT('',(0.1545,-0.037856350714315,0.0102637787048378));
#11691=CARTESIAN_POINT('',(0.1505,-0.037856350714315,0.0102637787048378));
#11692=CARTESIAN_POINT('',(0.1505,-0.037856350714315,0.0104784825380193));
#11693=CARTESIAN_POINT('',(0.1545,-0.037856350714315,0.0104784825380193));
#11694=CARTESIAN_POINT('',(0.1545,-0.037856350714315,0.0106931863712008));
#11695=CARTESIAN_POINT('',(0.1505,-0.037856350714315,0.0106931863712008));
#11696=CARTESIAN_POINT('',(0.1505,-0.0381297942754423,0.0109646044244679));
#11697=CARTESIAN_POINT('',(0.1545,-0.0381297942754423,0.0109646044244679));
#11698=CARTESIAN_POINT('',(0.1505,-0.0379474985680241,0.0109646044244679));
#11699=CARTESIAN_POINT('',(0.1545,-0.0379474985680241,0.0109646044244679));
#11700=CARTESIAN_POINT('',(0.1505,-0.037856350714315,0.0108741317400455));
#11701=CARTESIAN_POINT('',(0.1545,-0.037856350714315,0.0108741317400455));
#11702=CARTESIAN_POINT('',(0.1505,-0.037856350714315,0.0106931863712008));
#11703=CARTESIAN_POINT('',(0.1545,-0.037856350714315,0.0106931863712008));
#11704=CARTESIAN_POINT('',(0.1545,-0.0381297942754423,0.0109646044244679));
#11705=CARTESIAN_POINT('',(0.1545,-0.037856350714315,0.0109646044244679));
#11706=CARTESIAN_POINT('',(0.1545,-0.037856350714315,0.0106931863712008));
#11707=CARTESIAN_POINT('',(0.1545,-0.0381297942754423,0.0109646044244679));
#11708=CARTESIAN_POINT('',(0.1505,-0.0381297942754423,0.0109646044244679));
#11709=CARTESIAN_POINT('',(0.1505,-0.0386807324134174,0.0109646044244679));
#11710=CARTESIAN_POINT('',(0.1545,-0.0386807324134174,0.0109646044244679));
#11711=CARTESIAN_POINT('',(0.1545,-0.0392316705513925,0.0109646044244679));
#11712=CARTESIAN_POINT('',(0.1505,-0.0392316705513925,0.0109646044244679));
#11713=CARTESIAN_POINT('',(0.1505,-0.0395030886046596,0.0106931863712008));
#11714=CARTESIAN_POINT('',(0.1545,-0.0395030886046596,0.0106931863712008));
#11715=CARTESIAN_POINT('',(0.1505,-0.0395030886046596,0.0108741317400455));
#11716=CARTESIAN_POINT('',(0.1545,-0.0395030886046596,0.0108741317400455));
#11717=CARTESIAN_POINT('',(0.1505,-0.0394126159202373,0.0109646044244679));
#11718=CARTESIAN_POINT('',(0.1545,-0.0394126159202373,0.0109646044244679));
#11719=CARTESIAN_POINT('',(0.1505,-0.0392316705513925,0.0109646044244679));
#11720=CARTESIAN_POINT('',(0.1545,-0.0392316705513925,0.0109646044244679));
#11721=CARTESIAN_POINT('',(0.1545,-0.0395030886046596,0.0106931863712008));
#11722=CARTESIAN_POINT('',(0.1545,-0.0395030886046596,0.0109646044244679));
#11723=CARTESIAN_POINT('',(0.1545,-0.0392316705513925,0.0109646044244679));
#11724=CARTESIAN_POINT('',(0.1545,-0.0395030886046596,0.0106931863712008));
#11725=CARTESIAN_POINT('',(0.1505,-0.0395030886046596,0.0106931863712008));
#11726=CARTESIAN_POINT('',(0.1505,-0.0395030886046596,0.00765897559661729));
#11727=CARTESIAN_POINT('',(0.1545,-0.0395030886046596,0.00765897559661729));
#11728=CARTESIAN_POINT('',(0.1545,-0.0395030886046596,0.00462476482203379));
#11729=CARTESIAN_POINT('',(0.1505,-0.0395030886046596,0.00462476482203379));
#11730=CARTESIAN_POINT('',(0.1505,-0.0392316705513925,0.00435334676876664));
#11731=CARTESIAN_POINT('',(0.1545,-0.0392316705513925,0.00435334676876664));
#11732=CARTESIAN_POINT('',(0.1505,-0.0394126159202373,0.00435334676876664));
#11733=CARTESIAN_POINT('',(0.1545,-0.0394126159202373,0.00435334676876664));
#11734=CARTESIAN_POINT('',(0.1505,-0.0395030886046596,0.00444381945318902));
#11735=CARTESIAN_POINT('',(0.1545,-0.0395030886046596,0.00444381945318902));
#11736=CARTESIAN_POINT('',(0.1505,-0.0395030886046596,0.00462476482203379));
#11737=CARTESIAN_POINT('',(0.1545,-0.0395030886046596,0.00462476482203379));
#11738=CARTESIAN_POINT('',(0.1545,-0.0392316705513925,0.00435334676876664));
#11739=CARTESIAN_POINT('',(0.1545,-0.0395030886046596,0.00435334676876664));
#11740=CARTESIAN_POINT('',(0.1545,-0.0395030886046596,0.00462476482203379));
#11741=CARTESIAN_POINT('',(0.1545,-0.0392316705513925,0.00435334676876664));
#11742=CARTESIAN_POINT('',(0.1505,-0.0392316705513925,0.00435334676876664));
#11743=CARTESIAN_POINT('',(0.1505,-0.0386807324134174,0.00435334676876664));
#11744=CARTESIAN_POINT('',(0.1545,-0.0386807324134174,0.00435334676876664));
#11745=CARTESIAN_POINT('',(0.1545,-0.0381297942754423,0.00435334676876664));
#11746=CARTESIAN_POINT('',(0.1505,-0.0381297942754423,0.00435334676876664));
#11747=CARTESIAN_POINT('',(0.1505,-0.037856350714315,0.00462476482203379));
#11748=CARTESIAN_POINT('',(0.1545,-0.037856350714315,0.00462476482203379));
#11749=CARTESIAN_POINT('',(0.1505,-0.037856350714315,0.00444381945318902));
#11750=CARTESIAN_POINT('',(0.1545,-0.037856350714315,0.00444381945318902));
#11751=CARTESIAN_POINT('',(0.1505,-0.0379474985680241,0.00435334676876664));
#11752=CARTESIAN_POINT('',(0.1545,-0.0379474985680241,0.00435334676876664));
#11753=CARTESIAN_POINT('',(0.1505,-0.0381297942754423,0.00435334676876664));
#11754=CARTESIAN_POINT('',(0.1545,-0.0381297942754423,0.00435334676876664));
#11755=CARTESIAN_POINT('',(0.1545,-0.037856350714315,0.00462476482203379));
#11756=CARTESIAN_POINT('',(0.1545,-0.037856350714315,0.00435334676876664));
#11757=CARTESIAN_POINT('',(0.1545,-0.0381297942754423,0.00435334676876664));
#11758=CARTESIAN_POINT('',(0.1505,-0.0284590069969049,0.00709487165755086));
#11759=CARTESIAN_POINT('',(0.1545,-0.0284590069969049,0.00709487165755086));
#11760=CARTESIAN_POINT('',(0.1505,-0.0282773864587734,0.00684033283645207));
#11761=CARTESIAN_POINT('',(0.1545,-0.0282773864587734,0.00684033283645207));
#11762=CARTESIAN_POINT('',(0.1505,-0.0281865761897077,0.00650578645487527));
#11763=CARTESIAN_POINT('',(0.1545,-0.0281865761897077,0.00650578645487527));
#11764=CARTESIAN_POINT('',(0.1505,-0.0281865761897077,0.00609123251282047));
#11765=CARTESIAN_POINT('',(0.1545,-0.0281865761897077,0.00609123251282047));
#11766=CARTESIAN_POINT('',(0.1545,-0.0284590069969049,0.00709487165755086));
#11767=CARTESIAN_POINT('',(0.1545,-0.0281865761897077,0.00671306342590267));
#11768=CARTESIAN_POINT('',(0.1545,-0.0281865761897077,0.00609123251282047));
#11769=CARTESIAN_POINT('',(0.1545,-0.0284590069969049,0.00709487165755086));
#11770=CARTESIAN_POINT('',(0.1545,-0.0281865761897077,0.00609123251282047));
#11771=CARTESIAN_POINT('',(0.1505,-0.0284590069969049,0.00709487165755086));
#11772=CARTESIAN_POINT('',(0.1505,-0.0281865761897077,0.00609123251282047));
#11773=CARTESIAN_POINT('',(0.1505,-0.0294059319215497,0.00784127130403552));
#11774=CARTESIAN_POINT('',(0.1545,-0.0294059319215497,0.00784127130403552));
#11775=CARTESIAN_POINT('',(0.1505,-0.0289562691765847,0.00759821036081121));
#11776=CARTESIAN_POINT('',(0.1545,-0.0289562691765847,0.00759821036081121));
#11777=CARTESIAN_POINT('',(0.1505,-0.0286406275350364,0.00734941047864965));
#11778=CARTESIAN_POINT('',(0.1545,-0.0286406275350364,0.00734941047864965));
#11779=CARTESIAN_POINT('',(0.1505,-0.0284590069969049,0.00709487165755086));
#11780=CARTESIAN_POINT('',(0.1545,-0.0284590069969049,0.00709487165755086));
#11781=CARTESIAN_POINT('',(0.1545,-0.0294059319215497,0.00784127130403552));
#11782=CARTESIAN_POINT('',(0.1545,-0.0287314378041022,0.00747667988919905));
#11783=CARTESIAN_POINT('',(0.1545,-0.0284590069969049,0.00709487165755086));
#11784=CARTESIAN_POINT('',(0.1545,-0.0294059319215497,0.00784127130403552));
#11785=CARTESIAN_POINT('',(0.1505,-0.0294059319215497,0.00784127130403552));
#11786=CARTESIAN_POINT('',(0.1505,-0.0300601709603951,0.00823016881319442));
#11787=CARTESIAN_POINT('',(0.1545,-0.0300601709603951,0.00823016881319442));
#11788=CARTESIAN_POINT('',(0.1545,-0.0307144099992405,0.00861906632235332));
#11789=CARTESIAN_POINT('',(0.1505,-0.0307144099992405,0.00861906632235332));
#11790=CARTESIAN_POINT('',(0.1505,-0.0312714246607963,0.00920241258609167));
#11791=CARTESIAN_POINT('',(0.1545,-0.0312714246607963,0.00920241258609167));
#11792=CARTESIAN_POINT('',(0.1505,-0.0312714246607963,0.00901201484723262));
#11793=CARTESIAN_POINT('',(0.1545,-0.0312714246607963,0.00901201484723262));
#11794=CARTESIAN_POINT('',(0.1505,-0.0310857531069444,0.00881756609265317));
#11795=CARTESIAN_POINT('',(0.1545,-0.0310857531069444,0.00881756609265317));
#11796=CARTESIAN_POINT('',(0.1505,-0.0307144099992405,0.00861906632235332));
#11797=CARTESIAN_POINT('',(0.1545,-0.0307144099992405,0.00861906632235332));
#11798=CARTESIAN_POINT('',(0.1545,-0.0312714246607963,0.00920241258609167));
#11799=CARTESIAN_POINT('',(0.1545,-0.0312714246607963,0.0089168159778031));
#11800=CARTESIAN_POINT('',(0.1545,-0.0307144099992405,0.00861906632235332));
#11801=CARTESIAN_POINT('',(0.1545,-0.0312714246607963,0.00920241258609167));
#11802=CARTESIAN_POINT('',(0.1505,-0.0312714246607963,0.00920241258609167));
#11803=CARTESIAN_POINT('',(0.1505,-0.0312714246607963,0.00923482071185491));
#11804=CARTESIAN_POINT('',(0.1545,-0.0312714246607963,0.00923482071185491));
#11805=CARTESIAN_POINT('',(0.1545,-0.0312714246607963,0.00926722883761815));
#11806=CARTESIAN_POINT('',(0.1505,-0.0312714246607963,0.00926722883761815));
#11807=CARTESIAN_POINT('',(0.1505,-0.0306374407005529,0.00959131009525057));
#11808=CARTESIAN_POINT('',(0.1545,-0.0306374407005529,0.00959131009525057));
#11809=CARTESIAN_POINT('',(0.1505,-0.0310600966740485,0.00959131009525057));
#11810=CARTESIAN_POINT('',(0.1545,-0.0310600966740485,0.00959131009525057));
#11811=CARTESIAN_POINT('',(0.1505,-0.0312714246607963,0.0094832830093731));
#11812=CARTESIAN_POINT('',(0.1545,-0.0312714246607963,0.0094832830093731));
#11813=CARTESIAN_POINT('',(0.1505,-0.0312714246607963,0.00926722883761815));
#11814=CARTESIAN_POINT('',(0.1545,-0.0312714246607963,0.00926722883761815));
#11815=CARTESIAN_POINT('',(0.1545,-0.0306374407005529,0.00959131009525057));
#11816=CARTESIAN_POINT('',(0.1545,-0.0312714246607963,0.00959131009525057));
#11817=CARTESIAN_POINT('',(0.1545,-0.0312714246607963,0.00926722883761815));
#11818=CARTESIAN_POINT('',(0.1545,-0.0306374407005529,0.00959131009525057));
#11819=CARTESIAN_POINT('',(0.1505,-0.0306374407005529,0.00959131009525057));
#11820=CARTESIAN_POINT('',(0.1505,-0.0297360897027627,0.00959131009525057));
#11821=CARTESIAN_POINT('',(0.1545,-0.0297360897027627,0.00959131009525057));
#11822=CARTESIAN_POINT('',(0.1545,-0.0288347387049726,0.00959131009525057));
#11823=CARTESIAN_POINT('',(0.1505,-0.0288347387049726,0.00959131009525057));
#11824=CARTESIAN_POINT('',(0.1505,-0.0286271241493018,0.00964903706926634));
#11825=CARTESIAN_POINT('',(0.1545,-0.0286271241493018,0.00964903706926634));
#11826=CARTESIAN_POINT('',(0.1505,-0.0286615577829252,0.00961055241992249));
#11827=CARTESIAN_POINT('',(0.1545,-0.0286615577829252,0.00961055241992249));
#11828=CARTESIAN_POINT('',(0.1505,-0.0287307626348155,0.00959131009525057));
#11829=CARTESIAN_POINT('',(0.1545,-0.0287307626348155,0.00959131009525057));
#11830=CARTESIAN_POINT('',(0.1505,-0.0288347387049726,0.00959131009525057));
#11831=CARTESIAN_POINT('',(0.1545,-0.0288347387049726,0.00959131009525057));
#11832=CARTESIAN_POINT('',(0.1545,-0.0286271241493018,0.00964903706926634));
#11833=CARTESIAN_POINT('',(0.1545,-0.028678774599737,0.00959131009525057));
#11834=CARTESIAN_POINT('',(0.1545,-0.0288347387049726,0.00959131009525057));
#11835=CARTESIAN_POINT('',(0.1545,-0.0286271241493018,0.00964903706926634));
#11836=CARTESIAN_POINT('',(0.1505,-0.0286271241493018,0.00964903706926634));
#11837=CARTESIAN_POINT('',(0.1505,-0.0285754736988666,0.0098505751013565));
#11838=CARTESIAN_POINT('',(0.1545,-0.0285754736988666,0.0098505751013565));
#11839=CARTESIAN_POINT('',(0.1505,-0.0285754736988666,0.00975470106264025));
#11840=CARTESIAN_POINT('',(0.1545,-0.0285754736988666,0.00975470106264025));
#11841=CARTESIAN_POINT('',(0.1505,-0.0285926905156783,0.00968752171861019));
#11842=CARTESIAN_POINT('',(0.1545,-0.0285926905156783,0.00968752171861019));
#11843=CARTESIAN_POINT('',(0.1505,-0.0286271241493018,0.00964903706926634));
#11844=CARTESIAN_POINT('',(0.1545,-0.0286271241493018,0.00964903706926634));
#11845=CARTESIAN_POINT('',(0.1545,-0.0285754736988666,0.0098505751013565));
#11846=CARTESIAN_POINT('',(0.1545,-0.0285754736988666,0.00970676404328212));
#11847=CARTESIAN_POINT('',(0.1545,-0.0286271241493018,0.00964903706926634));
#11848=CARTESIAN_POINT('',(0.1545,-0.0285754736988666,0.0098505751013565));
#11849=CARTESIAN_POINT('',(0.1505,-0.0285754736988666,0.0098505751013565));
#11850=CARTESIAN_POINT('',(0.1505,-0.0285754736988666,0.0102718807362786));
#11851=CARTESIAN_POINT('',(0.1545,-0.0285754736988666,0.0102718807362786));
#11852=CARTESIAN_POINT('',(0.1545,-0.0285754736988666,0.0106931863712008));
#11853=CARTESIAN_POINT('',(0.1505,-0.0285754736988666,0.0106931863712008));
#11854=CARTESIAN_POINT('',(0.1505,-0.0288347387049726,0.0109646044244679));
#11855=CARTESIAN_POINT('',(0.1545,-0.0288347387049726,0.0109646044244679));
#11856=CARTESIAN_POINT('',(0.1505,-0.0286618953675686,0.0109646044244679));
#11857=CARTESIAN_POINT('',(0.1545,-0.0286618953675686,0.0109646044244679));
#11858=CARTESIAN_POINT('',(0.1505,-0.0285754736988666,0.0108741317400455));
#11859=CARTESIAN_POINT('',(0.1545,-0.0285754736988666,0.0108741317400455));
#11860=CARTESIAN_POINT('',(0.1505,-0.0285754736988666,0.0106931863712008));
#11861=CARTESIAN_POINT('',(0.1545,-0.0285754736988666,0.0106931863712008));
#11862=CARTESIAN_POINT('',(0.1545,-0.0288347387049726,0.0109646044244679));
#11863=CARTESIAN_POINT('',(0.1545,-0.0285754736988666,0.0109646044244679));
#11864=CARTESIAN_POINT('',(0.1545,-0.0285754736988666,0.0106931863712008));
#11865=CARTESIAN_POINT('',(0.1545,-0.0288347387049726,0.0109646044244679));
#11866=CARTESIAN_POINT('',(0.1505,-0.0288347387049726,0.0109646044244679));
#11867=CARTESIAN_POINT('',(0.1505,-0.0299173726562508,0.0109646044244679));
#11868=CARTESIAN_POINT('',(0.1545,-0.0299173726562508,0.0109646044244679));
#11869=CARTESIAN_POINT('',(0.1545,-0.0310000066075292,0.0109646044244679));
#11870=CARTESIAN_POINT('',(0.1505,-0.0310000066075292,0.0109646044244679));
#11871=CARTESIAN_POINT('',(0.1505,-0.0325029334397995,0.0105372222659652));
#11872=CARTESIAN_POINT('',(0.1545,-0.0325029334397995,0.0105372222659652));
#11873=CARTESIAN_POINT('',(0.1505,-0.0321829031978874,0.010822143704967));
#11874=CARTESIAN_POINT('',(0.1545,-0.0321829031978874,0.010822143704967));
#11875=CARTESIAN_POINT('',(0.1505,-0.0316819275871307,0.0109646044244679));
#11876=CARTESIAN_POINT('',(0.1545,-0.0316819275871307,0.0109646044244679));
#11877=CARTESIAN_POINT('',(0.1505,-0.0310000066075292,0.0109646044244679));
#11878=CARTESIAN_POINT('',(0.1545,-0.0310000066075292,0.0109646044244679));
#11879=CARTESIAN_POINT('',(0.1545,-0.0325029334397995,0.0105372222659652));
#11880=CARTESIAN_POINT('',(0.1545,-0.0320228880769314,0.0109646044244679));
#11881=CARTESIAN_POINT('',(0.1545,-0.0310000066075292,0.0109646044244679));
#11882=CARTESIAN_POINT('',(0.1545,-0.0325029334397995,0.0105372222659652));
#11883=CARTESIAN_POINT('',(0.1505,-0.0325029334397995,0.0105372222659652));
#11884=CARTESIAN_POINT('',(0.1505,-0.0329829788026675,0.00920241258609167));
#11885=CARTESIAN_POINT('',(0.1545,-0.0329829788026675,0.00920241258609167));
#11886=CARTESIAN_POINT('',(0.1505,-0.0329829788026675,0.0098073642670055));
#11887=CARTESIAN_POINT('',(0.1545,-0.0329829788026675,0.0098073642670055));
#11888=CARTESIAN_POINT('',(0.1505,-0.0328229636817115,0.0102523008269633));
#11889=CARTESIAN_POINT('',(0.1545,-0.0328229636817115,0.0102523008269633));
#11890=CARTESIAN_POINT('',(0.1505,-0.0325029334397995,0.0105372222659652));
#11891=CARTESIAN_POINT('',(0.1545,-0.0325029334397995,0.0105372222659652));
#11892=CARTESIAN_POINT('',(0.1545,-0.0329829788026675,0.00920241258609167));
#11893=CARTESIAN_POINT('',(0.1545,-0.0329829788026675,0.0101098401074624));
#11894=CARTESIAN_POINT('',(0.1545,-0.0325029334397995,0.0105372222659652));
#11895=CARTESIAN_POINT('',(0.1545,-0.0329829788026675,0.00920241258609167));
#11896=CARTESIAN_POINT('',(0.1505,-0.0329829788026675,0.00920241258609167));
#11897=CARTESIAN_POINT('',(0.1505,-0.0326720633461264,0.00820383721101179));
#11898=CARTESIAN_POINT('',(0.1545,-0.0326720633461264,0.00820383721101179));
#11899=CARTESIAN_POINT('',(0.1505,-0.0328793403171538,0.00846310221711772));
#11900=CARTESIAN_POINT('',(0.1545,-0.0328793403171538,0.00846310221711772));
#11901=CARTESIAN_POINT('',(0.1505,-0.0329829788026675,0.00879596067547768));
#11902=CARTESIAN_POINT('',(0.1545,-0.0329829788026675,0.00879596067547768));
#11903=CARTESIAN_POINT('',(0.1505,-0.0329829788026675,0.00920241258609167));
#11904=CARTESIAN_POINT('',(0.1545,-0.0329829788026675,0.00920241258609167));
#11905=CARTESIAN_POINT('',(0.1545,-0.0326720633461264,0.00820383721101179));
#11906=CARTESIAN_POINT('',(0.1545,-0.0329829788026675,0.00859273472017069));
#11907=CARTESIAN_POINT('',(0.1545,-0.0329829788026675,0.00920241258609167));
#11908=CARTESIAN_POINT('',(0.1545,-0.0326720633461264,0.00820383721101179));
#11909=CARTESIAN_POINT('',(0.1505,-0.0326720633461264,0.00820383721101179));
#11910=CARTESIAN_POINT('',(0.1505,-0.031698806819299,0.00747667988919905));
#11911=CARTESIAN_POINT('',(0.1545,-0.031698806819299,0.00747667988919905));
#11912=CARTESIAN_POINT('',(0.1505,-0.0321403675328232,0.00770218643096828));
#11913=CARTESIAN_POINT('',(0.1545,-0.0321403675328232,0.00770218643096828));
#11914=CARTESIAN_POINT('',(0.1505,-0.032464786375099,0.00794457220490586));
#11915=CARTESIAN_POINT('',(0.1545,-0.032464786375099,0.00794457220490586));
#11916=CARTESIAN_POINT('',(0.1505,-0.0326720633461264,0.00820383721101179));
#11917=CARTESIAN_POINT('',(0.1545,-0.0326720633461264,0.00820383721101179));
#11918=CARTESIAN_POINT('',(0.1545,-0.031698806819299,0.00747667988919905));
#11919=CARTESIAN_POINT('',(0.1545,-0.0323611478895853,0.00781493970185289));
#11920=CARTESIAN_POINT('',(0.1545,-0.0326720633461264,0.00820383721101179));
#11921=CARTESIAN_POINT('',(0.1545,-0.031698806819299,0.00747667988919905));
#11922=CARTESIAN_POINT('',(0.1505,-0.031698806819299,0.00747667988919905));
#11923=CARTESIAN_POINT('',(0.1505,-0.0310577335815449,0.0071201905058034));
#11924=CARTESIAN_POINT('',(0.1545,-0.0310577335815449,0.0071201905058034));
#11925=CARTESIAN_POINT('',(0.1545,-0.0304166603437908,0.00676370112240774));
#11926=CARTESIAN_POINT('',(0.1505,-0.0304166603437908,0.00676370112240774));
#11927=CARTESIAN_POINT('',(0.1505,-0.0298839517765575,0.00616820181150817));
#11928=CARTESIAN_POINT('',(0.1545,-0.0298839517765575,0.00616820181150817));
#11929=CARTESIAN_POINT('',(0.1505,-0.0298839517765575,0.0063761539518223));
#11930=CARTESIAN_POINT('',(0.1545,-0.0298839517765575,0.0063761539518223));
#11931=CARTESIAN_POINT('',(0.1505,-0.0300615212989686,0.00657465372212216));
#11932=CARTESIAN_POINT('',(0.1545,-0.0300615212989686,0.00657465372212216));
#11933=CARTESIAN_POINT('',(0.1505,-0.0304166603437908,0.00676370112240774));
#11934=CARTESIAN_POINT('',(0.1545,-0.0304166603437908,0.00676370112240774));
#11935=CARTESIAN_POINT('',(0.1545,-0.0298839517765575,0.00616820181150817));
#11936=CARTESIAN_POINT('',(0.1545,-0.0298839517765575,0.00648013002197937));
#11937=CARTESIAN_POINT('',(0.1545,-0.0304166603437908,0.00676370112240774));
#11938=CARTESIAN_POINT('',(0.1545,-0.0298839517765575,0.00616820181150817));
#11939=CARTESIAN_POINT('',(0.1505,-0.0298839517765575,0.00616820181150817));
#11940=CARTESIAN_POINT('',(0.1505,-0.0298839517765575,0.00613579368574493));
#11941=CARTESIAN_POINT('',(0.1545,-0.0298839517765575,0.00613579368574493));
#11942=CARTESIAN_POINT('',(0.1545,-0.0298839517765575,0.00610338555998169));
#11943=CARTESIAN_POINT('',(0.1505,-0.0298839517765575,0.00610338555998169));
#11944=CARTESIAN_POINT('',(0.1505,-0.0305199612446611,0.00571448805082279));
#11945=CARTESIAN_POINT('',(0.1545,-0.0305199612446611,0.00571448805082279));
#11946=CARTESIAN_POINT('',(0.1505,-0.030095954932592,0.00571448805082279));
#11947=CARTESIAN_POINT('',(0.1545,-0.030095954932592,0.00571448805082279));
#11948=CARTESIAN_POINT('',(0.1505,-0.0298839517765575,0.00584412055387576));
#11949=CARTESIAN_POINT('',(0.1545,-0.0298839517765575,0.00584412055387576));
#11950=CARTESIAN_POINT('',(0.1505,-0.0298839517765575,0.00610338555998169));
#11951=CARTESIAN_POINT('',(0.1545,-0.0298839517765575,0.00610338555998169));
#11952=CARTESIAN_POINT('',(0.1545,-0.0305199612446611,0.00571448805082279));
#11953=CARTESIAN_POINT('',(0.1545,-0.0298839517765575,0.00571448805082279));
#11954=CARTESIAN_POINT('',(0.1545,-0.0298839517765575,0.00610338555998169));
#11955=CARTESIAN_POINT('',(0.1545,-0.0305199612446611,0.00571448805082279));
#11956=CARTESIAN_POINT('',(0.1505,-0.0305199612446611,0.00571448805082279));
#11957=CARTESIAN_POINT('',(0.1505,-0.0316025951959394,0.00571448805082279));
#11958=CARTESIAN_POINT('',(0.1545,-0.0316025951959394,0.00571448805082279));
#11959=CARTESIAN_POINT('',(0.1545,-0.0326852291472177,0.00571448805082279));
#11960=CARTESIAN_POINT('',(0.1505,-0.0326852291472177,0.00571448805082279));
#11961=CARTESIAN_POINT('',(0.1505,-0.0328928437028885,0.00565574832287691));
#11962=CARTESIAN_POINT('',(0.1545,-0.0328928437028885,0.00565574832287691));
#11963=CARTESIAN_POINT('',(0.1505,-0.032858410069265,0.0056949081415075));
#11964=CARTESIAN_POINT('',(0.1545,-0.032858410069265,0.0056949081415075));
#11965=CARTESIAN_POINT('',(0.1505,-0.0327892052173748,0.00571448805082279));
#11966=CARTESIAN_POINT('',(0.1545,-0.0327892052173748,0.00571448805082279));
#11967=CARTESIAN_POINT('',(0.1505,-0.0326852291472177,0.00571448805082279));
#11968=CARTESIAN_POINT('',(0.1545,-0.0326852291472177,0.00571448805082279));
#11969=CARTESIAN_POINT('',(0.1545,-0.0328928437028885,0.00565574832287691));
#11970=CARTESIAN_POINT('',(0.1545,-0.0328411932524533,0.00571448805082279));
#11971=CARTESIAN_POINT('',(0.1545,-0.0326852291472177,0.00571448805082279));
#11972=CARTESIAN_POINT('',(0.1545,-0.0328928437028885,0.00565574832287691));
#11973=CARTESIAN_POINT('',(0.1505,-0.0328928437028885,0.00565574832287691));
#11974=CARTESIAN_POINT('',(0.1505,-0.0329444941533237,0.00545522304471686));
#11975=CARTESIAN_POINT('',(0.1545,-0.0329444941533237,0.00545522304471686));
#11976=CARTESIAN_POINT('',(0.1505,-0.0329444941533237,0.00554974674485965));
#11977=CARTESIAN_POINT('',(0.1545,-0.0329444941533237,0.00554974674485965));
#11978=CARTESIAN_POINT('',(0.1505,-0.0329272773365119,0.00561658850424633));
#11979=CARTESIAN_POINT('',(0.1545,-0.0329272773365119,0.00561658850424633));
#11980=CARTESIAN_POINT('',(0.1505,-0.0328928437028885,0.00565574832287691));
#11981=CARTESIAN_POINT('',(0.1545,-0.0328928437028885,0.00565574832287691));
#11982=CARTESIAN_POINT('',(0.1545,-0.0329444941533237,0.00545522304471686));
#11983=CARTESIAN_POINT('',(0.1545,-0.0329444941533237,0.00559700859493104));
#11984=CARTESIAN_POINT('',(0.1545,-0.0328928437028885,0.00565574832287691));
#11985=CARTESIAN_POINT('',(0.1545,-0.0329444941533237,0.00545522304471686));
#11986=CARTESIAN_POINT('',(0.1505,-0.0329444941533237,0.00545522304471686));
#11987=CARTESIAN_POINT('',(0.1505,-0.0329444941533237,0.00503999393337532));
#11988=CARTESIAN_POINT('',(0.1545,-0.0329444941533237,0.00503999393337532));
#11989=CARTESIAN_POINT('',(0.1545,-0.0329444941533237,0.00462476482203379));
#11990=CARTESIAN_POINT('',(0.1505,-0.0329444941533237,0.00462476482203379));
#11991=CARTESIAN_POINT('',(0.1505,-0.0326852291472177,0.00435334676876664));
#11992=CARTESIAN_POINT('',(0.1545,-0.0326852291472177,0.00435334676876664));
#11993=CARTESIAN_POINT('',(0.1505,-0.0328580724846217,0.00435334676876664));
#11994=CARTESIAN_POINT('',(0.1545,-0.0328580724846217,0.00435334676876664));
#11995=CARTESIAN_POINT('',(0.1505,-0.0329444941533237,0.00444381945318902));
#11996=CARTESIAN_POINT('',(0.1545,-0.0329444941533237,0.00444381945318902));
#11997=CARTESIAN_POINT('',(0.1505,-0.0329444941533237,0.00462476482203379));
#11998=CARTESIAN_POINT('',(0.1545,-0.0329444941533237,0.00462476482203379));
#11999=CARTESIAN_POINT('',(0.1545,-0.0326852291472177,0.00435334676876664));
#12000=CARTESIAN_POINT('',(0.1545,-0.0329444941533237,0.00435334676876664));
#12001=CARTESIAN_POINT('',(0.1545,-0.0329444941533237,0.00462476482203379));
#12002=CARTESIAN_POINT('',(0.1545,-0.0326852291472177,0.00435334676876664));
#12003=CARTESIAN_POINT('',(0.1505,-0.0326852291472177,0.00435334676876664));
#12004=CARTESIAN_POINT('',(0.1505,-0.0314537203682145,0.00435334676876664));
#12005=CARTESIAN_POINT('',(0.1545,-0.0314537203682145,0.00435334676876664));
#12006=CARTESIAN_POINT('',(0.1545,-0.0302222115892113,0.00435334676876664));
#12007=CARTESIAN_POINT('',(0.1505,-0.0302222115892113,0.00435334676876664));
#12008=CARTESIAN_POINT('',(0.1505,-0.0281865761897077,0.00609123251282047));
#12009=CARTESIAN_POINT('',(0.1545,-0.0281865761897077,0.00609123251282047));
#12010=CARTESIAN_POINT('',(0.1505,-0.0281865761897077,0.00493264201678458));
#12011=CARTESIAN_POINT('',(0.1545,-0.0281865761897077,0.00493264201678458));
#12012=CARTESIAN_POINT('',(0.1505,-0.0288651213228756,0.00435334676876664));
#12013=CARTESIAN_POINT('',(0.1545,-0.0288651213228756,0.00435334676876664));
#12014=CARTESIAN_POINT('',(0.1505,-0.0302222115892113,0.00435334676876664));
#12015=CARTESIAN_POINT('',(0.1545,-0.0302222115892113,0.00435334676876664));
#12016=CARTESIAN_POINT('',(0.1545,-0.0281865761897077,0.00609123251282047));
#12017=CARTESIAN_POINT('',(0.1545,-0.0281865761897077,0.00435334676876664));
#12018=CARTESIAN_POINT('',(0.1545,-0.0302222115892113,0.00435334676876664));
#12019=CARTESIAN_POINT('',(0.1505,-0.0267606186561251,0.00792532988023393));
#12020=CARTESIAN_POINT('',(0.1545,-0.0267606186561251,0.00792532988023393));
#12021=CARTESIAN_POINT('',(0.1545,-0.0267606186561251,0.00645379841979674));
#12022=CARTESIAN_POINT('',(0.1545,-0.0267606186561251,0.00939686134067112));
#12023=CARTESIAN_POINT('',(0.1505,-0.0267606186561251,0.00645379841979674));
#12024=CARTESIAN_POINT('',(0.1505,-0.0267606186561251,0.00939686134067112));
#12025=CARTESIAN_POINT('',(0.1505,-0.0261965147170586,0.00489820838316114));
#12026=CARTESIAN_POINT('',(0.1545,-0.0261965147170586,0.00489820838316114));
#12027=CARTESIAN_POINT('',(0.1505,-0.0265725840097696,0.00526144945942414));
#12028=CARTESIAN_POINT('',(0.1545,-0.0265725840097696,0.00526144945942414));
#12029=CARTESIAN_POINT('',(0.1505,-0.0267606186561251,0.00577997947163601));
#12030=CARTESIAN_POINT('',(0.1545,-0.0267606186561251,0.00577997947163601));
#12031=CARTESIAN_POINT('',(0.1505,-0.0267606186561251,0.00645379841979674));
#12032=CARTESIAN_POINT('',(0.1545,-0.0267606186561251,0.00645379841979674));
#12033=CARTESIAN_POINT('',(0.1545,-0.0261965147170586,0.00489820838316114));
#12034=CARTESIAN_POINT('',(0.1545,-0.0267606186561251,0.00544306999755564));
#12035=CARTESIAN_POINT('',(0.1545,-0.0267606186561251,0.00645379841979674));
#12036=CARTESIAN_POINT('',(0.1545,-0.0261965147170586,0.00489820838316114));
#12037=CARTESIAN_POINT('',(0.1505,-0.0261965147170586,0.00489820838316114));
#12038=CARTESIAN_POINT('',(0.1505,-0.0246095293085899,0.00435334676876664));
#12039=CARTESIAN_POINT('',(0.1545,-0.0246095293085899,0.00435334676876664));
#12040=CARTESIAN_POINT('',(0.1505,-0.0252914502881915,0.00435334676876664));
#12041=CARTESIAN_POINT('',(0.1545,-0.0252914502881915,0.00435334676876664));
#12042=CARTESIAN_POINT('',(0.1505,-0.0258204454243477,0.00453496730689814));
#12043=CARTESIAN_POINT('',(0.1545,-0.0258204454243477,0.00453496730689814));
#12044=CARTESIAN_POINT('',(0.1505,-0.0261965147170586,0.00489820838316114));
#12045=CARTESIAN_POINT('',(0.1545,-0.0261965147170586,0.00489820838316114));
#12046=CARTESIAN_POINT('',(0.1545,-0.0246095293085899,0.00435334676876664));
#12047=CARTESIAN_POINT('',(0.1545,-0.0256324107779923,0.00435334676876664));
#12048=CARTESIAN_POINT('',(0.1545,-0.0261965147170586,0.00489820838316114));
#12049=CARTESIAN_POINT('',(0.1545,-0.0246095293085899,0.00435334676876664));
#12050=CARTESIAN_POINT('',(0.1505,-0.0246095293085899,0.00435334676876664));
#12051=CARTESIAN_POINT('',(0.1505,-0.0242135425219203,0.00435334676876664));
#12052=CARTESIAN_POINT('',(0.1545,-0.0242135425219203,0.00435334676876664));
#12053=CARTESIAN_POINT('',(0.1545,-0.0238175557352507,0.00435334676876664));
#12054=CARTESIAN_POINT('',(0.1505,-0.0238175557352507,0.00435334676876664));
#12055=CARTESIAN_POINT('',(0.1505,-0.0236048774099295,0.00441208649671252));
#12056=CARTESIAN_POINT('',(0.1545,-0.0236048774099295,0.00441208649671252));
#12057=CARTESIAN_POINT('',(0.1505,-0.02364403722856,0.00437292667808193));
#12058=CARTESIAN_POINT('',(0.1545,-0.02364403722856,0.00437292667808193));
#12059=CARTESIAN_POINT('',(0.1505,-0.0237149300036671,0.00435334676876664));
#12060=CARTESIAN_POINT('',(0.1545,-0.0237149300036671,0.00435334676876664));
#12061=CARTESIAN_POINT('',(0.1505,-0.0238175557352507,0.00435334676876664));
#12062=CARTESIAN_POINT('',(0.1545,-0.0238175557352507,0.00435334676876664));
#12063=CARTESIAN_POINT('',(0.1545,-0.0236048774099295,0.00441208649671252));
#12064=CARTESIAN_POINT('',(0.1545,-0.0236636171378753,0.00435334676876664));
#12065=CARTESIAN_POINT('',(0.1545,-0.0238175557352507,0.00435334676876664));
#12066=CARTESIAN_POINT('',(0.1545,-0.0236048774099295,0.00441208649671252));
#12067=CARTESIAN_POINT('',(0.1505,-0.0236048774099295,0.00441208649671252));
#12068=CARTESIAN_POINT('',(0.1505,-0.0235461376819835,0.00461261177487258));
#12069=CARTESIAN_POINT('',(0.1545,-0.0235461376819835,0.00461261177487258));
#12070=CARTESIAN_POINT('',(0.1505,-0.0235461376819835,0.00451808807472979));
#12071=CARTESIAN_POINT('',(0.1545,-0.0235461376819835,0.00451808807472979));
#12072=CARTESIAN_POINT('',(0.1505,-0.0235657175912988,0.0044512463153431));
#12073=CARTESIAN_POINT('',(0.1545,-0.0235657175912988,0.0044512463153431));
#12074=CARTESIAN_POINT('',(0.1505,-0.0236048774099295,0.00441208649671252));
#12075=CARTESIAN_POINT('',(0.1545,-0.0236048774099295,0.00441208649671252));
#12076=CARTESIAN_POINT('',(0.1545,-0.0235461376819835,0.00461261177487258));
#12077=CARTESIAN_POINT('',(0.1545,-0.0235461376819835,0.00447082622465839));
#12078=CARTESIAN_POINT('',(0.1545,-0.0236048774099295,0.00441208649671252));
#12079=CARTESIAN_POINT('',(0.1545,-0.0235461376819835,0.00461261177487258));
#12080=CARTESIAN_POINT('',(0.1505,-0.0235461376819835,0.00461261177487258));
#12081=CARTESIAN_POINT('',(0.1505,-0.0235461376819835,0.00506024901197735));
#12082=CARTESIAN_POINT('',(0.1545,-0.0235461376819835,0.00506024901197735));
#12083=CARTESIAN_POINT('',(0.1545,-0.0235461376819835,0.00550788624908212));
#12084=CARTESIAN_POINT('',(0.1505,-0.0235461376819835,0.00550788624908212));
#12085=CARTESIAN_POINT('',(0.1505,-0.0238175557352507,0.00577930430234927));
#12086=CARTESIAN_POINT('',(0.1545,-0.0238175557352507,0.00577930430234927));
#12087=CARTESIAN_POINT('',(0.1505,-0.0236366103664059,0.00577930430234927));
#12088=CARTESIAN_POINT('',(0.1545,-0.0236366103664059,0.00577930430234927));
#12089=CARTESIAN_POINT('',(0.1505,-0.0235461376819835,0.00568883161792689));
#12090=CARTESIAN_POINT('',(0.1545,-0.0235461376819835,0.00568883161792689));
#12091=CARTESIAN_POINT('',(0.1505,-0.0235461376819835,0.00550788624908212));
#12092=CARTESIAN_POINT('',(0.1545,-0.0235461376819835,0.00550788624908212));
#12093=CARTESIAN_POINT('',(0.1545,-0.0238175557352507,0.00577930430234927));
#12094=CARTESIAN_POINT('',(0.1545,-0.0235461376819835,0.00577930430234927));
#12095=CARTESIAN_POINT('',(0.1545,-0.0235461376819835,0.00550788624908212));
#12096=CARTESIAN_POINT('',(0.1545,-0.0238175557352507,0.00577930430234927));
#12097=CARTESIAN_POINT('',(0.1505,-0.0238175557352507,0.00577930430234927));
#12098=CARTESIAN_POINT('',(0.1505,-0.0240768207413567,0.00577930430234927));
#12099=CARTESIAN_POINT('',(0.1545,-0.0240768207413567,0.00577930430234927));
#12100=CARTESIAN_POINT('',(0.1545,-0.0243360857474626,0.00577930430234927));
#12101=CARTESIAN_POINT('',(0.1505,-0.0243360857474626,0.00577930430234927));
#12102=CARTESIAN_POINT('',(0.1505,-0.0249325978122923,0.0059545107322568));
#12103=CARTESIAN_POINT('',(0.1545,-0.0249325978122923,0.0059545107322568));
#12104=CARTESIAN_POINT('',(0.1505,-0.0248117425099668,0.00583770644565178));
#12105=CARTESIAN_POINT('',(0.1545,-0.0248117425099668,0.00583770644565178));
#12106=CARTESIAN_POINT('',(0.1505,-0.0246129051550236,0.00577930430234927));
#12107=CARTESIAN_POINT('',(0.1545,-0.0246129051550236,0.00577930430234927));
#12108=CARTESIAN_POINT('',(0.1505,-0.0243360857474626,0.00577930430234927));
#12109=CARTESIAN_POINT('',(0.1545,-0.0243360857474626,0.00577930430234927));
#12110=CARTESIAN_POINT('',(0.1545,-0.0249325978122923,0.0059545107322568));
#12111=CARTESIAN_POINT('',(0.1545,-0.0247513148588041,0.00577930430234927));
#12112=CARTESIAN_POINT('',(0.1545,-0.0243360857474626,0.00577930430234927));
#12113=CARTESIAN_POINT('',(0.1545,-0.0249325978122923,0.0059545107322568));
#12114=CARTESIAN_POINT('',(0.1505,-0.0249325978122923,0.0059545107322568));
#12115=CARTESIAN_POINT('',(0.1505,-0.0251138807657804,0.00653076771848444));
#12116=CARTESIAN_POINT('',(0.1545,-0.0251138807657804,0.00653076771848444));
#12117=CARTESIAN_POINT('',(0.1505,-0.0251138807657804,0.00626340068093769));
#12118=CARTESIAN_POINT('',(0.1545,-0.0251138807657804,0.00626340068093769));
#12119=CARTESIAN_POINT('',(0.1505,-0.0250534531146177,0.00607131501886181));
#12120=CARTESIAN_POINT('',(0.1545,-0.0250534531146177,0.00607131501886181));
#12121=CARTESIAN_POINT('',(0.1505,-0.0249325978122923,0.0059545107322568));
#12122=CARTESIAN_POINT('',(0.1545,-0.0249325978122923,0.0059545107322568));
#12123=CARTESIAN_POINT('',(0.1545,-0.0251138807657804,0.00653076771848444));
#12124=CARTESIAN_POINT('',(0.1545,-0.0251138807657804,0.00612971716216432));
#12125=CARTESIAN_POINT('',(0.1545,-0.0249325978122923,0.0059545107322568));
#12126=CARTESIAN_POINT('',(0.1545,-0.0251138807657804,0.00653076771848444));
#12127=CARTESIAN_POINT('',(0.1505,-0.0251138807657804,0.00653076771848444));
#12128=CARTESIAN_POINT('',(0.1505,-0.0251138807657804,0.00796381452957778));
#12129=CARTESIAN_POINT('',(0.1545,-0.0251138807657804,0.00796381452957778));
#12130=CARTESIAN_POINT('',(0.1545,-0.0251138807657804,0.00939686134067112));
#12131=CARTESIAN_POINT('',(0.1505,-0.0251138807657804,0.00939686134067112));
#12132=CARTESIAN_POINT('',(0.1505,-0.024959942168405,0.0095386468908853));
#12133=CARTESIAN_POINT('',(0.1545,-0.024959942168405,0.0095386468908853));
#12134=CARTESIAN_POINT('',(0.1505,-0.0250625678999886,0.0095386468908853));
#12135=CARTESIAN_POINT('',(0.1545,-0.0250625678999886,0.0095386468908853));
#12136=CARTESIAN_POINT('',(0.1505,-0.0251138807657804,0.00949138504081391));
#12137=CARTESIAN_POINT('',(0.1545,-0.0251138807657804,0.00949138504081391));
#12138=CARTESIAN_POINT('',(0.1505,-0.0251138807657804,0.00939686134067112));
#12139=CARTESIAN_POINT('',(0.1545,-0.0251138807657804,0.00939686134067112));
#12140=CARTESIAN_POINT('',(0.1545,-0.024959942168405,0.0095386468908853));
#12141=CARTESIAN_POINT('',(0.1545,-0.0251138807657804,0.0095386468908853));
#12142=CARTESIAN_POINT('',(0.1545,-0.0251138807657804,0.00939686134067112));
#12143=CARTESIAN_POINT('',(0.1545,-0.024959942168405,0.0095386468908853));
#12144=CARTESIAN_POINT('',(0.1505,-0.024959942168405,0.0095386468908853));
#12145=CARTESIAN_POINT('',(0.1505,-0.0244535652033544,0.0095386468908853));
#12146=CARTESIAN_POINT('',(0.1545,-0.0244535652033544,0.0095386468908853));
#12147=CARTESIAN_POINT('',(0.1545,-0.0239471882383037,0.0095386468908853));
#12148=CARTESIAN_POINT('',(0.1505,-0.0239471882383037,0.0095386468908853));
#12149=CARTESIAN_POINT('',(0.1505,-0.0237345099129824,0.00959738661883118));
#12150=CARTESIAN_POINT('',(0.1545,-0.0237345099129824,0.00959738661883118));
#12151=CARTESIAN_POINT('',(0.1505,-0.023773669731613,0.00955822680020059));
#12152=CARTESIAN_POINT('',(0.1545,-0.023773669731613,0.00955822680020059));
#12153=CARTESIAN_POINT('',(0.1505,-0.0238445625067201,0.0095386468908853));
#12154=CARTESIAN_POINT('',(0.1545,-0.0238445625067201,0.0095386468908853));
#12155=CARTESIAN_POINT('',(0.1505,-0.0239471882383037,0.0095386468908853));
#12156=CARTESIAN_POINT('',(0.1545,-0.0239471882383037,0.0095386468908853));
#12157=CARTESIAN_POINT('',(0.1545,-0.0237345099129824,0.00959738661883118));
#12158=CARTESIAN_POINT('',(0.1545,-0.0237932496409283,0.0095386468908853));
#12159=CARTESIAN_POINT('',(0.1545,-0.0239471882383037,0.0095386468908853));
#12160=CARTESIAN_POINT('',(0.1545,-0.0237345099129824,0.00959738661883118));
#12161=CARTESIAN_POINT('',(0.1505,-0.0237345099129824,0.00959738661883118));
#12162=CARTESIAN_POINT('',(0.1505,-0.0236757701850366,0.00979791189699123));
#12163=CARTESIAN_POINT('',(0.1545,-0.0236757701850366,0.00979791189699123));
#12164=CARTESIAN_POINT('',(0.1505,-0.0236757701850366,0.00970338819684844));
#12165=CARTESIAN_POINT('',(0.1545,-0.0236757701850366,0.00970338819684844));
#12166=CARTESIAN_POINT('',(0.1505,-0.0236953500943518,0.00963654643746176));
#12167=CARTESIAN_POINT('',(0.1545,-0.0236953500943518,0.00963654643746176));
#12168=CARTESIAN_POINT('',(0.1505,-0.0237345099129824,0.00959738661883118));
#12169=CARTESIAN_POINT('',(0.1545,-0.0237345099129824,0.00959738661883118));
#12170=CARTESIAN_POINT('',(0.1545,-0.0236757701850366,0.00979791189699123));
#12171=CARTESIAN_POINT('',(0.1545,-0.0236757701850366,0.00965612634677705));
#12172=CARTESIAN_POINT('',(0.1545,-0.0237345099129824,0.00959738661883118));
#12173=CARTESIAN_POINT('',(0.1545,-0.0236757701850366,0.00979791189699123));
#12174=CARTESIAN_POINT('',(0.1505,-0.0236757701850366,0.00979791189699123));
#12175=CARTESIAN_POINT('',(0.1505,-0.0236757701850366,0.010245549134096));
#12176=CARTESIAN_POINT('',(0.1545,-0.0236757701850366,0.010245549134096));
#12177=CARTESIAN_POINT('',(0.1545,-0.0236757701850366,0.0106931863712008));
#12178=CARTESIAN_POINT('',(0.1505,-0.0236757701850366,0.0106931863712008));
#12179=CARTESIAN_POINT('',(0.1505,-0.0239471882383037,0.0109646044244679));
#12180=CARTESIAN_POINT('',(0.1545,-0.0239471882383037,0.0109646044244679));
#12181=CARTESIAN_POINT('',(0.1505,-0.0237662428694589,0.0109646044244679));
#12182=CARTESIAN_POINT('',(0.1545,-0.0237662428694589,0.0109646044244679));
#12183=CARTESIAN_POINT('',(0.1505,-0.0236757701850366,0.0108741317400455));
#12184=CARTESIAN_POINT('',(0.1545,-0.0236757701850366,0.0108741317400455));
#12185=CARTESIAN_POINT('',(0.1505,-0.0236757701850366,0.0106931863712008));
#12186=CARTESIAN_POINT('',(0.1545,-0.0236757701850366,0.0106931863712008));
#12187=CARTESIAN_POINT('',(0.1545,-0.0239471882383037,0.0109646044244679));
#12188=CARTESIAN_POINT('',(0.1545,-0.0236757701850366,0.0109646044244679));
#12189=CARTESIAN_POINT('',(0.1545,-0.0236757701850366,0.0106931863712008));
#12190=CARTESIAN_POINT('',(0.1545,-0.0239471882383037,0.0109646044244679));
#12191=CARTESIAN_POINT('',(0.1505,-0.0239471882383037,0.0109646044244679));
#12192=CARTESIAN_POINT('',(0.1505,-0.0244535652033544,0.0109646044244679));
#12193=CARTESIAN_POINT('',(0.1545,-0.0244535652033544,0.0109646044244679));
#12194=CARTESIAN_POINT('',(0.1545,-0.024959942168405,0.0109646044244679));
#12195=CARTESIAN_POINT('',(0.1505,-0.024959942168405,0.0109646044244679));
#12196=CARTESIAN_POINT('',(0.1505,-0.0251138807657804,0.0111063899746821));
#12197=CARTESIAN_POINT('',(0.1545,-0.0251138807657804,0.0111063899746821));
#12198=CARTESIAN_POINT('',(0.1505,-0.0251138807657804,0.0110118662745393));
#12199=CARTESIAN_POINT('',(0.1545,-0.0251138807657804,0.0110118662745393));
#12200=CARTESIAN_POINT('',(0.1505,-0.0250625678999886,0.0109646044244679));
#12201=CARTESIAN_POINT('',(0.1545,-0.0250625678999886,0.0109646044244679));
#12202=CARTESIAN_POINT('',(0.1505,-0.024959942168405,0.0109646044244679));
#12203=CARTESIAN_POINT('',(0.1545,-0.024959942168405,0.0109646044244679));
#12204=CARTESIAN_POINT('',(0.1545,-0.0251138807657804,0.0111063899746821));
#12205=CARTESIAN_POINT('',(0.1545,-0.0251138807657804,0.0109646044244679));
#12206=CARTESIAN_POINT('',(0.1545,-0.024959942168405,0.0109646044244679));
#12207=CARTESIAN_POINT('',(0.1545,-0.0251138807657804,0.0111063899746821));
#12208=CARTESIAN_POINT('',(0.1505,-0.0251138807657804,0.0111063899746821));
#12209=CARTESIAN_POINT('',(0.1505,-0.0251138807657804,0.0117221443641837));
#12210=CARTESIAN_POINT('',(0.1545,-0.0251138807657804,0.0117221443641837));
#12211=CARTESIAN_POINT('',(0.1545,-0.0251138807657804,0.0123378987536853));
#12212=CARTESIAN_POINT('',(0.1505,-0.0251138807657804,0.0123378987536853));
#12213=CARTESIAN_POINT('',(0.1505,-0.0253873243269078,0.0126113423148126));
#12214=CARTESIAN_POINT('',(0.1545,-0.0253873243269078,0.0126113423148126));
#12215=CARTESIAN_POINT('',(0.1505,-0.0252050286194895,0.0126113423148126));
#12216=CARTESIAN_POINT('',(0.1545,-0.0252050286194895,0.0126113423148126));
#12217=CARTESIAN_POINT('',(0.1505,-0.0251138807657804,0.0125201944611035));
#12218=CARTESIAN_POINT('',(0.1545,-0.0251138807657804,0.0125201944611035));
#12219=CARTESIAN_POINT('',(0.1505,-0.0251138807657804,0.0123378987536853));
#12220=CARTESIAN_POINT('',(0.1545,-0.0251138807657804,0.0123378987536853));
#12221=CARTESIAN_POINT('',(0.1545,-0.0253873243269078,0.0126113423148126));
#12222=CARTESIAN_POINT('',(0.1545,-0.0251138807657804,0.0126113423148126));
#12223=CARTESIAN_POINT('',(0.1545,-0.0251138807657804,0.0123378987536853));
#12224=CARTESIAN_POINT('',(0.1545,-0.0253873243269078,0.0126113423148126));
#12225=CARTESIAN_POINT('',(0.1505,-0.0253873243269078,0.0126113423148126));
#12226=CARTESIAN_POINT('',(0.1505,-0.0259311731873722,0.0126113423148126));
#12227=CARTESIAN_POINT('',(0.1545,-0.0259311731873722,0.0126113423148126));
#12228=CARTESIAN_POINT('',(0.1545,-0.0264750220478365,0.0126113423148126));
#12229=CARTESIAN_POINT('',(0.1505,-0.0264750220478365,0.0126113423148126));
#12230=CARTESIAN_POINT('',(0.1505,-0.0267606186561251,0.0123378987536853));
#12231=CARTESIAN_POINT('',(0.1545,-0.0267606186561251,0.0123378987536853));
#12232=CARTESIAN_POINT('',(0.1505,-0.0267606186561251,0.0125201944611035));
#12233=CARTESIAN_POINT('',(0.1545,-0.0267606186561251,0.0125201944611035));
#12234=CARTESIAN_POINT('',(0.1505,-0.0266654197866956,0.0126113423148126));
#12235=CARTESIAN_POINT('',(0.1545,-0.0266654197866956,0.0126113423148126));
#12236=CARTESIAN_POINT('',(0.1505,-0.0264750220478365,0.0126113423148126));
#12237=CARTESIAN_POINT('',(0.1545,-0.0264750220478365,0.0126113423148126));
#12238=CARTESIAN_POINT('',(0.1545,-0.0267606186561251,0.0123378987536853));
#12239=CARTESIAN_POINT('',(0.1545,-0.0267606186561251,0.0126113423148126));
#12240=CARTESIAN_POINT('',(0.1545,-0.0264750220478365,0.0126113423148126));
#12241=CARTESIAN_POINT('',(0.1545,-0.0267606186561251,0.0123378987536853));
#12242=CARTESIAN_POINT('',(0.1505,-0.0267606186561251,0.0123378987536853));
#12243=CARTESIAN_POINT('',(0.1505,-0.0267606186561251,0.0117221443641837));
#12244=CARTESIAN_POINT('',(0.1545,-0.0267606186561251,0.0117221443641837));
#12245=CARTESIAN_POINT('',(0.1545,-0.0267606186561251,0.0111063899746821));
#12246=CARTESIAN_POINT('',(0.1505,-0.0267606186561251,0.0111063899746821));
#12247=CARTESIAN_POINT('',(0.1505,-0.0269044297141995,0.0109646044244679));
#12248=CARTESIAN_POINT('',(0.1545,-0.0269044297141995,0.0109646044244679));
#12249=CARTESIAN_POINT('',(0.1505,-0.0268085556754832,0.0109646044244679));
#12250=CARTESIAN_POINT('',(0.1545,-0.0268085556754832,0.0109646044244679));
#12251=CARTESIAN_POINT('',(0.1505,-0.0267606186561251,0.0110118662745393));
#12252=CARTESIAN_POINT('',(0.1545,-0.0267606186561251,0.0110118662745393));
#12253=CARTESIAN_POINT('',(0.1505,-0.0267606186561251,0.0111063899746821));
#12254=CARTESIAN_POINT('',(0.1545,-0.0267606186561251,0.0111063899746821));
#12255=CARTESIAN_POINT('',(0.1545,-0.0269044297141995,0.0109646044244679));
#12256=CARTESIAN_POINT('',(0.1545,-0.0267606186561251,0.0109646044244679));
#12257=CARTESIAN_POINT('',(0.1545,-0.0267606186561251,0.0111063899746821));
#12258=CARTESIAN_POINT('',(0.1545,-0.0269044297141995,0.0109646044244679));
#12259=CARTESIAN_POINT('',(0.1505,-0.0269044297141995,0.0109646044244679));
#12260=CARTESIAN_POINT('',(0.1505,-0.0271636947203054,0.0109646044244679));
#12261=CARTESIAN_POINT('',(0.1545,-0.0271636947203054,0.0109646044244679));
#12262=CARTESIAN_POINT('',(0.1545,-0.0274229597264113,0.0109646044244679));
#12263=CARTESIAN_POINT('',(0.1505,-0.0274229597264113,0.0109646044244679));
#12264=CARTESIAN_POINT('',(0.1505,-0.0276943777796785,0.0106931863712008));
#12265=CARTESIAN_POINT('',(0.1545,-0.0276943777796785,0.0106931863712008));
#12266=CARTESIAN_POINT('',(0.1505,-0.0276943777796785,0.0108741317400455));
#12267=CARTESIAN_POINT('',(0.1545,-0.0276943777796785,0.0108741317400455));
#12268=CARTESIAN_POINT('',(0.1505,-0.0276039050952561,0.0109646044244679));
#12269=CARTESIAN_POINT('',(0.1545,-0.0276039050952561,0.0109646044244679));
#12270=CARTESIAN_POINT('',(0.1505,-0.0274229597264113,0.0109646044244679));
#12271=CARTESIAN_POINT('',(0.1545,-0.0274229597264113,0.0109646044244679));
#12272=CARTESIAN_POINT('',(0.1545,-0.0276943777796785,0.0106931863712008));
#12273=CARTESIAN_POINT('',(0.1545,-0.0276943777796785,0.0109646044244679));
#12274=CARTESIAN_POINT('',(0.1545,-0.0274229597264113,0.0109646044244679));
#12275=CARTESIAN_POINT('',(0.1545,-0.0276943777796785,0.0106931863712008));
#12276=CARTESIAN_POINT('',(0.1505,-0.0276943777796785,0.0106931863712008));
#12277=CARTESIAN_POINT('',(0.1505,-0.0276943777796785,0.010245549134096));
#12278=CARTESIAN_POINT('',(0.1545,-0.0276943777796785,0.010245549134096));
#12279=CARTESIAN_POINT('',(0.1545,-0.0276943777796785,0.00979791189699123));
#12280=CARTESIAN_POINT('',(0.1505,-0.0276943777796785,0.00979791189699123));
#12281=CARTESIAN_POINT('',(0.1505,-0.0276356380517326,0.00959029734132047));
#12282=CARTESIAN_POINT('',(0.1545,-0.0276356380517326,0.00959029734132047));
#12283=CARTESIAN_POINT('',(0.1505,-0.0276747978703632,0.00962473097494391));
#12284=CARTESIAN_POINT('',(0.1545,-0.0276747978703632,0.00962473097494391));
#12285=CARTESIAN_POINT('',(0.1505,-0.0276943777796785,0.00969393582683416));
#12286=CARTESIAN_POINT('',(0.1545,-0.0276943777796785,0.00969393582683416));
#12287=CARTESIAN_POINT('',(0.1505,-0.0276943777796785,0.00979791189699123));
#12288=CARTESIAN_POINT('',(0.1545,-0.0276943777796785,0.00979791189699123));
#12289=CARTESIAN_POINT('',(0.1545,-0.0276356380517326,0.00959029734132047));
#12290=CARTESIAN_POINT('',(0.1545,-0.0276943777796785,0.00964194779175563));
#12291=CARTESIAN_POINT('',(0.1545,-0.0276943777796785,0.00979791189699123));
#12292=CARTESIAN_POINT('',(0.1545,-0.0276356380517326,0.00959029734132047));
#12293=CARTESIAN_POINT('',(0.1505,-0.0276356380517326,0.00959029734132047));
#12294=CARTESIAN_POINT('',(0.1505,-0.0274229597264113,0.0095386468908853));
#12295=CARTESIAN_POINT('',(0.1545,-0.0274229597264113,0.0095386468908853));
#12296=CARTESIAN_POINT('',(0.1505,-0.0275255854579949,0.0095386468908853));
#12297=CARTESIAN_POINT('',(0.1545,-0.0275255854579949,0.0095386468908853));
#12298=CARTESIAN_POINT('',(0.1505,-0.027596478233102,0.00955586370769702));
#12299=CARTESIAN_POINT('',(0.1545,-0.027596478233102,0.00955586370769702));
#12300=CARTESIAN_POINT('',(0.1505,-0.0276356380517326,0.00959029734132047));
#12301=CARTESIAN_POINT('',(0.1545,-0.0276356380517326,0.00959029734132047));
#12302=CARTESIAN_POINT('',(0.1545,-0.0274229597264113,0.0095386468908853));
#12303=CARTESIAN_POINT('',(0.1545,-0.0275768983237867,0.0095386468908853));
#12304=CARTESIAN_POINT('',(0.1545,-0.0276356380517326,0.00959029734132047));
#12305=CARTESIAN_POINT('',(0.1545,-0.0274229597264113,0.0095386468908853));
#12306=CARTESIAN_POINT('',(0.1505,-0.0274229597264113,0.0095386468908853));
#12307=CARTESIAN_POINT('',(0.1505,-0.0271636947203054,0.0095386468908853));
#12308=CARTESIAN_POINT('',(0.1545,-0.0271636947203054,0.0095386468908853));
#12309=CARTESIAN_POINT('',(0.1545,-0.0269044297141995,0.0095386468908853));
#12310=CARTESIAN_POINT('',(0.1505,-0.0269044297141995,0.0095386468908853));
#12311=CARTESIAN_POINT('',(0.1505,-0.0267606186561251,0.00939686134067112));
#12312=CARTESIAN_POINT('',(0.1545,-0.0267606186561251,0.00939686134067112));
#12313=CARTESIAN_POINT('',(0.1505,-0.0267606186561251,0.00949138504081391));
#12314=CARTESIAN_POINT('',(0.1545,-0.0267606186561251,0.00949138504081391));
#12315=CARTESIAN_POINT('',(0.1505,-0.0268085556754832,0.0095386468908853));
#12316=CARTESIAN_POINT('',(0.1545,-0.0268085556754832,0.0095386468908853));
#12317=CARTESIAN_POINT('',(0.1505,-0.0269044297141995,0.0095386468908853));
#12318=CARTESIAN_POINT('',(0.1545,-0.0269044297141995,0.0095386468908853));
#12319=CARTESIAN_POINT('',(0.1545,-0.0267606186561251,0.00939686134067112));
#12320=CARTESIAN_POINT('',(0.1545,-0.0267606186561251,0.0095386468908853));
#12321=CARTESIAN_POINT('',(0.1545,-0.0269044297141995,0.0095386468908853));
#12322=CARTESIAN_POINT('',(0.1505,0.0130082026710928,0.00890972670029239));
#12323=CARTESIAN_POINT('',(0.1545,0.0130082026710928,0.00890972670029239));
#12324=CARTESIAN_POINT('',(0.1545,0.0130082026710928,0.013194688578551));
#12325=CARTESIAN_POINT('',(0.1545,0.0130082026710928,0.00462476482203379));
#12326=CARTESIAN_POINT('',(0.1505,0.0130082026710928,0.013194688578551));
#12327=CARTESIAN_POINT('',(0.1505,0.0130082026710928,0.00462476482203379));
#12328=CARTESIAN_POINT('',(0.1505,0.0127347591099654,0.0134661066318181));
#12329=CARTESIAN_POINT('',(0.1545,0.0127347591099654,0.0134661066318181));
#12330=CARTESIAN_POINT('',(0.1505,0.0129170548173837,0.0134661066318181));
#12331=CARTESIAN_POINT('',(0.1545,0.0129170548173837,0.0134661066318181));
#12332=CARTESIAN_POINT('',(0.1505,0.0130082026710928,0.0133756339473958));
#12333=CARTESIAN_POINT('',(0.1545,0.0130082026710928,0.0133756339473958));
#12334=CARTESIAN_POINT('',(0.1505,0.0130082026710928,0.013194688578551));
#12335=CARTESIAN_POINT('',(0.1545,0.0130082026710928,0.013194688578551));
#12336=CARTESIAN_POINT('',(0.1545,0.0127347591099654,0.0134661066318181));
#12337=CARTESIAN_POINT('',(0.1545,0.0130082026710928,0.0134661066318181));
#12338=CARTESIAN_POINT('',(0.1545,0.0130082026710928,0.013194688578551));
#12339=CARTESIAN_POINT('',(0.1545,0.0127347591099654,0.0134661066318181));
#12340=CARTESIAN_POINT('',(0.1505,0.0127347591099654,0.0134661066318181));
#12341=CARTESIAN_POINT('',(0.1505,0.0121838209719903,0.0134661066318181));
#12342=CARTESIAN_POINT('',(0.1545,0.0121838209719903,0.0134661066318181));
#12343=CARTESIAN_POINT('',(0.1545,0.0116328828340152,0.0134661066318181));
#12344=CARTESIAN_POINT('',(0.1505,0.0116328828340152,0.0134661066318181));
#12345=CARTESIAN_POINT('',(0.1505,0.0113614647807481,0.013194688578551));
#12346=CARTESIAN_POINT('',(0.1545,0.0113614647807481,0.013194688578551));
#12347=CARTESIAN_POINT('',(0.1505,0.0113614647807481,0.0133756339473958));
#12348=CARTESIAN_POINT('',(0.1545,0.0113614647807481,0.0133756339473958));
#12349=CARTESIAN_POINT('',(0.1505,0.0114519374651704,0.0134661066318181));
#12350=CARTESIAN_POINT('',(0.1545,0.0114519374651704,0.0134661066318181));
#12351=CARTESIAN_POINT('',(0.1505,0.0116328828340152,0.0134661066318181));
#12352=CARTESIAN_POINT('',(0.1545,0.0116328828340152,0.0134661066318181));
#12353=CARTESIAN_POINT('',(0.1545,0.0113614647807481,0.013194688578551));
#12354=CARTESIAN_POINT('',(0.1545,0.0113614647807481,0.0134661066318181));
#12355=CARTESIAN_POINT('',(0.1545,0.0116328828340152,0.0134661066318181));
#12356=CARTESIAN_POINT('',(0.1545,0.0113614647807481,0.013194688578551));
#12357=CARTESIAN_POINT('',(0.1505,0.0113614647807481,0.013194688578551));
#12358=CARTESIAN_POINT('',(0.1505,0.0113614647807481,0.00890972670029239));
#12359=CARTESIAN_POINT('',(0.1545,0.0113614647807481,0.00890972670029239));
#12360=CARTESIAN_POINT('',(0.1545,0.0113614647807481,0.00462476482203379));
#12361=CARTESIAN_POINT('',(0.1505,0.0113614647807481,0.00462476482203379));
#12362=CARTESIAN_POINT('',(0.1505,0.0116328828340152,0.00435334676876664));
#12363=CARTESIAN_POINT('',(0.1545,0.0116328828340152,0.00435334676876664));
#12364=CARTESIAN_POINT('',(0.1505,0.0114519374651704,0.00435334676876664));
#12365=CARTESIAN_POINT('',(0.1545,0.0114519374651704,0.00435334676876664));
#12366=CARTESIAN_POINT('',(0.1505,0.0113614647807481,0.00444381945318902));
#12367=CARTESIAN_POINT('',(0.1545,0.0113614647807481,0.00444381945318902));
#12368=CARTESIAN_POINT('',(0.1505,0.0113614647807481,0.00462476482203379));
#12369=CARTESIAN_POINT('',(0.1545,0.0113614647807481,0.00462476482203379));
#12370=CARTESIAN_POINT('',(0.1545,0.0116328828340152,0.00435334676876664));
#12371=CARTESIAN_POINT('',(0.1545,0.0113614647807481,0.00435334676876664));
#12372=CARTESIAN_POINT('',(0.1545,0.0113614647807481,0.00462476482203379));
#12373=CARTESIAN_POINT('',(0.1545,0.0116328828340152,0.00435334676876664));
#12374=CARTESIAN_POINT('',(0.1505,0.0116328828340152,0.00435334676876664));
#12375=CARTESIAN_POINT('',(0.1505,0.0121838209719903,0.00435334676876664));
#12376=CARTESIAN_POINT('',(0.1545,0.0121838209719903,0.00435334676876664));
#12377=CARTESIAN_POINT('',(0.1545,0.0127347591099654,0.00435334676876664));
#12378=CARTESIAN_POINT('',(0.1505,0.0127347591099654,0.00435334676876664));
#12379=CARTESIAN_POINT('',(0.1505,0.0130082026710928,0.00462476482203379));
#12380=CARTESIAN_POINT('',(0.1545,0.0130082026710928,0.00462476482203379));
#12381=CARTESIAN_POINT('',(0.1505,0.0130082026710928,0.00444381945318902));
#12382=CARTESIAN_POINT('',(0.1545,0.0130082026710928,0.00444381945318902));
#12383=CARTESIAN_POINT('',(0.1505,0.0129170548173837,0.00435334676876664));
#12384=CARTESIAN_POINT('',(0.1545,0.0129170548173837,0.00435334676876664));
#12385=CARTESIAN_POINT('',(0.1505,0.0127347591099654,0.00435334676876664));
#12386=CARTESIAN_POINT('',(0.1545,0.0127347591099654,0.00435334676876664));
#12387=CARTESIAN_POINT('',(0.1545,0.0130082026710928,0.00462476482203379));
#12388=CARTESIAN_POINT('',(0.1545,0.0130082026710928,0.00435334676876664));
#12389=CARTESIAN_POINT('',(0.1545,0.0127347591099654,0.00435334676876664));
#12390=CARTESIAN_POINT('',(0.1505,-0.0605298857014229,0.00435334676876664));
#12391=CARTESIAN_POINT('',(0.1545,-0.0605298857014229,0.00435334676876664));
#12392=CARTESIAN_POINT('',(0.1545,-0.0589742956647873,0.00435334676876664));
#12393=CARTESIAN_POINT('',(0.1545,-0.0620854757380585,0.00435334676876664));
#12394=CARTESIAN_POINT('',(0.1505,-0.0589742956647873,0.00435334676876664));
#12395=CARTESIAN_POINT('',(0.1505,-0.0620854757380585,0.00435334676876664));
#12396=CARTESIAN_POINT('',(0.1505,-0.057392374025969,0.00489820838316114));
#12397=CARTESIAN_POINT('',(0.1545,-0.057392374025969,0.00489820838316114));
#12398=CARTESIAN_POINT('',(0.1505,-0.0577637171336728,0.00453496730689814));
#12399=CARTESIAN_POINT('',(0.1545,-0.0577637171336728,0.00453496730689814));
#12400=CARTESIAN_POINT('',(0.1505,-0.0582910243466122,0.00435334676876664));
#12401=CARTESIAN_POINT('',(0.1545,-0.0582910243466122,0.00435334676876664));
#12402=CARTESIAN_POINT('',(0.1505,-0.0589742956647873,0.00435334676876664));
#12403=CARTESIAN_POINT('',(0.1545,-0.0589742956647873,0.00435334676876664));
#12404=CARTESIAN_POINT('',(0.1545,-0.057392374025969,0.00489820838316114));
#12405=CARTESIAN_POINT('',(0.1545,-0.0579493886875247,0.00435334676876664));
#12406=CARTESIAN_POINT('',(0.1545,-0.0589742956647873,0.00435334676876664));
#12407=CARTESIAN_POINT('',(0.1545,-0.057392374025969,0.00489820838316114));
#12408=CARTESIAN_POINT('',(0.1505,-0.057392374025969,0.00489820838316114));
#12409=CARTESIAN_POINT('',(0.1505,-0.0568353593644133,0.00646595146695795));
#12410=CARTESIAN_POINT('',(0.1545,-0.0568353593644133,0.00646595146695795));
#12411=CARTESIAN_POINT('',(0.1505,-0.0568353593644133,0.00578403048735641));
#12412=CARTESIAN_POINT('',(0.1545,-0.0568353593644133,0.00578403048735641));
#12413=CARTESIAN_POINT('',(0.1505,-0.0570210309182652,0.00526144945942414));
#12414=CARTESIAN_POINT('',(0.1545,-0.0570210309182652,0.00526144945942414));
#12415=CARTESIAN_POINT('',(0.1505,-0.057392374025969,0.00489820838316114));
#12416=CARTESIAN_POINT('',(0.1545,-0.057392374025969,0.00489820838316114));
#12417=CARTESIAN_POINT('',(0.1545,-0.0568353593644133,0.00646595146695795));
#12418=CARTESIAN_POINT('',(0.1545,-0.0568353593644133,0.00544306999755564));
#12419=CARTESIAN_POINT('',(0.1545,-0.057392374025969,0.00489820838316114));
#12420=CARTESIAN_POINT('',(0.1545,-0.0568353593644133,0.00646595146695795));
#12421=CARTESIAN_POINT('',(0.1505,-0.0568353593644133,0.00646595146695795));
#12422=CARTESIAN_POINT('',(0.1505,-0.0568353593644133,0.0076721413977086));
#12423=CARTESIAN_POINT('',(0.1545,-0.0568353593644133,0.0076721413977086));
#12424=CARTESIAN_POINT('',(0.1545,-0.0568353593644133,0.00887833132845925));
#12425=CARTESIAN_POINT('',(0.1505,-0.0568353593644133,0.00887833132845925));
#12426=CARTESIAN_POINT('',(0.1505,-0.057392374025969,0.0104460744122561));
#12427=CARTESIAN_POINT('',(0.1545,-0.057392374025969,0.0104460744122561));
#12428=CARTESIAN_POINT('',(0.1505,-0.0570210309182652,0.0100828333359931));
#12429=CARTESIAN_POINT('',(0.1545,-0.0570210309182652,0.0100828333359931));
#12430=CARTESIAN_POINT('',(0.1505,-0.0568353593644133,0.00956025230806079));
#12431=CARTESIAN_POINT('',(0.1545,-0.0568353593644133,0.00956025230806079));
#12432=CARTESIAN_POINT('',(0.1505,-0.0568353593644133,0.00887833132845925));
#12433=CARTESIAN_POINT('',(0.1545,-0.0568353593644133,0.00887833132845925));
#12434=CARTESIAN_POINT('',(0.1545,-0.057392374025969,0.0104460744122561));
#12435=CARTESIAN_POINT('',(0.1545,-0.0568353593644133,0.00990121279786156));
#12436=CARTESIAN_POINT('',(0.1545,-0.0568353593644133,0.00887833132845925));
#12437=CARTESIAN_POINT('',(0.1545,-0.057392374025969,0.0104460744122561));
#12438=CARTESIAN_POINT('',(0.1505,-0.057392374025969,0.0104460744122561));
#12439=CARTESIAN_POINT('',(0.1505,-0.0589742956647873,0.0109909360266506));
#12440=CARTESIAN_POINT('',(0.1545,-0.0589742956647873,0.0109909360266506));
#12441=CARTESIAN_POINT('',(0.1505,-0.0582910243466122,0.0109909360266506));
#12442=CARTESIAN_POINT('',(0.1545,-0.0582910243466122,0.0109909360266506));
#12443=CARTESIAN_POINT('',(0.1505,-0.0577637171336728,0.0108093154885191));
#12444=CARTESIAN_POINT('',(0.1545,-0.0577637171336728,0.0108093154885191));
#12445=CARTESIAN_POINT('',(0.1505,-0.057392374025969,0.0104460744122561));
#12446=CARTESIAN_POINT('',(0.1545,-0.057392374025969,0.0104460744122561));
#12447=CARTESIAN_POINT('',(0.1545,-0.0589742956647873,0.0109909360266506));
#12448=CARTESIAN_POINT('',(0.1545,-0.0579493886875247,0.0109909360266506));
#12449=CARTESIAN_POINT('',(0.1545,-0.057392374025969,0.0104460744122561));
#12450=CARTESIAN_POINT('',(0.1545,-0.0589742956647873,0.0109909360266506));
#12451=CARTESIAN_POINT('',(0.1505,-0.0589742956647873,0.0109909360266506));
#12452=CARTESIAN_POINT('',(0.1505,-0.0591808974665279,0.0109909360266506));
#12453=CARTESIAN_POINT('',(0.1545,-0.0591808974665279,0.0109909360266506));
#12454=CARTESIAN_POINT('',(0.1545,-0.0593874993417703,0.0109909073527572));
#12455=CARTESIAN_POINT('',(0.1505,-0.0593874992682686,0.0109909360266506));
#12456=CARTESIAN_POINT('',(0.1505,-0.0593918270752384,0.00930260615540501));
#12457=CARTESIAN_POINT('',(0.1545,-0.0593918270752384,0.00930260615540501));
#12458=CARTESIAN_POINT('',(0.1545,-0.0601531412394252,0.0108096530731624));
#12459=CARTESIAN_POINT('',(0.1505,-0.0601531412394252,0.0108096530731624));
#12460=CARTESIAN_POINT('',(0.1505,-0.0606595182044758,0.0102779572598592));
#12461=CARTESIAN_POINT('',(0.1545,-0.0606595182044758,0.0102779572598592));
#12462=CARTESIAN_POINT('',(0.1505,-0.0605636441657595,0.0105115658330693));
#12463=CARTESIAN_POINT('',(0.1545,-0.0605636441657595,0.0105115658330693));
#12464=CARTESIAN_POINT('',(0.1505,-0.060394851844076,0.010688797770837));
#12465=CARTESIAN_POINT('',(0.1545,-0.060394851844076,0.010688797770837));
#12466=CARTESIAN_POINT('',(0.1505,-0.0601531412394252,0.0108096530731624));
#12467=CARTESIAN_POINT('',(0.1545,-0.0601531412394252,0.0108096530731624));
#12468=CARTESIAN_POINT('',(0.1545,-0.0606595182044758,0.0102779572598592));
#12469=CARTESIAN_POINT('',(0.1545,-0.0605157071464014,0.0106283701196743));
#12470=CARTESIAN_POINT('',(0.1545,-0.0601531412394252,0.0108096530731624));
#12471=CARTESIAN_POINT('',(0.1545,-0.0606595182044758,0.0102779572598592));
#12472=CARTESIAN_POINT('',(0.1505,-0.0606595182044758,0.0102779572598592));
#12473=CARTESIAN_POINT('',(0.1505,-0.0606848370527284,0.0102779572598592));
#12474=CARTESIAN_POINT('',(0.1545,-0.0606848370527284,0.0102779572598592));
#12475=CARTESIAN_POINT('',(0.1545,-0.0607101559009809,0.0102779572598592));
#12476=CARTESIAN_POINT('',(0.1505,-0.0607101559009809,0.0102779572598592));
#12477=CARTESIAN_POINT('',(0.1505,-0.0607101559009809,0.0117363229192051));
#12478=CARTESIAN_POINT('',(0.1545,-0.0607101559009809,0.0117363229192051));
#12479=CARTESIAN_POINT('',(0.1545,-0.0607101559009809,0.013194688578551));
#12480=CARTESIAN_POINT('',(0.1505,-0.0607101559009809,0.013194688578551));
#12481=CARTESIAN_POINT('',(0.1505,-0.0609835994621082,0.0134661066318181));
#12482=CARTESIAN_POINT('',(0.1545,-0.0609835994621082,0.0134661066318181));
#12483=CARTESIAN_POINT('',(0.1505,-0.06080130375469,0.0134661066318181));
#12484=CARTESIAN_POINT('',(0.1545,-0.06080130375469,0.0134661066318181));
#12485=CARTESIAN_POINT('',(0.1505,-0.0607101559009809,0.0133756339473958));
#12486=CARTESIAN_POINT('',(0.1545,-0.0607101559009809,0.0133756339473958));
#12487=CARTESIAN_POINT('',(0.1505,-0.0607101559009809,0.013194688578551));
#12488=CARTESIAN_POINT('',(0.1545,-0.0607101559009809,0.013194688578551));
#12489=CARTESIAN_POINT('',(0.1545,-0.0609835994621082,0.0134661066318181));
#12490=CARTESIAN_POINT('',(0.1545,-0.0607101559009809,0.0134661066318181));
#12491=CARTESIAN_POINT('',(0.1545,-0.0607101559009809,0.013194688578551));
#12492=CARTESIAN_POINT('',(0.1545,-0.0609835994621082,0.0134661066318181));
#12493=CARTESIAN_POINT('',(0.1505,-0.0609835994621082,0.0134661066318181));
#12494=CARTESIAN_POINT('',(0.1505,-0.0615345376000833,0.0134661066318181));
#12495=CARTESIAN_POINT('',(0.1545,-0.0615345376000833,0.0134661066318181));
#12496=CARTESIAN_POINT('',(0.1545,-0.0620854757380585,0.0134661066318181));
#12497=CARTESIAN_POINT('',(0.1505,-0.0620854757380585,0.0134661066318181));
#12498=CARTESIAN_POINT('',(0.1505,-0.0623568937913256,0.013194688578551));
#12499=CARTESIAN_POINT('',(0.1545,-0.0623568937913256,0.013194688578551));
#12500=CARTESIAN_POINT('',(0.1505,-0.0623568937913256,0.0133756339473958));
#12501=CARTESIAN_POINT('',(0.1545,-0.0623568937913256,0.0133756339473958));
#12502=CARTESIAN_POINT('',(0.1505,-0.0622664211069032,0.0134661066318181));
#12503=CARTESIAN_POINT('',(0.1545,-0.0622664211069032,0.0134661066318181));
#12504=CARTESIAN_POINT('',(0.1505,-0.0620854757380585,0.0134661066318181));
#12505=CARTESIAN_POINT('',(0.1545,-0.0620854757380585,0.0134661066318181));
#12506=CARTESIAN_POINT('',(0.1545,-0.0623568937913256,0.013194688578551));
#12507=CARTESIAN_POINT('',(0.1545,-0.0623568937913256,0.0134661066318181));
#12508=CARTESIAN_POINT('',(0.1545,-0.0620854757380585,0.0134661066318181));
#12509=CARTESIAN_POINT('',(0.1545,-0.0623568937913256,0.013194688578551));
#12510=CARTESIAN_POINT('',(0.1505,-0.0623568937913256,0.013194688578551));
#12511=CARTESIAN_POINT('',(0.1505,-0.0623568937913256,0.00890972670029239));
#12512=CARTESIAN_POINT('',(0.1545,-0.0623568937913256,0.00890972670029239));
#12513=CARTESIAN_POINT('',(0.1545,-0.0623568937913256,0.00462476482203379));
#12514=CARTESIAN_POINT('',(0.1505,-0.0623568937913256,0.00462476482203379));
#12515=CARTESIAN_POINT('',(0.1505,-0.0620854757380585,0.00435334676876664));
#12516=CARTESIAN_POINT('',(0.1545,-0.0620854757380585,0.00435334676876664));
#12517=CARTESIAN_POINT('',(0.1505,-0.0622664211069032,0.00435334676876664));
#12518=CARTESIAN_POINT('',(0.1545,-0.0622664211069032,0.00435334676876664));
#12519=CARTESIAN_POINT('',(0.1505,-0.0623568937913256,0.00444381945318902));
#12520=CARTESIAN_POINT('',(0.1545,-0.0623568937913256,0.00444381945318902));
#12521=CARTESIAN_POINT('',(0.1505,-0.0623568937913256,0.00462476482203379));
#12522=CARTESIAN_POINT('',(0.1545,-0.0623568937913256,0.00462476482203379));
#12523=CARTESIAN_POINT('',(0.1545,-0.0620854757380585,0.00435334676876664));
#12524=CARTESIAN_POINT('',(0.1545,-0.0623568937913256,0.00435334676876664));
#12525=CARTESIAN_POINT('',(0.1545,-0.0623568937913256,0.00462476482203379));
#12526=CARTESIAN_POINT('',(0.1505,-0.0171678134302056,0.00646595146695795));
#12527=CARTESIAN_POINT('',(0.1545,-0.0171678134302056,0.00646595146695795));
#12528=CARTESIAN_POINT('',(0.1505,-0.0171678134302056,0.00579213251879722));
#12529=CARTESIAN_POINT('',(0.1545,-0.0171678134302056,0.00579213251879722));
#12530=CARTESIAN_POINT('',(0.1505,-0.017355848076561,0.00527157699872516));
#12531=CARTESIAN_POINT('',(0.1545,-0.017355848076561,0.00527157699872516));
#12532=CARTESIAN_POINT('',(0.1505,-0.017731917369272,0.00490428490674175));
#12533=CARTESIAN_POINT('',(0.1545,-0.017731917369272,0.00490428490674175));
#12534=CARTESIAN_POINT('',(0.1545,-0.0171678134302056,0.00646595146695795));
#12535=CARTESIAN_POINT('',(0.1545,-0.0171678134302056,0.00545522304471686));
#12536=CARTESIAN_POINT('',(0.1545,-0.017731917369272,0.00490428490674175));
#12537=CARTESIAN_POINT('',(0.1545,-0.0171678134302056,0.00646595146695795));
#12538=CARTESIAN_POINT('',(0.1545,-0.017731917369272,0.00490428490674175));
#12539=CARTESIAN_POINT('',(0.1505,-0.0171678134302056,0.00646595146695795));
#12540=CARTESIAN_POINT('',(0.1505,-0.017731917369272,0.00490428490674175));
#12541=CARTESIAN_POINT('',(0.1505,-0.0171678134302056,0.00765897559661729));
#12542=CARTESIAN_POINT('',(0.1545,-0.0171678134302056,0.00765897559661729));
#12543=CARTESIAN_POINT('',(0.1545,-0.0171678134302056,0.00885199972627662));
#12544=CARTESIAN_POINT('',(0.1505,-0.0171678134302056,0.00885199972627662));
#12545=CARTESIAN_POINT('',(0.1505,-0.017731917369272,0.0104136662864928));
#12546=CARTESIAN_POINT('',(0.1545,-0.017731917369272,0.0104136662864928));
#12547=CARTESIAN_POINT('',(0.1505,-0.017355848076561,0.0100463741945094));
#12548=CARTESIAN_POINT('',(0.1545,-0.017355848076561,0.0100463741945094));
#12549=CARTESIAN_POINT('',(0.1505,-0.0171678134302056,0.00952581867443735));
#12550=CARTESIAN_POINT('',(0.1545,-0.0171678134302056,0.00952581867443735));
#12551=CARTESIAN_POINT('',(0.1505,-0.0171678134302056,0.00885199972627662));
#12552=CARTESIAN_POINT('',(0.1545,-0.0171678134302056,0.00885199972627662));
#12553=CARTESIAN_POINT('',(0.1545,-0.017731917369272,0.0104136662864928));
#12554=CARTESIAN_POINT('',(0.1545,-0.0171678134302056,0.00986272814851772));
#12555=CARTESIAN_POINT('',(0.1545,-0.0171678134302056,0.00885199972627662));
#12556=CARTESIAN_POINT('',(0.1545,-0.017731917369272,0.0104136662864928));
#12557=CARTESIAN_POINT('',(0.1505,-0.017731917369272,0.0104136662864928));
#12558=CARTESIAN_POINT('',(0.1505,-0.0193067497305795,0.0109646044244679));
#12559=CARTESIAN_POINT('',(0.1545,-0.0193067497305795,0.0109646044244679));
#12560=CARTESIAN_POINT('',(0.1505,-0.0186329307824188,0.0109646044244679));
#12561=CARTESIAN_POINT('',(0.1545,-0.0186329307824188,0.0109646044244679));
#12562=CARTESIAN_POINT('',(0.1505,-0.0181079866619829,0.0107809583784762));
#12563=CARTESIAN_POINT('',(0.1545,-0.0181079866619829,0.0107809583784762));
#12564=CARTESIAN_POINT('',(0.1505,-0.017731917369272,0.0104136662864928));
#12565=CARTESIAN_POINT('',(0.1545,-0.017731917369272,0.0104136662864928));
#12566=CARTESIAN_POINT('',(0.1545,-0.0193067497305795,0.0109646044244679));
#12567=CARTESIAN_POINT('',(0.1545,-0.0182960213083384,0.0109646044244679));
#12568=CARTESIAN_POINT('',(0.1545,-0.017731917369272,0.0104136662864928));
#12569=CARTESIAN_POINT('',(0.1545,-0.0193067497305795,0.0109646044244679));
#12570=CARTESIAN_POINT('',(0.1505,-0.0193067497305795,0.0109646044244679));
#12571=CARTESIAN_POINT('',(0.1505,-0.0198840194707373,0.0109646044244679));
#12572=CARTESIAN_POINT('',(0.1545,-0.0198840194707373,0.0109646044244679));
#12573=CARTESIAN_POINT('',(0.1545,-0.020461289210895,0.0109646044244679));
#12574=CARTESIAN_POINT('',(0.1505,-0.020461289210895,0.0109646044244679));
#12575=CARTESIAN_POINT('',(0.1505,-0.0220432108497133,0.0104197428100734));
#12576=CARTESIAN_POINT('',(0.1545,-0.0220432108497133,0.0104197428100734));
#12577=CARTESIAN_POINT('',(0.1505,-0.0216718677420094,0.0107829838863364));
#12578=CARTESIAN_POINT('',(0.1545,-0.0216718677420094,0.0107829838863364));
#12579=CARTESIAN_POINT('',(0.1505,-0.02114456052907,0.0109646044244679));
#12580=CARTESIAN_POINT('',(0.1545,-0.02114456052907,0.0109646044244679));
#12581=CARTESIAN_POINT('',(0.1505,-0.020461289210895,0.0109646044244679));
#12582=CARTESIAN_POINT('',(0.1545,-0.020461289210895,0.0109646044244679));
#12583=CARTESIAN_POINT('',(0.1545,-0.0220432108497133,0.0104197428100734));
#12584=CARTESIAN_POINT('',(0.1545,-0.0214861961881575,0.0109646044244679));
#12585=CARTESIAN_POINT('',(0.1545,-0.020461289210895,0.0109646044244679));
#12586=CARTESIAN_POINT('',(0.1545,-0.0220432108497133,0.0104197428100734));
#12587=CARTESIAN_POINT('',(0.1505,-0.0220432108497133,0.0104197428100734));
#12588=CARTESIAN_POINT('',(0.1505,-0.022600225511269,0.00885199972627662));
#12589=CARTESIAN_POINT('',(0.1545,-0.022600225511269,0.00885199972627662));
#12590=CARTESIAN_POINT('',(0.1505,-0.022600225511269,0.00953392070587816));
#12591=CARTESIAN_POINT('',(0.1545,-0.022600225511269,0.00953392070587816));
#12592=CARTESIAN_POINT('',(0.1505,-0.0224145539574171,0.0100565017338104));
#12593=CARTESIAN_POINT('',(0.1545,-0.0224145539574171,0.0100565017338104));
#12594=CARTESIAN_POINT('',(0.1505,-0.0220432108497133,0.0104197428100734));
#12595=CARTESIAN_POINT('',(0.1545,-0.0220432108497133,0.0104197428100734));
#12596=CARTESIAN_POINT('',(0.1545,-0.022600225511269,0.00885199972627662));
#12597=CARTESIAN_POINT('',(0.1545,-0.022600225511269,0.00987488119567893));
#12598=CARTESIAN_POINT('',(0.1545,-0.0220432108497133,0.0104197428100734));
#12599=CARTESIAN_POINT('',(0.1545,-0.022600225511269,0.00885199972627662));
#12600=CARTESIAN_POINT('',(0.1505,-0.022600225511269,0.00885199972627662));
#12601=CARTESIAN_POINT('',(0.1505,-0.022600225511269,0.00765897559661729));
#12602=CARTESIAN_POINT('',(0.1545,-0.022600225511269,0.00765897559661729));
#12603=CARTESIAN_POINT('',(0.1545,-0.022600225511269,0.00646595146695795));
#12604=CARTESIAN_POINT('',(0.1505,-0.022600225511269,0.00646595146695795));
#12605=CARTESIAN_POINT('',(0.1505,-0.0220432108497133,0.00489820838316114));
#12606=CARTESIAN_POINT('',(0.1545,-0.0220432108497133,0.00489820838316114));
#12607=CARTESIAN_POINT('',(0.1505,-0.0224145539574171,0.00526144945942414));
#12608=CARTESIAN_POINT('',(0.1545,-0.0224145539574171,0.00526144945942414));
#12609=CARTESIAN_POINT('',(0.1505,-0.022600225511269,0.00578403048735641));
#12610=CARTESIAN_POINT('',(0.1545,-0.022600225511269,0.00578403048735641));
#12611=CARTESIAN_POINT('',(0.1505,-0.022600225511269,0.00646595146695795));
#12612=CARTESIAN_POINT('',(0.1545,-0.022600225511269,0.00646595146695795));
#12613=CARTESIAN_POINT('',(0.1545,-0.0220432108497133,0.00489820838316114));
#12614=CARTESIAN_POINT('',(0.1545,-0.022600225511269,0.00544306999755564));
#12615=CARTESIAN_POINT('',(0.1545,-0.022600225511269,0.00646595146695795));
#12616=CARTESIAN_POINT('',(0.1545,-0.0220432108497133,0.00489820838316114));
#12617=CARTESIAN_POINT('',(0.1505,-0.0220432108497133,0.00489820838316114));
#12618=CARTESIAN_POINT('',(0.1505,-0.020461289210895,0.00435334676876664));
#12619=CARTESIAN_POINT('',(0.1545,-0.020461289210895,0.00435334676876664));
#12620=CARTESIAN_POINT('',(0.1505,-0.02114456052907,0.00435334676876664));
#12621=CARTESIAN_POINT('',(0.1545,-0.02114456052907,0.00435334676876664));
#12622=CARTESIAN_POINT('',(0.1505,-0.0216718677420094,0.00453496730689814));
#12623=CARTESIAN_POINT('',(0.1545,-0.0216718677420094,0.00453496730689814));
#12624=CARTESIAN_POINT('',(0.1505,-0.0220432108497133,0.00489820838316114));
#12625=CARTESIAN_POINT('',(0.1545,-0.0220432108497133,0.00489820838316114));
#12626=CARTESIAN_POINT('',(0.1545,-0.020461289210895,0.00435334676876664));
#12627=CARTESIAN_POINT('',(0.1545,-0.0214861961881575,0.00435334676876664));
#12628=CARTESIAN_POINT('',(0.1545,-0.0220432108497133,0.00489820838316114));
#12629=CARTESIAN_POINT('',(0.1545,-0.020461289210895,0.00435334676876664));
#12630=CARTESIAN_POINT('',(0.1505,-0.020461289210895,0.00435334676876664));
#12631=CARTESIAN_POINT('',(0.1505,-0.0198840194707373,0.00435334676876664));
#12632=CARTESIAN_POINT('',(0.1545,-0.0198840194707373,0.00435334676876664));
#12633=CARTESIAN_POINT('',(0.1545,-0.0193067497305795,0.00435334676876664));
#12634=CARTESIAN_POINT('',(0.1505,-0.0193067497305795,0.00435334676876664));
#12635=CARTESIAN_POINT('',(0.1505,-0.017731917369272,0.00490428490674175));
#12636=CARTESIAN_POINT('',(0.1545,-0.017731917369272,0.00490428490674175));
#12637=CARTESIAN_POINT('',(0.1505,-0.0181079866619829,0.00453699281475834));
#12638=CARTESIAN_POINT('',(0.1545,-0.0181079866619829,0.00453699281475834));
#12639=CARTESIAN_POINT('',(0.1505,-0.0186329307824188,0.00435334676876664));
#12640=CARTESIAN_POINT('',(0.1545,-0.0186329307824188,0.00435334676876664));
#12641=CARTESIAN_POINT('',(0.1505,-0.0193067497305795,0.00435334676876664));
#12642=CARTESIAN_POINT('',(0.1545,-0.0193067497305795,0.00435334676876664));
#12643=CARTESIAN_POINT('',(0.1545,-0.017731917369272,0.00490428490674175));
#12644=CARTESIAN_POINT('',(0.1545,-0.0182960213083384,0.00435334676876664));
#12645=CARTESIAN_POINT('',(0.1545,-0.0193067497305795,0.00435334676876664));
#12646=CARTESIAN_POINT('',(0.1545,0.,0.018));
#12647=CARTESIAN_POINT('',(0.1545,0.,0.));
#12648=CARTESIAN_POINT('',(0.1545,0.0665,0.));
#12649=CARTESIAN_POINT('',(0.1545,-0.0665,0.));
#12650=CARTESIAN_POINT('',(0.1545,0.0665,0.018));
#12651=CARTESIAN_POINT('',(0.1545,0.0665,0.018));
#12652=CARTESIAN_POINT('',(0.1545,0.,0.018));
#12653=CARTESIAN_POINT('',(0.1545,-0.0665,0.018));
#12654=CARTESIAN_POINT('',(0.1545,-0.0665,0.018));
#12655=CARTESIAN_POINT('',(0.1495,0.0665,0.018));
#12656=CARTESIAN_POINT('',(0.1495,0.0665,0.018));
#12657=CARTESIAN_POINT('',(0.1495,0.0715,0.018));
#12658=CARTESIAN_POINT('',(0.1495,0.0665,0.));
#12659=CARTESIAN_POINT('',(0.1495,0.0715,0.));
#12660=CARTESIAN_POINT('',(0.1495,0.0715,0.));
#12661=CARTESIAN_POINT('',(0.1495,-0.0665,0.018));
#12662=CARTESIAN_POINT('',(0.1495,-0.0665,0.018));
#12663=CARTESIAN_POINT('',(0.1495,-0.0715,0.018));
#12664=CARTESIAN_POINT('',(0.1495,-0.0715,0.018));
#12665=CARTESIAN_POINT('',(0.1495,-0.0715,0.));
#12666=CARTESIAN_POINT('',(0.1495,-0.0665,0.));
#12667=CARTESIAN_POINT('',(0.1445,-1.38777878078145E-17,0.018));
#12668=CARTESIAN_POINT('',(0.1445,-1.38777878078145E-17,0.016));
#12669=CARTESIAN_POINT('',(0.1445,0.0615,0.016));
#12670=CARTESIAN_POINT('',(0.1445,0.038255,0.016));
#12671=CARTESIAN_POINT('',(0.1445,0.0615,0.018));
#12672=CARTESIAN_POINT('',(0.1445,0.0615,0.002));
#12673=CARTESIAN_POINT('',(0.1445,-1.38777878078145E-17,0.002));
#12674=CARTESIAN_POINT('',(0.1445,-0.0615,0.002));
#12675=CARTESIAN_POINT('',(0.1445,-0.0615,0.018));
#12676=CARTESIAN_POINT('',(0.1445,-0.0615,0.018));
#12677=CARTESIAN_POINT('',(0.1445,-1.38777878078145E-17,0.018));
#12678=CARTESIAN_POINT('',(0.1445,0.038255,0.018));
#12679=CARTESIAN_POINT('',(0.1445,0.038255,0.018));
#12680=CARTESIAN_POINT('',(0.,1.38777878078145E-17,0.016));
#12681=CARTESIAN_POINT('',(0.,0.038255,0.016));
#12682=CARTESIAN_POINT('',(0.,0.038255,0.016));
#12683=CARTESIAN_POINT('',(0.,1.38777878078145E-17,0.016));
#12684=CARTESIAN_POINT('',(0.,0.0615,0.016));
#12685=CARTESIAN_POINT('',(-2.77555756156289E-17,0.0615,0.016));
#12686=CARTESIAN_POINT('',(0.,0.038255,0.018));
#12687=CARTESIAN_POINT('',(0.,0.038255,0.018));
#12688=CARTESIAN_POINT('',(0.,0.038255,0.018));
#12689=CARTESIAN_POINT('',(0.,0.038255,0.018));
#12690=CARTESIAN_POINT('',(0.,0.,0.002));
#12691=CARTESIAN_POINT('',(0.,0.,0.002));
#12692=CARTESIAN_POINT('',(0.,-0.0615,0.002));
#12693=CARTESIAN_POINT('',(0.,0.0615,0.002));
#12694=CARTESIAN_POINT('',(0.,-0.0615,0.002));
#12695=CARTESIAN_POINT('',(-2.77555756156289E-17,0.0615,0.002));
#12696=CARTESIAN_POINT('',(0.,-0.0615,0.018));
#12697=CARTESIAN_POINT('',(0.,-0.0615,0.018));
#12698=CARTESIAN_POINT('',(0.,-0.0615,0.018));
#12699=CARTESIAN_POINT('',(0.,-0.0615,0.018));
#12700=CARTESIAN_POINT('',(-2.77555756156289E-17,0.0615,0.018));
#12701=CARTESIAN_POINT('',(0.,0.0615,0.018));
#12702=CARTESIAN_POINT('',(2.77555756156289E-17,0.0715,0.018));
#12703=CARTESIAN_POINT('',(2.77555756156289E-17,0.0715,0.));
#12704=CARTESIAN_POINT('',(0.,0.0715,0.));
#12705=CARTESIAN_POINT('',(0.,0.0715,0.018));
#12706=CARTESIAN_POINT('',(0.,0.0715,0.018));
#12707=CARTESIAN_POINT('',(2.77555756156289E-17,0.0715,0.018));
#12708=CARTESIAN_POINT('',(0.,-0.0715,0.018));
#12709=CARTESIAN_POINT('',(0.,-0.0715,0.018));
#12710=CARTESIAN_POINT('',(0.,-0.0715,0.));
#12711=CARTESIAN_POINT('',(0.,-0.0715,0.018));
#12712=CARTESIAN_POINT('',(0.,-0.0715,0.));
#12713=CARTESIAN_POINT('',(0.,-0.0715,0.018));
#12714=CARTESIAN_POINT('',(0.,0.,0.));
#12715=CARTESIAN_POINT('',(0.,0.,0.));
#12716=CARTESIAN_POINT('',(0.,0.,0.018));
#12717=CARTESIAN_POINT('',(0.,0.,0.018));
#12718=CARTESIAN_POINT('',(0.,0.,0.018));
#12719=CARTESIAN_POINT('',(0.,0.,0.));
#12720=MECHANICAL_DESIGN_GEOMETRIC_PRESENTATION_REPRESENTATION('',(#7179),
#12721);
#12721=(
GEOMETRIC_REPRESENTATION_CONTEXT(3)
GLOBAL_UNCERTAINTY_ASSIGNED_CONTEXT((#12722))
GLOBAL_UNIT_ASSIGNED_CONTEXT((#12725,#12724,#12723))
REPRESENTATION_CONTEXT('Part 1','TOP_LEVEL_ASSEMBLY_PART')
);
#12722=UNCERTAINTY_MEASURE_WITH_UNIT(LENGTH_MEASURE(2.E-5),#12725,
'DISTANCE_ACCURACY_VALUE','Maximum Tolerance applied to model');
#12723=(
NAMED_UNIT(*)
SI_UNIT($,.STERADIAN.)
SOLID_ANGLE_UNIT()
);
#12724=(
NAMED_UNIT(*)
PLANE_ANGLE_UNIT()
SI_UNIT($,.RADIAN.)
);
#12725=(
LENGTH_UNIT()
NAMED_UNIT(*)
SI_UNIT($,.METRE.)
);
#12726=PRODUCT_DEFINITION_SHAPE('','',#12727);
#12727=PRODUCT_DEFINITION('','',#12729,#12728);
#12728=PRODUCT_DEFINITION_CONTEXT('',#12735,'design');
#12729=PRODUCT_DEFINITION_FORMATION_WITH_SPECIFIED_SOURCE('','',#12731,
 .NOT_KNOWN.);
#12730=PRODUCT_RELATED_PRODUCT_CATEGORY('','',(#12731));
#12731=PRODUCT('Part 1','Part 1','Part 1',(#12733));
#12732=PRODUCT_CATEGORY('','');
#12733=PRODUCT_CONTEXT('',#12735,'mechanical');
#12734=APPLICATION_PROTOCOL_DEFINITION('international standard',
'ap242_managed_model_based_3d_engineering',2011,#12735);
#12735=APPLICATION_CONTEXT('managed model based 3d engineering');
ENDSEC;
END-ISO-10303-21;
